-- phpMyAdmin SQL Dump
-- version 4.5.0.2
-- http://www.phpmyadmin.net
--
-- Host: 127.0.0.1
-- Generation Time: Nov 23, 2015 at 09:00 AM
-- Server version: 10.0.17-MariaDB
-- PHP Version: 5.6.14

SET SQL_MODE = "NO_AUTO_VALUE_ON_ZERO";
SET time_zone = "+00:00";


/*!40101 SET @OLD_CHARACTER_SET_CLIENT=@@CHARACTER_SET_CLIENT */;
/*!40101 SET @OLD_CHARACTER_SET_RESULTS=@@CHARACTER_SET_RESULTS */;
/*!40101 SET @OLD_COLLATION_CONNECTION=@@COLLATION_CONNECTION */;
/*!40101 SET NAMES utf8mb4 */;

--
-- Database: `designpatternrepo`
--

-- --------------------------------------------------------

--
-- Table structure for table `classnames`
--

CREATE TABLE `classnames` (
  `patternInstanceID` int(100) NOT NULL,
  `roleName` varchar(100) NOT NULL COMMENT 'Element Name',
  `className` varchar(100) NOT NULL
) ENGINE=InnoDB DEFAULT CHARSET=latin1;

--
-- Dumping data for table `classnames`
--

INSERT INTO `classnames` (`patternInstanceID`, `roleName`, `className`) VALUES
(3, 'dsff', 'dgdfg'),
(5, 'Component', 'Entity'),
(5, 'Composite', 'Box'),
(5, 'Component', 'Entity'),
(5, 'Composite', 'Box'),
(5, 'Component', 'Entity'),
(5, 'Composite', 'Box'),
(5, 'Component', 'Component'),
(5, 'Composite', 'Composite'),
(10, 'ConcreteElement', 'Composite'),
(10, 'Visitor', 'Visitor'),
(10, 'ConcreteElement', 'Leaf'),
(10, 'Visitor', 'Visitor'),
(4, 'Adaptee/Receiver', 'Fan'),
(4, 'Adapter/ConcreteCommand', 'FanOffCommand'),
(4, 'Adaptee/Receiver', 'Fan'),
(4, 'Adapter/ConcreteCommand', 'FanOnCommand'),
(4, 'Adaptee/Receiver', 'Light'),
(4, 'Adapter/ConcreteCommand', 'LightOffCommand'),
(4, 'Adaptee/Receiver', 'Light'),
(4, 'Adapter/ConcreteCommand', 'LightOnCommand'),
(8, 'Context', 'StrategyDemo'),
(8, 'State/Strategy', 'Strategy'),
(9, 'AbstractClass', 'TemplateMethod1'),
(9, 'AbstractClass', 'TemplateMethod2'),
(1, 'Creator', 'Creator'),
(2, 'Client', 'PrototypesModule'),
(2, 'Prototype', 'Prototype'),
(3, 'Singleton', 'ClassicSingleton'),
(3, 'uniqueInstance', 'private static ClassicSingleton instance'),
(4, 'Adaptee/Receiver', 'Fan'),
(4, 'Adapter/ConcreteCommand', 'FanOffCommand'),
(4, 'Adaptee/Receiver', 'Fan'),
(4, 'Adapter/ConcreteCommand', 'FanOnCommand'),
(4, 'Adaptee/Receiver', 'Light'),
(4, 'Adapter/ConcreteCommand', 'LightOffCommand'),
(4, 'Adaptee/Receiver', 'Light'),
(4, 'Adapter/ConcreteCommand', 'LightOnCommand'),
(5, 'Component', 'Entity'),
(5, 'Composite', 'Box'),
(5, 'Component', 'Component'),
(5, 'Composite', 'Composite'),
(6, 'Component', 'Widget'),
(6, 'Decorator', 'Decorator'),
(6, 'component', 'private Widget wid'),
(7, 'Observer', 'Prototype'),
(7, 'Subject', 'PrototypesModule'),
(7, 'Observer', 'AlarmListener'),
(7, 'Subject', 'SensorSystem'),
(8, 'Context', 'Switch'),
(8, 'State/Strategy', 'Command'),
(8, 'Context', 'FSM'),
(8, 'State/Strategy', 'State'),
(8, 'Context', 'PrototypesModule'),
(8, 'State/Strategy', 'Prototype'),
(8, 'Context', 'StrategyDemo'),
(8, 'State/Strategy', 'Strategy'),
(9, 'AbstractClass', 'Creator'),
(9, 'AbstractClass', 'TemplateMethod1'),
(9, 'AbstractClass', 'TemplateMethod2'),
(9, 'AbstractClass', 'Generalization'),
(9, 'AbstractClass', 'Specialization'),
(10, 'ConcreteElement', 'Composite'),
(10, 'Visitor', 'Visitor'),
(10, 'ConcreteElement', 'Leaf'),
(10, 'Visitor', 'Visitor'),
(11, 'Proxy', 'ProxyImage'),
(11, 'RealSubject', 'RealImage'),
(4, 'Adaptee/Receiver', 'Fan'),
(4, 'Adapter/ConcreteCommand', 'FanOffCommand'),
(4, 'Adaptee/Receiver', 'Fan'),
(4, 'Adapter/ConcreteCommand', 'FanOnCommand'),
(4, 'Adaptee/Receiver', 'Light'),
(4, 'Adapter/ConcreteCommand', 'LightOffCommand'),
(4, 'Adaptee/Receiver', 'Light'),
(4, 'Adapter/ConcreteCommand', 'LightOnCommand'),
(8, 'Context', 'Switch'),
(8, 'State/Strategy', 'Command'),
(4, 'Adaptee/Receiver', 'Fan'),
(4, 'Adapter/ConcreteCommand', 'FanOffCommand'),
(4, 'Adaptee/Receiver', 'Fan'),
(4, 'Adapter/ConcreteCommand', 'FanOnCommand'),
(4, 'Adaptee/Receiver', 'Light'),
(4, 'Adapter/ConcreteCommand', 'LightOffCommand'),
(4, 'Adaptee/Receiver', 'Light'),
(4, 'Adapter/ConcreteCommand', 'LightOnCommand'),
(8, 'Context', 'Switch'),
(8, 'State/Strategy', 'Command'),
(4, 'Adaptee/Receiver', 'Fan'),
(4, 'Adapter/ConcreteCommand', 'FanOffCommand'),
(4, 'Adaptee/Receiver', 'Fan'),
(4, 'Adapter/ConcreteCommand', 'FanOnCommand'),
(4, 'Adaptee/Receiver', 'Light'),
(4, 'Adapter/ConcreteCommand', 'LightOffCommand'),
(4, 'Adaptee/Receiver', 'Light'),
(4, 'Adapter/ConcreteCommand', 'LightOnCommand'),
(8, 'Context', 'Switch'),
(8, 'State/Strategy', 'Command'),
(4, 'Adaptee/Receiver', 'Fan'),
(4, 'Adapter/ConcreteCommand', 'FanOffCommand'),
(4, 'Adaptee/Receiver', 'Fan'),
(4, 'Adapter/ConcreteCommand', 'FanOnCommand'),
(4, 'Adaptee/Receiver', 'Light'),
(4, 'Adapter/ConcreteCommand', 'LightOffCommand'),
(4, 'Adaptee/Receiver', 'Light'),
(4, 'Adapter/ConcreteCommand', 'LightOnCommand'),
(8, 'Context', 'Switch'),
(8, 'State/Strategy', 'Command'),
(1, 'Creator', 'Creator'),
(2, 'Client', 'PrototypesModule'),
(2, 'Prototype', 'Prototype'),
(3, 'Singleton', 'ClassicSingleton'),
(3, 'uniqueInstance', 'private static ClassicSingleton instance'),
(4, 'Adaptee/Receiver', 'Fan'),
(4, 'Adapter/ConcreteCommand', 'FanOffCommand'),
(4, 'Adaptee/Receiver', 'Fan'),
(4, 'Adapter/ConcreteCommand', 'FanOnCommand'),
(4, 'Adaptee/Receiver', 'Light'),
(4, 'Adapter/ConcreteCommand', 'LightOffCommand'),
(4, 'Adaptee/Receiver', 'Light'),
(4, 'Adapter/ConcreteCommand', 'LightOnCommand'),
(5, 'Component', 'Entity'),
(5, 'Composite', 'Box'),
(5, 'Component', 'Component'),
(5, 'Composite', 'Composite'),
(6, 'Component', 'Widget'),
(6, 'Decorator', 'Decorator'),
(6, 'component', 'private Widget wid'),
(7, 'Observer', 'Prototype'),
(7, 'Subject', 'PrototypesModule'),
(7, 'Observer', 'AlarmListener'),
(7, 'Subject', 'SensorSystem'),
(8, 'Context', 'Switch'),
(8, 'State/Strategy', 'Command'),
(8, 'Context', 'FSM'),
(8, 'State/Strategy', 'State'),
(8, 'Context', 'PrototypesModule'),
(8, 'State/Strategy', 'Prototype'),
(8, 'Context', 'StrategyDemo'),
(8, 'State/Strategy', 'Strategy'),
(9, 'AbstractClass', 'Creator'),
(9, 'AbstractClass', 'TemplateMethod1'),
(9, 'AbstractClass', 'TemplateMethod2'),
(9, 'AbstractClass', 'Generalization'),
(9, 'AbstractClass', 'Specialization'),
(10, 'ConcreteElement', 'Composite'),
(10, 'Visitor', 'Visitor'),
(10, 'ConcreteElement', 'Leaf'),
(10, 'Visitor', 'Visitor'),
(11, 'Proxy', 'ProxyImage'),
(11, 'RealSubject', 'RealImage'),
(4, 'Adaptee/Receiver', 'Fan'),
(4, 'Adapter/ConcreteCommand', 'FanOffCommand'),
(4, 'Adaptee/Receiver', 'Fan'),
(4, 'Adapter/ConcreteCommand', 'FanOffCommand'),
(8, 'Context', 'Switch'),
(8, 'State/Strategy', 'Command'),
(1, 'Creator', 'Creator'),
(2, 'Client', 'PrototypesModule'),
(2, 'Prototype', 'Prototype'),
(3, 'Singleton', 'ClassicSingleton'),
(3, 'uniqueInstance', 'private static ClassicSingleton instance'),
(4, 'Adaptee/Receiver', 'Fan'),
(4, 'Adapter/ConcreteCommand', 'FanOffCommand'),
(5, 'Component', 'Entity'),
(5, 'Composite', 'Box'),
(6, 'Component', 'Widget'),
(6, 'Decorator', 'Decorator'),
(6, 'component', 'private Widget wid'),
(7, 'Observer', 'Prototype'),
(7, 'Subject', 'PrototypesModule'),
(8, 'Context', 'Switch'),
(8, 'State/Strategy', 'Command'),
(8, 'Context', 'FSM'),
(8, 'State/Strategy', 'State'),
(8, 'Context', 'PrototypesModule'),
(8, 'State/Strategy', 'Prototype'),
(8, 'Context', 'StrategyDemo'),
(8, 'State/Strategy', 'Strategy'),
(9, 'AbstractClass', 'Creator'),
(10, 'ConcreteElement', 'Composite'),
(10, 'Visitor', 'Visitor'),
(11, 'Proxy', 'ProxyImage'),
(11, 'RealSubject', 'RealImage'),
(1, 'Creator', 'Creator'),
(2, 'Client', 'PrototypesModule'),
(2, 'Prototype', 'Prototype'),
(3, 'Singleton', 'ClassicSingleton'),
(3, 'uniqueInstance', 'private static ClassicSingleton instance'),
(4, 'Adaptee/Receiver', 'Fan'),
(4, 'Adapter/ConcreteCommand', 'FanOffCommand'),
(4, 'Adaptee/Receiver', 'Fan'),
(4, 'Adapter/ConcreteCommand', 'FanOnCommand'),
(4, 'Adaptee/Receiver', 'Light'),
(4, 'Adapter/ConcreteCommand', 'LightOffCommand'),
(4, 'Adaptee/Receiver', 'Light'),
(4, 'Adapter/ConcreteCommand', 'LightOnCommand'),
(5, 'Component', 'Entity'),
(5, 'Composite', 'Box'),
(5, 'Component', 'Component'),
(5, 'Composite', 'Composite'),
(6, 'Component', 'Widget'),
(6, 'Decorator', 'Decorator'),
(6, 'component', 'private Widget wid'),
(7, 'Observer', 'Prototype'),
(7, 'Subject', 'PrototypesModule'),
(7, 'Observer', 'AlarmListener'),
(7, 'Subject', 'SensorSystem'),
(8, 'Context', 'Switch'),
(8, 'State/Strategy', 'Command'),
(8, 'Context', 'FSM'),
(8, 'State/Strategy', 'State'),
(8, 'Context', 'PrototypesModule'),
(8, 'State/Strategy', 'Prototype'),
(8, 'Context', 'StrategyDemo'),
(8, 'State/Strategy', 'Strategy'),
(9, 'AbstractClass', 'Creator'),
(9, 'AbstractClass', 'TemplateMethod1'),
(9, 'AbstractClass', 'TemplateMethod2'),
(9, 'AbstractClass', 'Generalization'),
(9, 'AbstractClass', 'Specialization'),
(10, 'ConcreteElement', 'Composite'),
(10, 'Visitor', 'Visitor'),
(10, 'ConcreteElement', 'Leaf'),
(10, 'Visitor', 'Visitor'),
(11, 'Proxy', 'ProxyImage'),
(11, 'RealSubject', 'RealImage'),
(1, 'Creator', 'Creator'),
(2, 'Client', 'PrototypesModule'),
(2, 'Prototype', 'Prototype'),
(3, 'Singleton', 'ClassicSingleton'),
(3, 'uniqueInstance', 'private static ClassicSingleton instance'),
(4, 'Adaptee/Receiver', 'Fan'),
(4, 'Adapter/ConcreteCommand', 'FanOffCommand'),
(4, 'Adaptee/Receiver', 'Fan'),
(4, 'Adapter/ConcreteCommand', 'FanOnCommand'),
(4, 'Adaptee/Receiver', 'Light'),
(4, 'Adapter/ConcreteCommand', 'LightOffCommand'),
(4, 'Adaptee/Receiver', 'Light'),
(4, 'Adapter/ConcreteCommand', 'LightOnCommand'),
(5, 'Component', 'Entity'),
(5, 'Composite', 'Box'),
(5, 'Component', 'Component'),
(5, 'Composite', 'Composite'),
(6, 'Component', 'Widget'),
(6, 'Decorator', 'Decorator'),
(6, 'component', 'private Widget wid'),
(7, 'Observer', 'Prototype'),
(7, 'Subject', 'PrototypesModule'),
(7, 'Observer', 'AlarmListener'),
(7, 'Subject', 'SensorSystem'),
(8, 'Context', 'Switch'),
(8, 'State/Strategy', 'Command'),
(8, 'Context', 'FSM'),
(8, 'State/Strategy', 'State'),
(8, 'Context', 'PrototypesModule'),
(8, 'State/Strategy', 'Prototype'),
(8, 'Context', 'StrategyDemo'),
(8, 'State/Strategy', 'Strategy'),
(9, 'AbstractClass', 'Creator'),
(9, 'AbstractClass', 'TemplateMethod1'),
(9, 'AbstractClass', 'TemplateMethod2'),
(9, 'AbstractClass', 'Generalization'),
(9, 'AbstractClass', 'Specialization'),
(10, 'ConcreteElement', 'Composite'),
(10, 'Visitor', 'Visitor'),
(10, 'ConcreteElement', 'Leaf'),
(10, 'Visitor', 'Visitor'),
(11, 'Proxy', 'ProxyImage'),
(11, 'RealSubject', 'RealImage'),
(1, 'Creator', 'Creator'),
(2, 'Client', 'PrototypesModule'),
(2, 'Prototype', 'Prototype'),
(3, 'Singleton', 'ClassicSingleton'),
(3, 'uniqueInstance', 'private static ClassicSingleton instance'),
(4, 'Adaptee/Receiver', 'Fan'),
(4, 'Adapter/ConcreteCommand', 'FanOffCommand'),
(4, 'Adaptee/Receiver', 'Fan'),
(4, 'Adapter/ConcreteCommand', 'FanOnCommand'),
(4, 'Adaptee/Receiver', 'Light'),
(4, 'Adapter/ConcreteCommand', 'LightOffCommand'),
(4, 'Adaptee/Receiver', 'Light'),
(4, 'Adapter/ConcreteCommand', 'LightOnCommand'),
(5, 'Component', 'Entity'),
(5, 'Composite', 'Box'),
(5, 'Component', 'Component'),
(5, 'Composite', 'Composite'),
(6, 'Component', 'Widget'),
(6, 'Decorator', 'Decorator'),
(6, 'component', 'private Widget wid'),
(7, 'Observer', 'Prototype'),
(7, 'Subject', 'PrototypesModule'),
(7, 'Observer', 'AlarmListener'),
(7, 'Subject', 'SensorSystem'),
(8, 'Context', 'Switch'),
(8, 'State/Strategy', 'Command'),
(8, 'Context', 'FSM'),
(8, 'State/Strategy', 'State'),
(8, 'Context', 'PrototypesModule'),
(8, 'State/Strategy', 'Prototype'),
(8, 'Context', 'StrategyDemo'),
(8, 'State/Strategy', 'Strategy'),
(9, 'AbstractClass', 'Creator'),
(9, 'AbstractClass', 'TemplateMethod1'),
(9, 'AbstractClass', 'TemplateMethod2'),
(9, 'AbstractClass', 'Generalization'),
(9, 'AbstractClass', 'Specialization'),
(10, 'ConcreteElement', 'Composite'),
(10, 'Visitor', 'Visitor'),
(10, 'ConcreteElement', 'Leaf'),
(10, 'Visitor', 'Visitor'),
(11, 'Proxy', 'ProxyImage'),
(11, 'RealSubject', 'RealImage'),
(1, 'Creator', 'Creator'),
(2, 'Client', 'PrototypesModule'),
(2, 'Prototype', 'Prototype'),
(3, 'Singleton', 'ClassicSingleton'),
(3, 'uniqueInstance', 'private static ClassicSingleton instance'),
(4, 'Adaptee/Receiver', 'Fan'),
(4, 'Adapter/ConcreteCommand', 'FanOffCommand'),
(4, 'Adaptee/Receiver', 'Fan'),
(4, 'Adapter/ConcreteCommand', 'FanOnCommand'),
(4, 'Adaptee/Receiver', 'Light'),
(4, 'Adapter/ConcreteCommand', 'LightOffCommand'),
(4, 'Adaptee/Receiver', 'Light'),
(4, 'Adapter/ConcreteCommand', 'LightOnCommand'),
(5, 'Component', 'Entity'),
(5, 'Composite', 'Box'),
(5, 'Component', 'Component'),
(5, 'Composite', 'Composite'),
(6, 'Component', 'Widget'),
(6, 'Decorator', 'Decorator'),
(6, 'component', 'private Widget wid'),
(7, 'Observer', 'Prototype'),
(7, 'Subject', 'PrototypesModule'),
(7, 'Observer', 'AlarmListener'),
(7, 'Subject', 'SensorSystem'),
(8, 'Context', 'Switch'),
(8, 'State/Strategy', 'Command'),
(8, 'Context', 'FSM'),
(8, 'State/Strategy', 'State'),
(8, 'Context', 'PrototypesModule'),
(8, 'State/Strategy', 'Prototype'),
(8, 'Context', 'StrategyDemo'),
(8, 'State/Strategy', 'Strategy'),
(9, 'AbstractClass', 'Creator'),
(9, 'AbstractClass', 'TemplateMethod1'),
(9, 'AbstractClass', 'TemplateMethod2'),
(9, 'AbstractClass', 'Generalization'),
(9, 'AbstractClass', 'Specialization'),
(10, 'ConcreteElement', 'Composite'),
(10, 'Visitor', 'Visitor'),
(10, 'ConcreteElement', 'Leaf'),
(10, 'Visitor', 'Visitor'),
(11, 'Proxy', 'ProxyImage'),
(11, 'RealSubject', 'RealImage'),
(4, 'Adaptee/Receiver', 'com.javapapers.designpattern.command.ConsumerElectronics'),
(4, 'Adapter/ConcreteCommand', 'com.javapapers.designpattern.command.OnCommand'),
(8, 'Context', 'com.javapapers.designpattern.command.Button'),
(8, 'State/Strategy', 'com.javapapers.designpattern.command.Command'),
(8, 'Context', 'com.javapapers.designpattern.command.OnCommand'),
(8, 'State/Strategy', 'com.javapapers.designpattern.command.ConsumerElectronics'),
(5, 'Component', 'org.arpit.javapostsforlearning.designpatterns.Employee'),
(5, 'Composite', 'org.arpit.javapostsforlearning.designpatterns.Manager'),
(4, 'Adaptee/Receiver', 'com.javapapers.designpattern.command.ConsumerElectronics'),
(4, 'Adapter/ConcreteCommand', 'com.javapapers.designpattern.command.OnCommand'),
(4, 'Adaptee/Receiver', 'com.javapapers.designpattern.command.ConsumerElectronics'),
(4, 'Adapter/ConcreteCommand', 'com.javapapers.designpattern.command.OnCommand'),
(8, 'Context', 'com.javapapers.designpattern.command.Button'),
(8, 'State/Strategy', 'com.javapapers.designpattern.command.Command'),
(8, 'Context', 'com.javapapers.designpattern.command.OnCommand'),
(8, 'State/Strategy', 'com.javapapers.designpattern.command.ConsumerElectronics'),
(4, 'Adaptee/Receiver', 'com.javapapers.designpattern.command.ConsumerElectronics'),
(4, 'Adapter/ConcreteCommand', 'com.javapapers.designpattern.command.OnCommand'),
(8, 'Context', 'com.javapapers.designpattern.command.Button'),
(8, 'State/Strategy', 'com.javapapers.designpattern.command.Command'),
(8, 'Context', 'com.javapapers.designpattern.command.OnCommand'),
(8, 'State/Strategy', 'com.javapapers.designpattern.command.ConsumerElectronics'),
(4, 'Adaptee/Receiver', 'com.javapapers.designpattern.command.ConsumerElectronics'),
(4, 'Adapter/ConcreteCommand', 'com.javapapers.designpattern.command.OnCommand'),
(8, 'Context', 'com.javapapers.designpattern.command.Button'),
(8, 'State/Strategy', 'com.javapapers.designpattern.command.Command'),
(8, 'Context', 'com.javapapers.designpattern.command.OnCommand'),
(8, 'State/Strategy', 'com.javapapers.designpattern.command.ConsumerElectronics'),
(4, 'Adaptee/Receiver', 'com.javapapers.designpattern.command.ConsumerElectronics'),
(4, 'Adapter/ConcreteCommand', 'com.javapapers.designpattern.command.OnCommand'),
(8, 'Context', 'com.javapapers.designpattern.command.Button'),
(8, 'State/Strategy', 'com.javapapers.designpattern.command.Command'),
(8, 'Context', 'com.javapapers.designpattern.command.OnCommand'),
(8, 'State/Strategy', 'com.javapapers.designpattern.command.ConsumerElectronics'),
(5, 'Component', 'org.arpit.javapostsforlearning.designpatterns.Employee'),
(5, 'Composite', 'org.arpit.javapostsforlearning.designpatterns.Manager'),
(3, 'Singleton', 'com.javacodegeeks.patterns.singletonpattern.Singleton'),
(3, 'uniqueInstance', 'private static com.javacodegeeks.patterns.singletonpattern.Singleton sc'),
(3, 'Singleton', 'com.javacodegeeks.patterns.singletonpattern.SingletonEager'),
(3, 'uniqueInstance', 'private static com.javacodegeeks.patterns.singletonpattern.SingletonEager sc'),
(3, 'Singleton', 'com.javacodegeeks.patterns.singletonpattern.SingletoneEnum$SingleEnum'),
(3, 'uniqueInstance', 'public static com.javacodegeeks.patterns.singletonpattern.SingletoneEnum$SingleEnum SINGLETON_ENUM'),
(3, 'Singleton', 'com.javacodegeeks.patterns.singletonpattern.SingletonLazy'),
(3, 'uniqueInstance', 'private static com.javacodegeeks.patterns.singletonpattern.SingletonLazy sc'),
(3, 'Singleton', 'com.javacodegeeks.patterns.singletonpattern.SingletonLazyDoubleCheck'),
(3, 'uniqueInstance', 'private static com.javacodegeeks.patterns.singletonpattern.SingletonLazyDoubleCheck sc'),
(3, 'Singleton', 'com.javacodegeeks.patterns.singletonpattern.SingletonLazyMultithreaded'),
(3, 'uniqueInstance', 'private static com.javacodegeeks.patterns.singletonpattern.SingletonLazyMultithreaded sc'),
(160, 'Adaptee/Receiver', 'marsrover.DataObserver.sensorData'),
(160, 'Adapter/ConcreteCommand', 'marsrover.DataObserver.REMS'),
(160, 'Adapter/ConcreteCommand', 'marsrover.Command.MoveBackwardCommand'),
(160, 'Adaptee/Receiver', 'marsrover.Command.Operations'),
(160, 'Adapter/ConcreteCommand', 'marsrover.Command.MoveForwardCommand'),
(160, 'Adaptee/Receiver', 'marsrover.Command.Operations'),
(160, 'Adapter/ConcreteCommand', 'marsrover.Command.RotateLeftCommand'),
(160, 'Adaptee/Receiver', 'marsrover.Command.Operations'),
(160, 'Adapter/ConcreteCommand', 'marsrover.Command.RotateRightCommand'),
(160, 'Adaptee/Receiver', 'marsrover.Command.Operations'),
(160, 'Adapter/ConcreteCommand', 'marsrover.Command.TakePictureCommand'),
(160, 'Adaptee/Receiver', 'marsrover.Command.Operations'),
(160, 'Adapter/ConcreteCommand', 'marsrover.Command.TakeSampleCommand'),
(160, 'Adaptee/Receiver', 'marsrover.Command.Operations'),
(160, 'Adaptee/Receiver', 'marsrover.DataObserver.Subject'),
(160, 'Adapter/ConcreteCommand', 'marsrover.DataObserver.Earth'),
(160, 'Adaptee/Receiver', 'marsrover.Observer.Camera'),
(160, 'Adapter/ConcreteCommand', 'marsrover.Observer.Rover'),
(161, 'Component', 'marsrover.Decorator.Rover'),
(161, 'Decorator', 'marsrover.Decorator.ExplorationActivity'),
(161, 'component', 'protected marsrover.Decorator.Rover marsRover'),
(162, 'Observer', 'marsrover.DataObserver.Observer'),
(162, 'Subject', 'marsrover.DataObserver.REMS'),
(162, 'Observer', 'marsrover.Observer.Observer'),
(162, 'Subject', 'marsrover.Observer.Camera'),
(163, 'Context', 'marsrover.Command.RemoteControl'),
(163, 'State/Strategy', 'marsrover.Command.Command'),
(163, 'Context', 'marsrover.Command.MoveBackwardCommand'),
(163, 'State/Strategy', 'marsrover.Command.Operations'),
(163, 'Context', 'marsrover.Command.MoveForwardCommand'),
(163, 'State/Strategy', 'marsrover.Command.Operations'),
(163, 'Context', 'marsrover.Command.RotateLeftCommand'),
(163, 'State/Strategy', 'marsrover.Command.Operations'),
(163, 'Context', 'marsrover.Command.RotateRightCommand'),
(163, 'State/Strategy', 'marsrover.Command.Operations'),
(163, 'Context', 'marsrover.Command.TakePictureCommand'),
(163, 'State/Strategy', 'marsrover.Command.Operations'),
(163, 'Context', 'marsrover.Command.TakeSampleCommand'),
(163, 'State/Strategy', 'marsrover.Command.Operations'),
(163, 'Context', 'marsrover.DataObserver.Earth'),
(163, 'State/Strategy', 'marsrover.DataObserver.Subject'),
(163, 'Context', 'marsrover.Strategy.RoverSoftware'),
(163, 'State/Strategy', 'marsrover.Strategy.RoverBehavior'),
(164, 'AbstractClass', 'marsrover.ChainOfResponsibility.AbstractAnalysis');

-- --------------------------------------------------------

--
-- Table structure for table `commentstopattern`
--

CREATE TABLE `commentstopattern` (
  `patternInstanceID` int(100) NOT NULL,
  `WordID` int(100) NOT NULL,
  `Word` varchar(10000) NOT NULL,
  `className` varchar(200) DEFAULT NULL
) ENGINE=InnoDB DEFAULT CHARSET=latin1;

--
-- Dumping data for table `commentstopattern`
--

INSERT INTO `commentstopattern` (`patternInstanceID`, `WordID`, `Word`, `className`) VALUES
(4, 1, 'FileWriter', ''),
(4, 2, 'fileWritter', ''),
(4, 3, 'FileWriter(outfileName,true)', ''),
(4, 4, 'BufferedWriter', ''),
(4, 5, 'writer', ''),
(4, 6, 'BufferedWriter(fileWritter);', ''),
(4, 7, 'OnCommand', ''),
(4, 8, 'instantiated', ''),
(4, 9, 'based', ''),
(4, 10, 'active', ''),
(4, 11, 'device', ''),
(4, 12, 'supplied', ''),
(4, 13, 'Remote', ''),
(4, 14, 'Accesing', ''),
(4, 15, 'driver', ''),
(4, 16, 'from', ''),
(4, 17, 'file', ''),
(4, 18, 'Creating', ''),
(4, 19, 'variable', ''),
(4, 20, 'connection', ''),
(4, 21, 'localhost:3306derp","root","");', ''),
(4, 22, 'jdbc:mysql:localhost:3306derp->is', ''),
(4, 23, 'database', ''),
(4, 24, 'root', ''),
(4, 25, 'username', ''),
(4, 26, 'password', ''),
(4, 18, 'creating', ''),
(4, 27, 'query', ''),
(4, 28, 'executing', ''),
(4, 29, 'comment', ''),
(4, 30, 'first', ''),
(4, 29, 'comment', ''),
(4, 31, 'CONSTRUCTOR', ''),
(4, 32, 'long', ''),
(4, 33, 'another', ''),
(4, 34, 'single', ''),
(4, 35, 'line', ''),
(4, 36, 'Also', ''),
(4, 37, 'more', ''),
(4, 38, 'javadoc', ''),
(4, 39, 'cmnt', ''),
(4, 40, 'trick', ''),
(4, 41, 'help', ''),
(4, 42, 'debugging', ''),
(4, 31, 'Constructor', ''),
(4, 43, 'turn', ''),
(4, 44, 'Default', ''),
(4, 31, 'constructor', ''),
(4, 45, 'Invokes', ''),
(4, 46, 'parameter', ''),
(4, 47, 'Point2D', ''),
(4, 48, 'Note', ''),
(4, 49, 'this()', ''),
(4, 50, 'invocation', ''),
(4, 51, 'must', ''),
(4, 52, 'BEGINNING', ''),
(4, 53, 'statement', ''),
(4, 54, 'body', ''),
(4, 33, 'Another', ''),
(4, 55, 'consructor', ''),
(4, 56, 'better', ''),
(4, 57, 'method', ''),
(4, 58, 'would', ''),
(4, 59, 'replace', ''),
(4, 60, 'above', ''),
(4, 61, 'code', ''),
(4, 62, '(pt.getX(),', ''),
(4, 63, 'pt.getY());', ''),
(4, 64, 'especially', ''),
(4, 65, 'since', ''),
(4, 66, 'does', ''),
(4, 67, 'initialize', ''),
(4, 19, 'variable', ''),
(4, 68, 'debug.', ''),
(4, 69, 'reusing', ''),
(4, 70, 'already', ''),
(4, 71, 'working.', ''),
(4, 72, 'print', ''),
(4, 73, 'string', ''),
(4, 74, 'only', ''),
(4, 75, '"debug"', ''),
(4, 76, 'data', ''),
(4, 77, 'member', ''),
(4, 78, 'true', ''),
(4, 79, 'check', ''),
(4, 80, 'dprint()', ''),
(4, 81, 'coordinates', ''),
(4, 82, 'point--instance', ''),
(4, 83, 'variables', ''),
(4, 84, 'have', ''),
(4, 85, 'complex', ''),
(4, 86, 'electronic', ''),
(4, 87, 'circuit', ''),
(4, 88, 'maintain', ''),
(4, 89, 'current', ''),
(4, 11, 'device', ''),
(8, 1, 'FileWriter', ''),
(8, 2, 'fileWritter', ''),
(8, 3, 'FileWriter(outfileName,true)', ''),
(8, 4, 'BufferedWriter', ''),
(8, 5, 'writer', ''),
(8, 6, 'BufferedWriter(fileWritter);', ''),
(8, 7, 'OnCommand', ''),
(8, 8, 'instantiated', ''),
(8, 9, 'based', ''),
(8, 10, 'active', ''),
(8, 11, 'device', ''),
(8, 12, 'supplied', ''),
(8, 13, 'Remote', ''),
(8, 14, 'Accesing', ''),
(8, 15, 'driver', ''),
(8, 16, 'from', ''),
(8, 17, 'file', ''),
(8, 18, 'Creating', ''),
(8, 19, 'variable', ''),
(8, 20, 'connection', ''),
(8, 21, 'localhost:3306derp","root","");', ''),
(8, 22, 'jdbc:mysql:localhost:3306derp->is', ''),
(8, 23, 'database', ''),
(8, 24, 'root', ''),
(8, 25, 'username', ''),
(8, 26, 'password', ''),
(8, 18, 'creating', ''),
(8, 27, 'query', ''),
(8, 28, 'executing', ''),
(8, 29, 'comment', ''),
(8, 30, 'first', ''),
(8, 29, 'comment', ''),
(8, 31, 'CONSTRUCTOR', ''),
(8, 32, 'long', ''),
(8, 33, 'another', ''),
(8, 34, 'single', ''),
(8, 35, 'line', ''),
(8, 36, 'Also', ''),
(8, 37, 'more', ''),
(8, 38, 'javadoc', ''),
(8, 39, 'cmnt', ''),
(8, 40, 'trick', ''),
(8, 41, 'help', ''),
(8, 42, 'debugging', ''),
(8, 31, 'Constructor', ''),
(8, 43, 'turn', ''),
(8, 44, 'Default', ''),
(8, 31, 'constructor', ''),
(8, 45, 'Invokes', ''),
(8, 46, 'parameter', ''),
(8, 47, 'Point2D', ''),
(8, 48, 'Note', ''),
(8, 49, 'this()', ''),
(8, 50, 'invocation', ''),
(8, 51, 'must', ''),
(8, 52, 'BEGINNING', ''),
(8, 53, 'statement', ''),
(8, 54, 'body', ''),
(8, 33, 'Another', ''),
(8, 55, 'consructor', ''),
(8, 56, 'better', ''),
(8, 57, 'method', ''),
(8, 58, 'would', ''),
(8, 59, 'replace', ''),
(8, 60, 'above', ''),
(8, 61, 'code', ''),
(8, 62, '(pt.getX(),', ''),
(8, 63, 'pt.getY());', ''),
(8, 64, 'especially', ''),
(8, 65, 'since', ''),
(8, 66, 'does', ''),
(8, 67, 'initialize', ''),
(8, 19, 'variable', ''),
(8, 68, 'debug.', ''),
(8, 69, 'reusing', ''),
(8, 70, 'already', ''),
(8, 71, 'working.', ''),
(8, 72, 'print', ''),
(8, 73, 'string', ''),
(8, 74, 'only', ''),
(8, 75, '"debug"', ''),
(8, 76, 'data', ''),
(8, 77, 'member', ''),
(8, 78, 'true', ''),
(8, 79, 'check', ''),
(8, 80, 'dprint()', ''),
(8, 81, 'coordinates', ''),
(8, 82, 'point--instance', ''),
(8, 83, 'variables', ''),
(8, 84, 'have', ''),
(8, 85, 'complex', ''),
(8, 86, 'electronic', ''),
(8, 87, 'circuit', ''),
(8, 88, 'maintain', ''),
(8, 89, 'current', ''),
(8, 11, 'device', ''),
(4, 1, 'FileWriter', ''),
(4, 2, 'fileWritter', ''),
(4, 3, 'FileWriter(outfileName,true)', ''),
(4, 4, 'BufferedWriter', ''),
(4, 5, 'writer', ''),
(4, 6, 'BufferedWriter(fileWritter);', ''),
(4, 7, 'OnCommand', ''),
(4, 8, 'instantiated', ''),
(4, 9, 'based', ''),
(4, 10, 'active', ''),
(4, 11, 'device', ''),
(4, 12, 'supplied', ''),
(4, 13, 'Remote', ''),
(4, 14, 'Accesing', ''),
(4, 15, 'driver', ''),
(4, 16, 'from', ''),
(4, 17, 'file', ''),
(4, 18, 'Creating', ''),
(4, 19, 'variable', ''),
(4, 20, 'connection', ''),
(4, 21, 'localhost:3306derp","root","");', ''),
(4, 22, 'jdbc:mysql:localhost:3306derp->is', ''),
(4, 23, 'database', ''),
(4, 24, 'root', ''),
(4, 25, 'username', ''),
(4, 26, 'password', ''),
(4, 18, 'creating', ''),
(4, 27, 'query', ''),
(4, 28, 'executing', ''),
(4, 29, 'comment', ''),
(4, 30, 'first', ''),
(4, 29, 'comment', ''),
(4, 31, 'CONSTRUCTOR', ''),
(4, 32, 'long', ''),
(4, 33, 'another', ''),
(4, 34, 'single', ''),
(4, 35, 'line', ''),
(4, 36, 'Also', ''),
(4, 37, 'more', ''),
(4, 38, 'javadoc', ''),
(4, 39, 'cmnt', ''),
(4, 40, 'trick', ''),
(4, 41, 'help', ''),
(4, 42, 'debugging', ''),
(4, 31, 'Constructor', ''),
(4, 43, 'turn', ''),
(4, 44, 'Default', ''),
(4, 31, 'constructor', ''),
(4, 45, 'Invokes', ''),
(4, 46, 'parameter', ''),
(4, 47, 'Point2D', ''),
(4, 48, 'Note', ''),
(4, 49, 'this()', ''),
(4, 50, 'invocation', ''),
(4, 51, 'must', ''),
(4, 52, 'BEGINNING', ''),
(4, 53, 'statement', ''),
(4, 54, 'body', ''),
(4, 33, 'Another', ''),
(4, 55, 'consructor', ''),
(4, 56, 'better', ''),
(4, 57, 'method', ''),
(4, 58, 'would', ''),
(4, 59, 'replace', ''),
(4, 60, 'above', ''),
(4, 61, 'code', ''),
(4, 62, '(pt.getX(),', ''),
(4, 63, 'pt.getY());', ''),
(4, 64, 'especially', ''),
(4, 65, 'since', ''),
(4, 66, 'does', ''),
(4, 67, 'initialize', ''),
(4, 19, 'variable', ''),
(4, 68, 'debug.', ''),
(4, 69, 'reusing', ''),
(4, 70, 'already', ''),
(4, 71, 'working.', ''),
(4, 72, 'print', ''),
(4, 73, 'string', ''),
(4, 74, 'only', ''),
(4, 75, '"debug"', ''),
(4, 76, 'data', ''),
(4, 77, 'member', ''),
(4, 78, 'true', ''),
(4, 79, 'check', ''),
(4, 80, 'dprint()', ''),
(4, 81, 'coordinates', ''),
(4, 82, 'point--instance', ''),
(4, 83, 'variables', ''),
(4, 84, 'have', ''),
(4, 85, 'complex', ''),
(4, 86, 'electronic', ''),
(4, 87, 'circuit', ''),
(4, 88, 'maintain', ''),
(4, 89, 'current', ''),
(4, 11, 'device', ''),
(8, 1, 'FileWriter', ''),
(8, 2, 'fileWritter', ''),
(8, 3, 'FileWriter(outfileName,true)', ''),
(8, 4, 'BufferedWriter', ''),
(8, 5, 'writer', ''),
(8, 6, 'BufferedWriter(fileWritter);', ''),
(8, 7, 'OnCommand', ''),
(8, 8, 'instantiated', ''),
(8, 9, 'based', ''),
(8, 10, 'active', ''),
(8, 11, 'device', ''),
(8, 12, 'supplied', ''),
(8, 13, 'Remote', ''),
(8, 14, 'Accesing', ''),
(8, 15, 'driver', ''),
(8, 16, 'from', ''),
(8, 17, 'file', ''),
(8, 18, 'Creating', ''),
(8, 19, 'variable', ''),
(8, 20, 'connection', ''),
(8, 21, 'localhost:3306derp","root","");', ''),
(8, 22, 'jdbc:mysql:localhost:3306derp->is', ''),
(8, 23, 'database', ''),
(8, 24, 'root', ''),
(8, 25, 'username', ''),
(8, 26, 'password', ''),
(8, 18, 'creating', ''),
(8, 27, 'query', ''),
(8, 28, 'executing', ''),
(8, 29, 'comment', ''),
(8, 30, 'first', ''),
(8, 29, 'comment', ''),
(8, 31, 'CONSTRUCTOR', ''),
(8, 32, 'long', ''),
(8, 33, 'another', ''),
(8, 34, 'single', ''),
(8, 35, 'line', ''),
(8, 36, 'Also', ''),
(8, 37, 'more', ''),
(8, 38, 'javadoc', ''),
(8, 39, 'cmnt', ''),
(8, 40, 'trick', ''),
(8, 41, 'help', ''),
(8, 42, 'debugging', ''),
(8, 31, 'Constructor', ''),
(8, 43, 'turn', ''),
(8, 44, 'Default', ''),
(8, 31, 'constructor', ''),
(8, 45, 'Invokes', ''),
(8, 46, 'parameter', ''),
(8, 47, 'Point2D', ''),
(8, 48, 'Note', ''),
(8, 49, 'this()', ''),
(8, 50, 'invocation', ''),
(8, 51, 'must', ''),
(8, 52, 'BEGINNING', ''),
(8, 53, 'statement', ''),
(8, 54, 'body', ''),
(8, 33, 'Another', ''),
(8, 55, 'consructor', ''),
(8, 56, 'better', ''),
(8, 57, 'method', ''),
(8, 58, 'would', ''),
(8, 59, 'replace', ''),
(8, 60, 'above', ''),
(8, 61, 'code', ''),
(8, 62, '(pt.getX(),', ''),
(8, 63, 'pt.getY());', ''),
(8, 64, 'especially', ''),
(8, 65, 'since', ''),
(8, 66, 'does', ''),
(8, 67, 'initialize', ''),
(8, 19, 'variable', ''),
(8, 68, 'debug.', ''),
(8, 69, 'reusing', ''),
(8, 70, 'already', ''),
(8, 71, 'working.', ''),
(8, 72, 'print', ''),
(8, 73, 'string', ''),
(8, 74, 'only', ''),
(8, 75, '"debug"', ''),
(8, 76, 'data', ''),
(8, 77, 'member', ''),
(8, 78, 'true', ''),
(8, 79, 'check', ''),
(8, 80, 'dprint()', ''),
(8, 81, 'coordinates', ''),
(8, 82, 'point--instance', ''),
(8, 83, 'variables', ''),
(8, 84, 'have', ''),
(8, 85, 'complex', ''),
(8, 86, 'electronic', ''),
(8, 87, 'circuit', ''),
(8, 88, 'maintain', ''),
(8, 89, 'current', ''),
(8, 11, 'device', ''),
(5, 1, 'FileWriter', ''),
(5, 2, 'fileWritter', ''),
(5, 3, 'FileWriter(outfileName,true)', ''),
(5, 4, 'BufferedWriter', ''),
(5, 5, 'writer', ''),
(5, 6, 'BufferedWriter(fileWritter);', ''),
(5, 7, 'OnCommand', ''),
(5, 8, 'instantiated', ''),
(5, 9, 'based', ''),
(5, 10, 'active', ''),
(5, 11, 'device', ''),
(5, 12, 'supplied', ''),
(5, 13, 'Remote', ''),
(5, 90, 'leaf', ''),
(5, 91, 'node', ''),
(5, 57, 'method', ''),
(5, 92, 'applicable', ''),
(5, 93, 'class.', ''),
(5, 94, 'class,there', ''),
(5, 95, 'many', ''),
(5, 96, 'methods', ''),
(5, 97, 'which', ''),
(5, 98, 'developer', ''),
(5, 99, 'because', ''),
(5, 100, 'node.', ''),
(5, 14, 'Accesing', ''),
(5, 15, 'driver', ''),
(5, 16, 'from', ''),
(5, 17, 'file', ''),
(5, 18, 'Creating', ''),
(5, 19, 'variable', ''),
(5, 20, 'connection', ''),
(5, 21, 'localhost:3306derp","root","");', ''),
(5, 22, 'jdbc:mysql:localhost:3306derp->is', ''),
(5, 23, 'database', ''),
(5, 24, 'root', ''),
(5, 25, 'username', ''),
(5, 26, 'password', ''),
(5, 18, 'creating', ''),
(5, 27, 'query', ''),
(5, 28, 'executing', ''),
(5, 29, 'comment', ''),
(5, 30, 'first', ''),
(5, 29, 'comment', ''),
(5, 31, 'CONSTRUCTOR', ''),
(5, 32, 'long', ''),
(5, 33, 'another', ''),
(5, 34, 'single', ''),
(5, 35, 'line', ''),
(5, 36, 'Also', ''),
(5, 37, 'more', ''),
(5, 38, 'javadoc', ''),
(5, 39, 'cmnt', ''),
(5, 40, 'trick', ''),
(5, 41, 'help', ''),
(5, 42, 'debugging', ''),
(5, 31, 'Constructor', ''),
(5, 43, 'turn', ''),
(5, 44, 'Default', ''),
(5, 31, 'constructor', ''),
(5, 45, 'Invokes', ''),
(5, 46, 'parameter', ''),
(5, 47, 'Point2D', ''),
(5, 48, 'Note', ''),
(5, 49, 'this()', ''),
(5, 50, 'invocation', ''),
(5, 51, 'must', ''),
(5, 52, 'BEGINNING', ''),
(5, 53, 'statement', ''),
(5, 54, 'body', ''),
(5, 33, 'Another', ''),
(5, 55, 'consructor', ''),
(5, 56, 'better', ''),
(5, 57, 'method', ''),
(5, 58, 'would', ''),
(5, 59, 'replace', ''),
(5, 60, 'above', ''),
(5, 61, 'code', ''),
(5, 62, '(pt.getX(),', ''),
(5, 63, 'pt.getY());', ''),
(5, 64, 'especially', ''),
(5, 65, 'since', ''),
(5, 66, 'does', ''),
(5, 67, 'initialize', ''),
(5, 19, 'variable', ''),
(5, 68, 'debug.', ''),
(5, 69, 'reusing', ''),
(5, 70, 'already', ''),
(5, 71, 'working.', ''),
(5, 72, 'print', ''),
(5, 73, 'string', ''),
(5, 74, 'only', ''),
(5, 75, '"debug"', ''),
(5, 76, 'data', ''),
(5, 77, 'member', ''),
(5, 78, 'true', ''),
(5, 79, 'check', ''),
(5, 80, 'dprint()', ''),
(5, 81, 'coordinates', ''),
(5, 82, 'point--instance', ''),
(5, 83, 'variables', ''),
(5, 84, 'have', ''),
(5, 85, 'complex', ''),
(5, 86, 'electronic', ''),
(5, 87, 'circuit', ''),
(5, 88, 'maintain', ''),
(5, 89, 'current', ''),
(5, 11, 'device', ''),
(3, 1, 'FileWriter', ''),
(3, 2, 'fileWritter', ''),
(3, 3, 'FileWriter(outfileName,true)', ''),
(3, 4, 'BufferedWriter', ''),
(3, 5, 'writer', ''),
(3, 6, 'BufferedWriter(fileWritter);', ''),
(3, 7, 'OnCommand', ''),
(3, 8, 'instantiated', ''),
(3, 9, 'based', ''),
(3, 10, 'active', ''),
(3, 11, 'device', ''),
(3, 12, 'supplied', ''),
(3, 13, 'Remote', ''),
(3, 90, 'leaf', ''),
(3, 91, 'node', ''),
(3, 57, 'method', ''),
(3, 92, 'applicable', ''),
(3, 93, 'class.', ''),
(3, 94, 'class,there', ''),
(3, 95, 'many', ''),
(3, 96, 'methods', ''),
(3, 97, 'which', ''),
(3, 98, 'developer', ''),
(3, 99, 'because', ''),
(3, 100, 'node.', ''),
(3, 14, 'Accesing', ''),
(3, 15, 'driver', ''),
(3, 16, 'from', ''),
(3, 17, 'file', ''),
(3, 18, 'Creating', ''),
(3, 19, 'variable', ''),
(3, 20, 'connection', ''),
(3, 21, 'localhost:3306derp","root","");', ''),
(3, 22, 'jdbc:mysql:localhost:3306derp->is', ''),
(3, 23, 'database', ''),
(3, 24, 'root', ''),
(3, 25, 'username', ''),
(3, 26, 'password', ''),
(3, 18, 'creating', ''),
(3, 27, 'query', ''),
(3, 28, 'executing', ''),
(3, 29, 'comment', ''),
(3, 30, 'first', ''),
(3, 29, 'comment', ''),
(3, 31, 'CONSTRUCTOR', ''),
(3, 32, 'long', ''),
(3, 33, 'another', ''),
(3, 34, 'single', ''),
(3, 35, 'line', ''),
(3, 36, 'Also', ''),
(3, 37, 'more', ''),
(3, 38, 'javadoc', ''),
(3, 39, 'cmnt', ''),
(3, 40, 'trick', ''),
(3, 41, 'help', ''),
(3, 42, 'debugging', ''),
(3, 31, 'Constructor', ''),
(3, 43, 'turn', ''),
(3, 44, 'Default', ''),
(3, 31, 'constructor', ''),
(3, 45, 'Invokes', ''),
(3, 46, 'parameter', ''),
(3, 47, 'Point2D', ''),
(3, 48, 'Note', ''),
(3, 49, 'this()', ''),
(3, 50, 'invocation', ''),
(3, 51, 'must', ''),
(3, 52, 'BEGINNING', ''),
(3, 53, 'statement', ''),
(3, 54, 'body', ''),
(3, 33, 'Another', ''),
(3, 55, 'consructor', ''),
(3, 56, 'better', ''),
(3, 57, 'method', ''),
(3, 58, 'would', ''),
(3, 59, 'replace', ''),
(3, 60, 'above', ''),
(3, 61, 'code', ''),
(3, 62, '(pt.getX(),', ''),
(3, 63, 'pt.getY());', ''),
(3, 64, 'especially', ''),
(3, 65, 'since', ''),
(3, 66, 'does', ''),
(3, 67, 'initialize', ''),
(3, 19, 'variable', ''),
(3, 68, 'debug.', ''),
(3, 69, 'reusing', ''),
(3, 70, 'already', ''),
(3, 71, 'working.', ''),
(3, 72, 'print', ''),
(3, 73, 'string', ''),
(3, 74, 'only', ''),
(3, 75, '"debug"', ''),
(3, 76, 'data', ''),
(3, 77, 'member', ''),
(3, 78, 'true', ''),
(3, 79, 'check', ''),
(3, 80, 'dprint()', ''),
(3, 81, 'coordinates', ''),
(3, 82, 'point--instance', ''),
(3, 83, 'variables', ''),
(3, 84, 'have', ''),
(3, 85, 'complex', ''),
(3, 86, 'electronic', ''),
(3, 87, 'circuit', ''),
(3, 88, 'maintain', ''),
(3, 89, 'current', ''),
(3, 11, 'device', ''),
(4, 1, 'FileWriter', NULL),
(4, 2, 'fileWritter', NULL),
(4, 3, 'FileWriter(outfileName,true)', NULL),
(4, 4, 'BufferedWriter', NULL),
(4, 5, 'writer', NULL),
(4, 6, 'BufferedWriter(fileWritter);', NULL),
(4, 7, 'OnCommand', NULL),
(4, 8, 'instantiated', NULL),
(4, 9, 'based', NULL),
(4, 10, 'active', NULL),
(4, 11, 'device', NULL),
(4, 12, 'supplied', NULL),
(4, 13, 'Remote', NULL),
(4, 90, 'leaf', NULL),
(4, 91, 'node', NULL),
(4, 57, 'method', NULL),
(4, 92, 'applicable', NULL),
(4, 93, 'class.', NULL),
(4, 94, 'class,there', NULL),
(4, 95, 'many', NULL),
(4, 96, 'methods', NULL),
(4, 97, 'which', NULL),
(4, 98, 'developer', NULL),
(4, 99, 'because', NULL),
(4, 100, 'node.', NULL),
(4, 14, 'Accesing', NULL),
(4, 15, 'driver', NULL),
(4, 16, 'from', NULL),
(4, 17, 'file', NULL),
(4, 18, 'Creating', NULL),
(4, 19, 'variable', NULL),
(4, 20, 'connection', NULL),
(4, 21, 'localhost:3306derp","root","");', NULL),
(4, 22, 'jdbc:mysql:localhost:3306derp->is', NULL),
(4, 23, 'database', NULL),
(4, 24, 'root', NULL),
(4, 25, 'username', NULL),
(4, 26, 'password', NULL),
(4, 18, 'creating', NULL),
(4, 27, 'query', NULL),
(4, 28, 'executing', NULL),
(4, 29, 'comment', NULL),
(4, 30, 'first', NULL),
(4, 29, 'comment', NULL),
(4, 31, 'CONSTRUCTOR', NULL),
(4, 32, 'long', NULL),
(4, 33, 'another', NULL),
(4, 34, 'single', NULL),
(4, 35, 'line', NULL),
(4, 36, 'Also', NULL),
(4, 37, 'more', NULL),
(4, 38, 'javadoc', NULL),
(4, 39, 'cmnt', NULL),
(4, 40, 'trick', NULL),
(4, 41, 'help', NULL),
(4, 42, 'debugging', NULL),
(4, 31, 'Constructor', NULL),
(4, 43, 'turn', NULL),
(4, 44, 'Default', NULL),
(4, 31, 'constructor', NULL),
(4, 45, 'Invokes', NULL),
(4, 46, 'parameter', NULL),
(4, 47, 'Point2D', NULL),
(4, 48, 'Note', NULL),
(4, 49, 'this()', NULL),
(4, 50, 'invocation', NULL),
(4, 51, 'must', NULL),
(4, 52, 'BEGINNING', NULL),
(4, 53, 'statement', NULL),
(4, 54, 'body', NULL),
(4, 33, 'Another', NULL),
(4, 55, 'consructor', NULL),
(4, 56, 'better', NULL),
(4, 57, 'method', NULL),
(4, 58, 'would', NULL),
(4, 59, 'replace', NULL),
(4, 60, 'above', NULL),
(4, 61, 'code', NULL),
(4, 62, '(pt.getX(),', NULL),
(4, 63, 'pt.getY());', NULL),
(4, 64, 'especially', NULL),
(4, 65, 'since', NULL),
(4, 66, 'does', NULL),
(4, 67, 'initialize', NULL),
(4, 19, 'variable', NULL),
(4, 68, 'debug.', NULL),
(4, 69, 'reusing', NULL),
(4, 70, 'already', NULL),
(4, 71, 'working.', NULL),
(4, 72, 'print', NULL),
(4, 73, 'string', NULL),
(4, 74, 'only', NULL),
(4, 75, '"debug"', NULL),
(4, 76, 'data', NULL),
(4, 77, 'member', NULL),
(4, 78, 'true', NULL),
(4, 79, 'check', NULL),
(4, 80, 'dprint()', NULL),
(4, 81, 'coordinates', NULL),
(4, 82, 'point--instance', NULL),
(4, 83, 'variables', NULL),
(4, 84, 'have', NULL),
(4, 85, 'complex', NULL),
(4, 86, 'electronic', NULL),
(4, 87, 'circuit', NULL),
(4, 88, 'maintain', NULL),
(4, 89, 'current', NULL),
(4, 11, 'device', NULL),
(6, 1, 'FileWriter', NULL),
(6, 2, 'fileWritter', NULL),
(6, 3, 'FileWriter(outfileName,true)', NULL),
(6, 4, 'BufferedWriter', NULL),
(6, 5, 'writer', NULL),
(6, 6, 'BufferedWriter(fileWritter);', NULL),
(6, 7, 'OnCommand', NULL),
(6, 8, 'instantiated', NULL),
(6, 9, 'based', NULL),
(6, 10, 'active', NULL),
(6, 11, 'device', NULL),
(6, 12, 'supplied', NULL),
(6, 13, 'Remote', NULL),
(6, 90, 'leaf', NULL),
(6, 91, 'node', NULL),
(6, 57, 'method', NULL),
(6, 92, 'applicable', NULL),
(6, 93, 'class.', NULL),
(6, 94, 'class,there', NULL),
(6, 95, 'many', NULL),
(6, 96, 'methods', NULL),
(6, 97, 'which', NULL),
(6, 98, 'developer', NULL),
(6, 99, 'because', NULL),
(6, 100, 'node.', NULL),
(6, 14, 'Accesing', NULL),
(6, 15, 'driver', NULL),
(6, 16, 'from', NULL),
(6, 17, 'file', NULL),
(6, 18, 'Creating', NULL),
(6, 19, 'variable', NULL),
(6, 20, 'connection', NULL),
(6, 21, 'localhost:3306derp","root","");', NULL),
(6, 22, 'jdbc:mysql:localhost:3306derp->is', NULL),
(6, 23, 'database', NULL),
(6, 24, 'root', NULL),
(6, 25, 'username', NULL),
(6, 26, 'password', NULL),
(6, 18, 'creating', NULL),
(6, 27, 'query', NULL),
(6, 28, 'executing', NULL),
(6, 29, 'comment', NULL),
(6, 30, 'first', NULL),
(6, 29, 'comment', NULL),
(6, 31, 'CONSTRUCTOR', NULL),
(6, 32, 'long', NULL),
(6, 33, 'another', NULL),
(6, 34, 'single', NULL),
(6, 35, 'line', NULL),
(6, 36, 'Also', NULL),
(6, 37, 'more', NULL),
(6, 38, 'javadoc', NULL),
(6, 39, 'cmnt', NULL),
(6, 40, 'trick', NULL),
(6, 41, 'help', NULL),
(6, 42, 'debugging', NULL),
(6, 31, 'Constructor', NULL),
(6, 43, 'turn', NULL),
(6, 44, 'Default', NULL),
(6, 31, 'constructor', NULL),
(6, 45, 'Invokes', NULL),
(6, 46, 'parameter', NULL),
(6, 47, 'Point2D', NULL),
(6, 48, 'Note', NULL),
(6, 49, 'this()', NULL),
(6, 50, 'invocation', NULL),
(6, 51, 'must', NULL),
(6, 52, 'BEGINNING', NULL),
(6, 53, 'statement', NULL),
(6, 54, 'body', NULL),
(6, 33, 'Another', NULL),
(6, 55, 'consructor', NULL),
(6, 56, 'better', NULL),
(6, 57, 'method', NULL),
(6, 58, 'would', NULL),
(6, 59, 'replace', NULL),
(6, 60, 'above', NULL),
(6, 61, 'code', NULL),
(6, 62, '(pt.getX(),', NULL),
(6, 63, 'pt.getY());', NULL),
(6, 64, 'especially', NULL),
(6, 65, 'since', NULL),
(6, 66, 'does', NULL),
(6, 67, 'initialize', NULL),
(6, 19, 'variable', NULL),
(6, 68, 'debug.', NULL),
(6, 69, 'reusing', NULL),
(6, 70, 'already', NULL),
(6, 71, 'working.', NULL),
(6, 72, 'print', NULL),
(6, 73, 'string', NULL),
(6, 74, 'only', NULL),
(6, 75, '"debug"', NULL),
(6, 76, 'data', NULL),
(6, 77, 'member', NULL),
(6, 78, 'true', NULL),
(6, 79, 'check', NULL),
(6, 80, 'dprint()', NULL),
(6, 81, 'coordinates', NULL),
(6, 82, 'point--instance', NULL),
(6, 83, 'variables', NULL),
(6, 84, 'have', NULL),
(6, 85, 'complex', NULL),
(6, 86, 'electronic', NULL),
(6, 87, 'circuit', NULL),
(6, 88, 'maintain', NULL),
(6, 89, 'current', NULL),
(6, 11, 'device', NULL),
(7, 1, 'FileWriter', NULL),
(7, 2, 'fileWritter', NULL),
(7, 3, 'FileWriter(outfileName,true)', NULL),
(7, 4, 'BufferedWriter', NULL),
(7, 5, 'writer', NULL),
(7, 6, 'BufferedWriter(fileWritter);', NULL),
(7, 7, 'OnCommand', NULL),
(7, 8, 'instantiated', NULL),
(7, 9, 'based', NULL),
(7, 10, 'active', NULL),
(7, 11, 'device', NULL),
(7, 12, 'supplied', NULL),
(7, 13, 'Remote', NULL),
(7, 90, 'leaf', NULL),
(7, 91, 'node', NULL),
(7, 57, 'method', NULL),
(7, 92, 'applicable', NULL),
(7, 93, 'class.', NULL),
(7, 94, 'class,there', NULL),
(7, 95, 'many', NULL),
(7, 96, 'methods', NULL),
(7, 97, 'which', NULL),
(7, 98, 'developer', NULL),
(7, 99, 'because', NULL),
(7, 100, 'node.', NULL),
(7, 14, 'Accesing', NULL),
(7, 15, 'driver', NULL),
(7, 16, 'from', NULL),
(7, 17, 'file', NULL),
(7, 18, 'Creating', NULL),
(7, 19, 'variable', NULL),
(7, 20, 'connection', NULL),
(7, 21, 'localhost:3306derp","root","");', NULL),
(7, 22, 'jdbc:mysql:localhost:3306derp->is', NULL),
(7, 23, 'database', NULL),
(7, 24, 'root', NULL),
(7, 25, 'username', NULL),
(7, 26, 'password', NULL),
(7, 18, 'creating', NULL),
(7, 27, 'query', NULL),
(7, 28, 'executing', NULL),
(7, 29, 'comment', NULL),
(7, 30, 'first', NULL),
(7, 29, 'comment', NULL),
(7, 31, 'CONSTRUCTOR', NULL),
(7, 32, 'long', NULL),
(7, 33, 'another', NULL),
(7, 34, 'single', NULL),
(7, 35, 'line', NULL),
(7, 36, 'Also', NULL),
(7, 37, 'more', NULL),
(7, 38, 'javadoc', NULL),
(7, 39, 'cmnt', NULL),
(7, 40, 'trick', NULL),
(7, 41, 'help', NULL),
(7, 42, 'debugging', NULL),
(7, 31, 'Constructor', NULL),
(7, 43, 'turn', NULL),
(7, 44, 'Default', NULL),
(7, 31, 'constructor', NULL),
(7, 45, 'Invokes', NULL),
(7, 46, 'parameter', NULL),
(7, 47, 'Point2D', NULL),
(7, 48, 'Note', NULL),
(7, 49, 'this()', NULL),
(7, 50, 'invocation', NULL),
(7, 51, 'must', NULL),
(7, 52, 'BEGINNING', NULL),
(7, 53, 'statement', NULL),
(7, 54, 'body', NULL),
(7, 33, 'Another', NULL),
(7, 55, 'consructor', NULL),
(7, 56, 'better', NULL),
(7, 57, 'method', NULL),
(7, 58, 'would', NULL),
(7, 59, 'replace', NULL),
(7, 60, 'above', NULL),
(7, 61, 'code', NULL),
(7, 62, '(pt.getX(),', NULL),
(7, 63, 'pt.getY());', NULL),
(7, 64, 'especially', NULL),
(7, 65, 'since', NULL),
(7, 66, 'does', NULL),
(7, 67, 'initialize', NULL),
(7, 19, 'variable', NULL),
(7, 68, 'debug.', NULL),
(7, 69, 'reusing', NULL),
(7, 70, 'already', NULL),
(7, 71, 'working.', NULL),
(7, 72, 'print', NULL),
(7, 73, 'string', NULL),
(7, 74, 'only', NULL),
(7, 75, '"debug"', NULL),
(7, 76, 'data', NULL),
(7, 77, 'member', NULL),
(7, 78, 'true', NULL),
(7, 79, 'check', NULL),
(7, 80, 'dprint()', NULL),
(7, 81, 'coordinates', NULL),
(7, 82, 'point--instance', NULL),
(7, 83, 'variables', NULL),
(7, 84, 'have', NULL),
(7, 85, 'complex', NULL),
(7, 86, 'electronic', NULL),
(7, 87, 'circuit', NULL),
(7, 88, 'maintain', NULL),
(7, 89, 'current', NULL),
(7, 11, 'device', NULL),
(8, 1, 'FileWriter', NULL),
(8, 2, 'fileWritter', NULL),
(8, 3, 'FileWriter(outfileName,true)', NULL),
(8, 4, 'BufferedWriter', NULL),
(8, 5, 'writer', NULL),
(8, 6, 'BufferedWriter(fileWritter);', NULL),
(8, 7, 'OnCommand', NULL),
(8, 8, 'instantiated', NULL),
(8, 9, 'based', NULL),
(8, 10, 'active', NULL),
(8, 11, 'device', NULL),
(8, 12, 'supplied', NULL),
(8, 13, 'Remote', NULL),
(8, 90, 'leaf', NULL),
(8, 91, 'node', NULL),
(8, 57, 'method', NULL),
(8, 92, 'applicable', NULL),
(8, 93, 'class.', NULL),
(8, 94, 'class,there', NULL),
(8, 95, 'many', NULL),
(8, 96, 'methods', NULL),
(8, 97, 'which', NULL),
(8, 98, 'developer', NULL),
(8, 99, 'because', NULL),
(8, 100, 'node.', NULL),
(8, 14, 'Accesing', NULL),
(8, 15, 'driver', NULL),
(8, 16, 'from', NULL),
(8, 17, 'file', NULL),
(8, 18, 'Creating', NULL),
(8, 19, 'variable', NULL),
(8, 20, 'connection', NULL),
(8, 21, 'localhost:3306derp","root","");', NULL),
(8, 22, 'jdbc:mysql:localhost:3306derp->is', NULL),
(8, 23, 'database', NULL),
(8, 24, 'root', NULL),
(8, 25, 'username', NULL),
(8, 26, 'password', NULL),
(8, 18, 'creating', NULL),
(8, 27, 'query', NULL),
(8, 28, 'executing', NULL),
(8, 29, 'comment', NULL),
(8, 30, 'first', NULL),
(8, 29, 'comment', NULL),
(8, 31, 'CONSTRUCTOR', NULL),
(8, 32, 'long', NULL),
(8, 33, 'another', NULL),
(8, 34, 'single', NULL),
(8, 35, 'line', NULL),
(8, 36, 'Also', NULL),
(8, 37, 'more', NULL),
(8, 38, 'javadoc', NULL),
(8, 39, 'cmnt', NULL),
(8, 40, 'trick', NULL),
(8, 41, 'help', NULL),
(8, 42, 'debugging', NULL),
(8, 31, 'Constructor', NULL),
(8, 43, 'turn', NULL),
(8, 44, 'Default', NULL),
(8, 31, 'constructor', NULL),
(8, 45, 'Invokes', NULL),
(8, 46, 'parameter', NULL),
(8, 47, 'Point2D', NULL),
(8, 48, 'Note', NULL),
(8, 49, 'this()', NULL),
(8, 50, 'invocation', NULL),
(8, 51, 'must', NULL),
(8, 52, 'BEGINNING', NULL),
(8, 53, 'statement', NULL),
(8, 54, 'body', NULL),
(8, 33, 'Another', NULL),
(8, 55, 'consructor', NULL),
(8, 56, 'better', NULL),
(8, 57, 'method', NULL),
(8, 58, 'would', NULL),
(8, 59, 'replace', NULL),
(8, 60, 'above', NULL),
(8, 61, 'code', NULL),
(8, 62, '(pt.getX(),', NULL),
(8, 63, 'pt.getY());', NULL),
(8, 64, 'especially', NULL),
(8, 65, 'since', NULL),
(8, 66, 'does', NULL),
(8, 67, 'initialize', NULL),
(8, 19, 'variable', NULL),
(8, 68, 'debug.', NULL),
(8, 69, 'reusing', NULL),
(8, 70, 'already', NULL),
(8, 71, 'working.', NULL),
(8, 72, 'print', NULL),
(8, 73, 'string', NULL),
(8, 74, 'only', NULL),
(8, 75, '"debug"', NULL),
(8, 76, 'data', NULL),
(8, 77, 'member', NULL),
(8, 78, 'true', NULL),
(8, 79, 'check', NULL),
(8, 80, 'dprint()', NULL),
(8, 81, 'coordinates', NULL),
(8, 82, 'point--instance', NULL),
(8, 83, 'variables', NULL),
(8, 84, 'have', NULL),
(8, 85, 'complex', NULL),
(8, 86, 'electronic', NULL),
(8, 87, 'circuit', NULL),
(8, 88, 'maintain', NULL),
(8, 89, 'current', NULL),
(8, 11, 'device', NULL),
(9, 1, 'FileWriter', NULL),
(9, 2, 'fileWritter', NULL),
(9, 3, 'FileWriter(outfileName,true)', NULL),
(9, 4, 'BufferedWriter', NULL),
(9, 5, 'writer', NULL),
(9, 6, 'BufferedWriter(fileWritter);', NULL),
(9, 7, 'OnCommand', NULL),
(9, 8, 'instantiated', NULL),
(9, 9, 'based', NULL),
(9, 10, 'active', NULL),
(9, 11, 'device', NULL),
(9, 12, 'supplied', NULL),
(9, 13, 'Remote', NULL),
(9, 90, 'leaf', NULL),
(9, 91, 'node', NULL),
(9, 57, 'method', NULL),
(9, 92, 'applicable', NULL),
(9, 93, 'class.', NULL),
(9, 94, 'class,there', NULL),
(9, 95, 'many', NULL),
(9, 96, 'methods', NULL),
(9, 97, 'which', NULL),
(9, 98, 'developer', NULL),
(9, 99, 'because', NULL),
(9, 100, 'node.', NULL),
(9, 14, 'Accesing', NULL),
(9, 15, 'driver', NULL),
(9, 16, 'from', NULL),
(9, 17, 'file', NULL),
(9, 18, 'Creating', NULL),
(9, 19, 'variable', NULL),
(9, 20, 'connection', NULL),
(9, 21, 'localhost:3306derp","root","");', NULL),
(9, 22, 'jdbc:mysql:localhost:3306derp->is', NULL),
(9, 23, 'database', NULL),
(9, 24, 'root', NULL),
(9, 25, 'username', NULL),
(9, 26, 'password', NULL),
(9, 18, 'creating', NULL),
(9, 27, 'query', NULL),
(9, 28, 'executing', NULL),
(9, 29, 'comment', NULL),
(9, 30, 'first', NULL),
(9, 29, 'comment', NULL),
(9, 31, 'CONSTRUCTOR', NULL),
(9, 32, 'long', NULL),
(9, 33, 'another', NULL),
(9, 34, 'single', NULL),
(9, 35, 'line', NULL),
(9, 36, 'Also', NULL),
(9, 37, 'more', NULL),
(9, 38, 'javadoc', NULL),
(9, 39, 'cmnt', NULL),
(9, 40, 'trick', NULL),
(9, 41, 'help', NULL),
(9, 42, 'debugging', NULL),
(9, 31, 'Constructor', NULL),
(9, 43, 'turn', NULL),
(9, 44, 'Default', NULL),
(9, 31, 'constructor', NULL),
(9, 45, 'Invokes', NULL),
(9, 46, 'parameter', NULL),
(9, 47, 'Point2D', NULL),
(9, 48, 'Note', NULL),
(9, 49, 'this()', NULL),
(9, 50, 'invocation', NULL),
(9, 51, 'must', NULL),
(9, 52, 'BEGINNING', NULL),
(9, 53, 'statement', NULL),
(9, 54, 'body', NULL),
(9, 33, 'Another', NULL),
(9, 55, 'consructor', NULL),
(9, 56, 'better', NULL),
(9, 57, 'method', NULL),
(9, 58, 'would', NULL),
(9, 59, 'replace', NULL),
(9, 60, 'above', NULL),
(9, 61, 'code', NULL),
(9, 62, '(pt.getX(),', NULL),
(9, 63, 'pt.getY());', NULL),
(9, 64, 'especially', NULL),
(9, 65, 'since', NULL),
(9, 66, 'does', NULL),
(9, 67, 'initialize', NULL),
(9, 19, 'variable', NULL),
(9, 68, 'debug.', NULL),
(9, 69, 'reusing', NULL),
(9, 70, 'already', NULL),
(9, 71, 'working.', NULL),
(9, 72, 'print', NULL),
(9, 73, 'string', NULL),
(9, 74, 'only', NULL),
(9, 75, '"debug"', NULL),
(9, 76, 'data', NULL),
(9, 77, 'member', NULL),
(9, 78, 'true', NULL),
(9, 79, 'check', NULL),
(9, 80, 'dprint()', NULL),
(9, 81, 'coordinates', NULL),
(9, 82, 'point--instance', NULL),
(9, 83, 'variables', NULL),
(9, 84, 'have', NULL),
(9, 85, 'complex', NULL),
(9, 86, 'electronic', NULL),
(9, 87, 'circuit', NULL),
(9, 88, 'maintain', NULL),
(9, 89, 'current', NULL),
(9, 11, 'device', NULL);

-- --------------------------------------------------------

--
-- Table structure for table `file_directory`
--

CREATE TABLE `file_directory` (
  `ID` int(100) NOT NULL,
  `Directory` text NOT NULL
) ENGINE=InnoDB DEFAULT CHARSET=latin1;

--
-- Dumping data for table `file_directory`
--

INSERT INTO `file_directory` (`ID`, `Directory`) VALUES
(1, 'gfdg'),
(2, 'D:\\DPSS\\Example Code\\huston\\Composite'),
(3, 'D:\\DPSS\\Example Code\\huston\\Command'),
(4, 'D:\\DPSS\\Example Code\\huston\\Command'),
(5, 'C:\\Users\\Natasha Khan\\Downloads\\huston'),
(6, 'C:\\Users\\Natasha Khan\\Downloads\\huston'),
(7, 'C:\\Users\\Natasha Khan\\Downloads\\huston'),
(8, 'C:\\Users\\Natasha Khan\\Downloads\\huston\\huston\\Composite'),
(9, 'C:\\Users\\Natasha Khan\\Downloads\\huston\\huston\\Composite'),
(10, 'C:\\Users\\Natasha Khan\\Downloads\\huston\\huston\\Composite'),
(11, 'C:\\Users\\Natasha Khan\\Downloads\\huston\\huston\\Command'),
(12, 'C:\\Users\\Natasha Khan\\Downloads\\huston\\huston\\Command'),
(13, 'C:\\Users\\Natasha Khan\\Downloads\\huston\\huston\\Command'),
(14, 'C:\\Users\\Natasha Khan\\Downloads\\huston\\huston\\Command'),
(15, 'C:\\Users\\Natasha Khan\\Downloads\\huston\\huston\\Command'),
(16, 'C:\\Users\\Natasha Khan\\Downloads\\huston\\huston\\Command'),
(17, 'C:\\Users\\Natasha Khan\\Downloads\\huston\\huston\\Command'),
(18, 'C:\\Users\\Natasha Khan\\Downloads\\huston\\huston\\Command'),
(19, 'C:\\Users\\Natasha Khan\\Downloads\\huston\\huston\\Command'),
(20, 'C:\\Users\\Natasha Khan\\Downloads\\huston\\huston\\Command'),
(21, 'C:\\Users\\Natasha Khan\\Downloads\\huston\\huston\\Command'),
(22, 'C:\\Users\\Natasha Khan\\Documents'),
(23, 'C:\\Users\\Natasha Khan\\Downloads\\huston\\huston\\Command'),
(24, 'C:\\Users\\Natasha Khan\\Downloads\\huston\\huston\\Command'),
(25, 'C:\\Users\\Natasha Khan\\Downloads\\huston\\huston\\Command'),
(26, 'C:\\Users\\Natasha Khan\\Downloads'),
(27, 'C:\\Users\\Natasha Khan\\Downloads\\huston\\huston\\Command'),
(28, 'C:\\Users\\Natasha Khan\\Downloads\\huston\\huston\\Command'),
(29, 'C:\\Users\\Natasha Khan\\Downloads\\huston\\huston\\Command'),
(30, 'C:\\Users\\Natasha Khan\\Downloads\\huston\\huston\\Command'),
(31, 'C:\\Users\\Natasha Khan\\Documents'),
(32, 'C:\\Users\\Natasha Khan\\Downloads\\huston\\huston\\Template_Method'),
(33, 'C:\\Users\\Natasha Khan\\Downloads\\huston\\huston\\Observer'),
(34, 'C:\\Users\\Natasha Khan\\Downloads\\huston\\huston\\Decorator'),
(35, 'C:\\Users\\Natasha Khan\\Downloads\\huston\\huston\\Command'),
(36, 'C:\\Users\\Natasha Khan\\Downloads\\huston\\huston\\Command'),
(37, 'C:\\Users\\Natasha Khan\\Downloads\\huston\\huston\\Command'),
(38, 'C:\\Users\\Natasha Khan\\Downloads\\huston\\huston\\Command'),
(39, 'C:\\Users\\Natasha Khan\\Downloads\\huston\\huston\\Command'),
(40, 'C:\\Users\\Natasha Khan\\Downloads\\huston\\huston\\Command'),
(41, 'C:\\Users\\Natasha Khan\\Downloads\\huston\\huston\\Command'),
(42, 'C:\\Users\\Natasha Khan\\Downloads\\huston\\huston\\Strategy+Template_Method'),
(43, 'C:\\Users\\Natasha Khan\\Downloads\\huston\\huston'),
(44, 'C:\\Users\\Natasha Khan\\Downloads\\huston\\huston\\Command'),
(45, 'C:\\Users\\Natasha Khan\\Downloads\\huston\\huston\\Command'),
(46, 'C:\\Users\\Natasha Khan\\Downloads\\huston\\huston\\Command'),
(47, 'C:\\Users\\Natasha Khan\\Downloads\\huston\\huston\\Command'),
(48, 'C:\\Users\\Natasha Khan\\Downloads\\huston\\huston'),
(49, 'C:\\Users\\Natasha Khan\\Downloads\\huston\\huston\\Command'),
(50, 'C:\\Users\\Natasha Khan\\Downloads\\huston\\huston\\Command'),
(51, 'C:\\Users\\Natasha Khan\\Downloads\\huston\\huston\\Command'),
(52, 'C:\\Users\\Natasha Khan\\Downloads\\huston'),
(53, 'C:\\Users\\Natasha Khan\\Downloads\\huston\\huston'),
(54, 'C:\\Users\\Natasha Khan\\Downloads\\huston\\huston'),
(55, 'C:\\Users\\Natasha Khan\\Downloads\\huston\\huston'),
(56, 'C:\\Users\\Natasha Khan\\Documents'),
(57, 'C:\\Users\\Natasha Khan\\Documents\\CommandPattern'),
(58, 'C:\\Users\\Natasha Khan\\Documents\\CompositePattern'),
(59, 'C:\\Users\\Natasha Khan\\Documents\\CompositePattern'),
(60, 'C:\\Users\\Natasha Khan\\Documents\\ProxyPattern'),
(61, 'C:\\Users\\Natasha Khan\\Documents\\FactoryPattern'),
(62, 'C:\\Users\\Natasha Khan\\Documents\\DecoratorPattern'),
(63, 'C:\\Users\\Natasha Khan\\Documents\\CommandPattern'),
(64, 'C:\\Users\\Natasha Khan\\Documents\\CommandPattern'),
(65, 'C:\\Users\\Natasha Khan\\Documents\\CommandPattern'),
(66, 'C:\\Users\\Natasha Khan\\Documents\\CompositePattern'),
(67, 'C:\\Users\\Natasha Khan\\Documents\\CommandPattern'),
(68, 'C:\\Users\\Natasha Khan\\Documents\\CommandPattern'),
(69, 'C:\\Users\\Natasha Khan\\Documents\\CompositePattern'),
(70, 'C:\\Users\\Natasha Khan\\Documents\\CommandPattern'),
(71, 'C:\\Users\\Natasha Khan\\Documents\\CompositePattern'),
(72, 'C:\\Users\\Natasha Khan\\Documents\\CompositePattern'),
(73, 'C:\\Users\\Natasha Khan\\Documents\\CommandPattern'),
(74, 'C:\\Users\\Natasha Khan\\Documents\\CommandPattern'),
(75, 'C:\\Users\\Natasha Khan\\Documents\\CommandPattern'),
(76, 'C:\\Users\\Natasha Khan\\Documents\\CommandPattern'),
(77, 'C:\\Users\\Natasha Khan\\Documents\\CommandPattern'),
(78, 'C:\\Users\\Natasha Khan\\Documents\\CommandPattern'),
(79, 'C:\\Users\\Natasha Khan\\Documents\\CommandPattern'),
(80, 'C:\\Users\\Natasha Khan\\Documents\\CommandPattern'),
(81, 'C:\\Users\\Natasha Khan\\Documents\\CommandPattern'),
(82, 'C:\\Users\\Natasha Khan\\Documents\\CommandPattern'),
(83, 'C:\\Users\\Natasha Khan\\Documents\\CommandPattern'),
(84, 'C:\\Users\\Natasha Khan\\Documents\\CommandPattern'),
(85, 'C:\\Users\\Natasha Khan\\Documents\\CommandPattern'),
(86, 'C:\\Users\\Natasha Khan\\Documents\\CommandPattern'),
(87, 'C:\\Users\\Natasha Khan\\Documents\\CommandPattern'),
(88, 'C:\\Users\\Natasha Khan\\Documents\\CommandPattern'),
(89, 'C:\\Users\\Natasha Khan\\Documents\\CommandPattern'),
(90, 'C:\\Users\\Natasha Khan\\Documents\\CommandPattern'),
(91, 'C:\\Users\\Natasha Khan\\Documents\\CompositePattern'),
(92, 'C:\\Users\\Natasha Khan\\Downloads\\Strategy'),
(93, 'C:\\Users\\Natasha Khan\\Downloads\\SingletonPattern-Project'),
(94, 'D:\\Strategy_old'),
(95, 'D:\\Strategy'),
(96, 'C:\\Users\\Natasha Khan\\Downloads\\Strategy'),
(97, 'C:\\Users\\Natasha Khan\\Dropbox\\Reaserch Project\\DPA2 201511190118\\DPA2\\DPA2'),
(98, 'C:\\Users\\Natasha Khan\\Dropbox\\Reaserch Project\\DPA2 201511190118\\DPA2\\DPA2'),
(99, 'C:\\Users\\Natasha Khan\\Dropbox\\Reaserch Project\\DPA2 201511190118\\DPA2\\DPA2'),
(100, 'C:\\Users\\Natasha Khan\\Dropbox\\Reaserch Project\\DPA2 201511190118\\DPA2\\DPA2');

-- --------------------------------------------------------

--
-- Table structure for table `lookupwords`
--

CREATE TABLE `lookupwords` (
  `WordId` int(11) NOT NULL,
  `Word` varchar(10000) NOT NULL
) ENGINE=InnoDB DEFAULT CHARSET=latin1;

--
-- Dumping data for table `lookupwords`
--

INSERT INTO `lookupwords` (`WordId`, `Word`) VALUES
(1, 'FileWriter'),
(2, 'fileWritter'),
(3, 'FileWriter(outfileName,true)'),
(4, 'BufferedWriter'),
(5, 'writer'),
(6, 'BufferedWriter(fileWritter);'),
(7, 'OnCommand'),
(8, 'instantiated'),
(9, 'based'),
(10, 'active'),
(11, 'device'),
(12, 'supplied'),
(13, 'Remote'),
(14, 'Accesing'),
(15, 'driver'),
(16, 'from'),
(17, 'file'),
(18, 'Creating'),
(19, 'variable'),
(20, 'connection'),
(21, 'localhost:3306derp","root","");'),
(22, 'jdbc:mysql:localhost:3306derp->is'),
(23, 'database'),
(24, 'root'),
(25, 'username'),
(26, 'password'),
(27, 'query'),
(28, 'executing'),
(29, 'comment'),
(30, 'first'),
(31, 'CONSTRUCTOR'),
(32, 'long'),
(33, 'another'),
(34, 'single'),
(35, 'line'),
(36, 'Also'),
(37, 'more'),
(38, 'javadoc'),
(39, 'cmnt'),
(40, 'trick'),
(41, 'help'),
(42, 'debugging'),
(43, 'turn'),
(44, 'Default'),
(45, 'Invokes'),
(46, 'parameter'),
(47, 'Point2D'),
(48, 'Note'),
(49, 'this()'),
(50, 'invocation'),
(51, 'must'),
(52, 'BEGINNING'),
(53, 'statement'),
(54, 'body'),
(55, 'consructor'),
(56, 'better'),
(57, 'method'),
(58, 'would'),
(59, 'replace'),
(60, 'above'),
(61, 'code'),
(62, '(pt.getX(),'),
(63, 'pt.getY());'),
(64, 'especially'),
(65, 'since'),
(66, 'does'),
(67, 'initialize'),
(68, 'debug.'),
(69, 'reusing'),
(70, 'already'),
(71, 'working.'),
(72, 'print'),
(73, 'string'),
(74, 'only'),
(75, '"debug"'),
(76, 'data'),
(77, 'member'),
(78, 'true'),
(79, 'check'),
(80, 'dprint()'),
(81, 'coordinates'),
(82, 'point--instance'),
(83, 'variables'),
(84, 'have'),
(85, 'complex'),
(86, 'electronic'),
(87, 'circuit'),
(88, 'maintain'),
(89, 'current'),
(90, 'leaf'),
(91, 'node'),
(92, 'applicable'),
(93, 'class.'),
(94, 'class,there'),
(95, 'many'),
(96, 'methods'),
(97, 'which'),
(98, 'developer'),
(99, 'because'),
(100, 'node.');

-- --------------------------------------------------------

--
-- Table structure for table `methodnames`
--

CREATE TABLE `methodnames` (
  `patternInstanceID` int(100) NOT NULL,
  `roleName` varchar(200) NOT NULL,
  `methodName` varchar(200) NOT NULL,
  `className` varchar(200) NOT NULL
) ENGINE=InnoDB DEFAULT CHARSET=latin1;

--
-- Dumping data for table `methodnames`
--

INSERT INTO `methodnames` (`patternInstanceID`, `roleName`, `methodName`, `className`) VALUES
(1, 'FactoryMethod()', 'factoryMethod', 'Creator'),
(2, 'Operation()', 'findAndClone(java.lang.String)', 'PrototypesModule'),
(4, 'Request()/Execute()', 'execute', 'FanOffCommand'),
(4, 'Request()/Execute()', 'execute', 'FanOnCommand'),
(4, 'Request()/Execute()', 'execute', 'LightOffCommand'),
(4, 'Request()/Execute()', 'execute', 'LightOnCommand'),
(5, 'Operation()', 'traverse', 'Box'),
(5, 'Operation()', 'traverse', 'Composite'),
(5, 'Operation()', 'accept(Visitor)', 'Composite'),
(6, 'Operation()', 'draw', 'Decorator'),
(7, 'Notify()', 'findAndClone(java.lang.String)', 'PrototypesModule'),
(7, 'Notify()', 'soundTheAlarm', 'SensorSystem'),
(9, 'TemplateMethod()', 'anOperation', 'Creator'),
(9, 'TemplateMethod()', 'solve', 'TemplateMethod1'),
(9, 'TemplateMethod()', 'solve', 'TemplateMethod2'),
(9, 'TemplateMethod()', 'findSolution', 'Generalization'),
(9, 'TemplateMethod()', 'stepThr', 'Specialization'),
(10, 'Accept()', 'accept(Visitor)', 'Composite'),
(10, 'Accept()', 'accept(Visitor)', 'Leaf'),
(11, 'Request()', 'displayImage', 'ProxyImage'),
(1, 'FactoryMethod', 'factoryMethod', 'Creator'),
(2, 'Operation', 'findAndClone(java.lang.String)', 'PrototypesModule'),
(4, 'Request/Execute', 'execute', 'FanOffCommand'),
(4, 'Request/Execute', 'execute', 'FanOnCommand'),
(4, 'Request/Execute', 'execute', 'LightOffCommand'),
(4, 'Request/Execute', 'execute', 'LightOnCommand'),
(5, 'Operation', 'traverse', 'Box'),
(5, 'Operation', 'traverse', 'Composite'),
(5, 'Operation', 'accept(Visitor)', 'Composite'),
(6, 'Operation', 'draw', 'Decorator'),
(7, 'Notify', 'findAndClone(java.lang.String)', 'PrototypesModule'),
(7, 'Notify', 'soundTheAlarm', 'SensorSystem'),
(9, 'TemplateMethod', 'anOperation', 'Creator'),
(9, 'TemplateMethod', 'solve', 'TemplateMethod1'),
(9, 'TemplateMethod', 'solve', 'TemplateMethod2'),
(9, 'TemplateMethod', 'findSolution', 'Generalization'),
(9, 'TemplateMethod', 'stepThr', 'Specialization'),
(10, 'Accept', 'accept(Visitor)', 'Composite'),
(10, 'Accept', 'accept(Visitor)', 'Leaf'),
(11, 'Request', 'displayImage', 'ProxyImage'),
(4, 'Request/Execute', 'execute', 'com.javapapers.designpattern.command.OnCommand'),
(5, 'Operation', 'print', 'org.arpit.javapostsforlearning.designpatterns.Manager'),
(4, 'Request/Execute', 'execute', 'com.javapapers.designpattern.command.OnCommand'),
(4, 'Request/Execute', 'execute', 'com.javapapers.designpattern.command.OnCommand'),
(4, 'Request/Execute', 'execute', 'com.javapapers.designpattern.command.OnCommand'),
(4, 'Request/Execute', 'execute', 'com.javapapers.designpattern.command.OnCommand'),
(4, 'Request/Execute', 'execute', 'com.javapapers.designpattern.command.OnCommand'),
(5, 'Operation', 'print', 'org.arpit.javapostsforlearning.designpatterns.Manager'),
(160, 'Request/Execute', 'updateSensorData(marsrover.DataObserver.sensorData)', 'marsrover.DataObserver.REMS'),
(160, 'Request/Execute', 'execute', 'marsrover.Command.MoveBackwardCommand'),
(160, 'Request/Execute', 'execute', 'marsrover.Command.MoveForwardCommand'),
(160, 'Request/Execute', 'execute', 'marsrover.Command.RotateLeftCommand'),
(160, 'Request/Execute', 'execute', 'marsrover.Command.RotateRightCommand'),
(160, 'Request/Execute', 'execute', 'marsrover.Command.TakePictureCommand'),
(160, 'Request/Execute', 'execute', 'marsrover.Command.TakeSampleCommand'),
(160, 'Request/Execute', 'update', 'marsrover.DataObserver.Earth'),
(160, 'Request/Execute', 'update', 'marsrover.Observer.Rover'),
(162, 'Notify', 'notifyObservers', 'marsrover.DataObserver.REMS'),
(162, 'Notify', 'notifyObserver', 'marsrover.Observer.Camera'),
(164, 'TemplateMethod', 'AnalyzeSpecimen(boolean)', 'marsrover.ChainOfResponsibility.AbstractAnalysis');

-- --------------------------------------------------------

--
-- Table structure for table `patterninstance`
--

CREATE TABLE `patterninstance` (
  `patternID` int(11) NOT NULL,
  `patternInstanceID` int(100) NOT NULL,
  `instanceClass` text NOT NULL,
  `projectName` text NOT NULL
) ENGINE=InnoDB DEFAULT CHARSET=latin1;

--
-- Dumping data for table `patterninstance`
--

INSERT INTO `patterninstance` (`patternID`, `patternInstanceID`, `instanceClass`, `projectName`) VALUES
(1, 1, '2', ''),
(5, 2, '[Component: Entity | Composite: Box | Operation(): Box::traverse():void | ]', ''),
(7, 3, '[Observer: AlarmListener | Subject: SensorSystem | Notify(): SensorSystem::soundTheAlarm():void | ]', ''),
(5, 4, '[Component: Entity | Composite: Box | Operation(): Box::traverse():void | ]', ''),
(5, 5, '[Component: Entity | Composite: Box | Operation(): Box::traverse():void | ]', 'hello'),
(5, 6, '[Component: Entity | Composite: Box | Operation(): Box::traverse():void | ]', 'hello'),
(5, 7, '[Component: Entity | Composite: Box | Operation(): Box::traverse():void | ]', 'hello'),
(5, 8, '[Component: Entity | Composite: Box | Operation(): Box::traverse():void | ]', 'hello'),
(5, 9, '[Component: Component | Composite: Composite | Operation(): Composite::traverse():void | Operation(): Composite::accept(Visitor):void | ]', 'hello'),
(10, 10, '[ConcreteElement: Composite | Visitor: Visitor | Accept(): Composite::accept(Visitor):void | , ConcreteElement: Leaf | Visitor: Visitor | Accept(): Leaf::accept(Visitor):void | ]', 'hello'),
(8, 11, '[Context: StrategyDemo | State/Strategy: Strategy | ]', 'hello'),
(9, 12, '[AbstractClass: TemplateMethod1 | TemplateMethod(): TemplateMethod1::solve():void | , AbstractClass: TemplateMethod2 | TemplateMethod(): TemplateMethod2::solve():void | ]', 'hello'),
(5, 13, '[Component: Entity | Composite: Box | Operation(): Box::traverse():void | ]', 'hello'),
(1, 14, '[Creator: Creator | FactoryMethod(): Creator::factoryMethod():Product | ]', 'hello'),
(2, 15, '[Client: PrototypesModule | Prototype: Prototype | Operation(): PrototypesModule::findAndClone(java.lang.String):java.lang.Object | ]', 'hello'),
(3, 16, '[Singleton: ClassicSingleton | uniqueInstance: private static ClassicSingleton instance | ]', 'hello'),
(4, 17, '[Adaptee/Receiver: Fan | Adapter/ConcreteCommand: FanOffCommand | Request()/Execute(): FanOffCommand::execute():void | , Adaptee/Receiver: Fan | Adapter/ConcreteCommand: FanOnCommand | Request()/Execute(): FanOnCommand::execute():void | , Adaptee/Receiver: Light | Adapter/ConcreteCommand: LightOffCommand | Request()/Execute(): LightOffCommand::execute():void | , Adaptee/Receiver: Light | Adapter/ConcreteCommand: LightOnCommand | Request()/Execute(): LightOnCommand::execute():void | ]', 'hello'),
(5, 18, '[Component: Entity | Composite: Box | Operation(): Box::traverse():void | , Component: Component | Composite: Composite | Operation(): Composite::traverse():void | Operation(): Composite::accept(Visitor):void | ]', 'hello'),
(6, 19, '[Component: Widget | Decorator: Decorator | component: private Widget wid | Operation(): Decorator::draw():void | ]', 'hello'),
(7, 20, '[Observer: Prototype | Subject: PrototypesModule | Notify(): PrototypesModule::findAndClone(java.lang.String):java.lang.Object | , Observer: AlarmListener | Subject: SensorSystem | Notify(): SensorSystem::soundTheAlarm():void | ]', 'hello'),
(8, 21, '[Context: Switch | State/Strategy: Command | , Context: FSM | State/Strategy: State | , Context: PrototypesModule | State/Strategy: Prototype | , Context: StrategyDemo | State/Strategy: Strategy | ]', 'hello'),
(9, 22, '[AbstractClass: Creator | TemplateMethod(): Creator::anOperation():void | , AbstractClass: TemplateMethod1 | TemplateMethod(): TemplateMethod1::solve():void | , AbstractClass: TemplateMethod2 | TemplateMethod(): TemplateMethod2::solve():void | , AbstractClass: Generalization | TemplateMethod(): Generalization::findSolution():void | , AbstractClass: Specialization | TemplateMethod(): Specialization::stepThr():void | ]', 'hello'),
(10, 23, '[ConcreteElement: Composite | Visitor: Visitor | Accept(): Composite::accept(Visitor):void | , ConcreteElement: Leaf | Visitor: Visitor | Accept(): Leaf::accept(Visitor):void | ]', 'hello'),
(11, 24, '[Proxy: ProxyImage | RealSubject: RealImage | Request(): ProxyImage::displayImage():void | ]', 'hello'),
(1, 25, '[Creator: Creator | FactoryMethod(): Creator::factoryMethod():Product | ]', 'hello'),
(2, 26, '[Client: PrototypesModule | Prototype: Prototype | Operation(): PrototypesModule::findAndClone(java.lang.String):java.lang.Object | ]', 'hello'),
(3, 27, '[Singleton: ClassicSingleton | uniqueInstance: private static ClassicSingleton instance | ]', 'hello'),
(4, 28, '[Adaptee/Receiver: Fan | Adapter/ConcreteCommand: FanOffCommand | Request()/Execute(): FanOffCommand::execute():void | , Adaptee/Receiver: Fan | Adapter/ConcreteCommand: FanOnCommand | Request()/Execute(): FanOnCommand::execute():void | , Adaptee/Receiver: Light | Adapter/ConcreteCommand: LightOffCommand | Request()/Execute(): LightOffCommand::execute():void | , Adaptee/Receiver: Light | Adapter/ConcreteCommand: LightOnCommand | Request()/Execute(): LightOnCommand::execute():void | ]', 'hello'),
(5, 29, '[Component: Entity | Composite: Box | Operation(): Box::traverse():void | , Component: Component | Composite: Composite | Operation(): Composite::traverse():void | Operation(): Composite::accept(Visitor):void | ]', 'hello'),
(6, 30, '[Component: Widget | Decorator: Decorator | component: private Widget wid | Operation(): Decorator::draw():void | ]', 'hello'),
(1, 31, '[Creator: Creator | FactoryMethod(): Creator::factoryMethod():Product | ]', 'hello'),
(2, 32, '[Client: PrototypesModule | Prototype: Prototype | Operation(): PrototypesModule::findAndClone(java.lang.String):java.lang.Object | ]', 'hello'),
(3, 33, '[Singleton: ClassicSingleton | uniqueInstance: private static ClassicSingleton instance | ]', 'hello'),
(4, 34, '[Adaptee/Receiver: Fan | Adapter/ConcreteCommand: FanOffCommand | Request()/Execute(): FanOffCommand::execute():void | , Adaptee/Receiver: Fan | Adapter/ConcreteCommand: FanOnCommand | Request()/Execute(): FanOnCommand::execute():void | , Adaptee/Receiver: Light | Adapter/ConcreteCommand: LightOffCommand | Request()/Execute(): LightOffCommand::execute():void | , Adaptee/Receiver: Light | Adapter/ConcreteCommand: LightOnCommand | Request()/Execute(): LightOnCommand::execute():void | ]', 'hello'),
(5, 35, '[Component: Entity | Composite: Box | Operation(): Box::traverse():void | , Component: Component | Composite: Composite | Operation(): Composite::traverse():void | Operation(): Composite::accept(Visitor):void | ]', 'hello'),
(6, 36, '[Component: Widget | Decorator: Decorator | component: private Widget wid | Operation(): Decorator::draw():void | ]', 'hello'),
(7, 37, '[Observer: Prototype | Subject: PrototypesModule | Notify(): PrototypesModule::findAndClone(java.lang.String):java.lang.Object | , Observer: AlarmListener | Subject: SensorSystem | Notify(): SensorSystem::soundTheAlarm():void | ]', 'hello'),
(8, 38, '[Context: Switch | State/Strategy: Command | , Context: FSM | State/Strategy: State | , Context: PrototypesModule | State/Strategy: Prototype | , Context: StrategyDemo | State/Strategy: Strategy | ]', 'hello'),
(9, 39, '[AbstractClass: Creator | TemplateMethod(): Creator::anOperation():void | , AbstractClass: TemplateMethod1 | TemplateMethod(): TemplateMethod1::solve():void | , AbstractClass: TemplateMethod2 | TemplateMethod(): TemplateMethod2::solve():void | , AbstractClass: Generalization | TemplateMethod(): Generalization::findSolution():void | , AbstractClass: Specialization | TemplateMethod(): Specialization::stepThr():void | ]', 'hello'),
(10, 40, '[ConcreteElement: Composite | Visitor: Visitor | Accept(): Composite::accept(Visitor):void | , ConcreteElement: Leaf | Visitor: Visitor | Accept(): Leaf::accept(Visitor):void | ]', 'hello'),
(11, 41, '[Proxy: ProxyImage | RealSubject: RealImage | Request(): ProxyImage::displayImage():void | ]', 'hello'),
(5, 42, '[Component: Entity | Composite: Box | Operation(): Box::traverse():void | ]', 'hello'),
(6, 43, '[Component: Widget | Decorator: Decorator | component: private Widget wid | Operation(): Decorator::draw():void | ]', 'hello'),
(1, 44, '[Creator: Creator | FactoryMethod(): Creator::factoryMethod():Product | ]', 'hello'),
(5, 45, '[Component: Entity | Composite: Box | Operation(): Box::traverse():void | ]', 'hello'),
(5, 46, '[Component: Entity | Composite: Box | Operation(): Box::traverse():void | ]', 'hello'),
(5, 47, '[Component: Entity | Composite: Box | Operation(): Box::traverse():void | ]', 'hello'),
(5, 48, '[Component: Entity | Composite: Box | Operation(): Box::traverse():void | ]', 'hello'),
(5, 49, '[Component: Entity | Composite: Box | Operation(): Box::traverse():void | ]', 'huston'),
(5, 50, '[Component: Entity | Composite: Box | Operation(): Box::traverse():void | ]', 'huston'),
(5, 51, '[Component: Entity | Composite: Box | Operation(): Box::traverse():void | ]', 'huston'),
(5, 52, '[Component: Entity | Composite: Box | Operation(): Box::traverse():void | ]', 'huston'),
(5, 53, '[Component: Component | Composite: Composite | Operation(): Composite::traverse():void | Operation(): Composite::accept(Visitor):void | ]', 'huston'),
(10, 54, '[ConcreteElement: Composite | Visitor: Visitor | Accept(): Composite::accept(Visitor):void | , ConcreteElement: Leaf | Visitor: Visitor | Accept(): Leaf::accept(Visitor):void | ]', 'huston'),
(4, 55, '[Adaptee/Receiver: Fan | Adapter/ConcreteCommand: FanOffCommand | Request()/Execute(): FanOffCommand::execute():void | , Adaptee/Receiver: Fan | Adapter/ConcreteCommand: FanOnCommand | Request()/Execute(): FanOnCommand::execute():void | , Adaptee/Receiver: Light | Adapter/ConcreteCommand: LightOffCommand | Request()/Execute(): LightOffCommand::execute():void | , Adaptee/Receiver: Light | Adapter/ConcreteCommand: LightOnCommand | Request()/Execute(): LightOnCommand::execute():void | ]', 'Hello'),
(8, 56, '[Context: StrategyDemo | State/Strategy: Strategy | ]', 'Hello'),
(9, 57, '[AbstractClass: TemplateMethod1 | TemplateMethod(): TemplateMethod1::solve():void | , AbstractClass: TemplateMethod2 | TemplateMethod(): TemplateMethod2::solve():void | ]', 'Hello'),
(1, 58, '[Creator: Creator | FactoryMethod(): Creator::factoryMethod():Product | ]', 'C:\\Users\\Natasha Khan\\Downloads\\huston\\huston'),
(2, 59, '[Client: PrototypesModule | Prototype: Prototype | Operation(): PrototypesModule::findAndClone(java.lang.String):java.lang.Object | ]', 'C:\\Users\\Natasha Khan\\Downloads\\huston\\huston'),
(3, 60, '[Singleton: ClassicSingleton | uniqueInstance: private static ClassicSingleton instance | ]', 'C:\\Users\\Natasha Khan\\Downloads\\huston\\huston'),
(4, 61, '[Adaptee/Receiver: Fan | Adapter/ConcreteCommand: FanOffCommand | Request()/Execute(): FanOffCommand::execute():void | , Adaptee/Receiver: Fan | Adapter/ConcreteCommand: FanOnCommand | Request()/Execute(): FanOnCommand::execute():void | , Adaptee/Receiver: Light | Adapter/ConcreteCommand: LightOffCommand | Request()/Execute(): LightOffCommand::execute():void | , Adaptee/Receiver: Light | Adapter/ConcreteCommand: LightOnCommand | Request()/Execute(): LightOnCommand::execute():void | ]', 'C:\\Users\\Natasha Khan\\Downloads\\huston\\huston'),
(5, 62, '[Component: Entity | Composite: Box | Operation(): Box::traverse():void | , Component: Component | Composite: Composite | Operation(): Composite::traverse():void | Operation(): Composite::accept(Visitor):void | ]', 'C:\\Users\\Natasha Khan\\Downloads\\huston\\huston'),
(6, 63, '[Component: Widget | Decorator: Decorator | component: private Widget wid | Operation(): Decorator::draw():void | ]', 'C:\\Users\\Natasha Khan\\Downloads\\huston\\huston'),
(7, 64, '[Observer: Prototype | Subject: PrototypesModule | Notify(): PrototypesModule::findAndClone(java.lang.String):java.lang.Object | , Observer: AlarmListener | Subject: SensorSystem | Notify(): SensorSystem::soundTheAlarm():void | ]', 'C:\\Users\\Natasha Khan\\Downloads\\huston\\huston'),
(8, 65, '[Context: Switch | State/Strategy: Command | , Context: FSM | State/Strategy: State | , Context: PrototypesModule | State/Strategy: Prototype | , Context: StrategyDemo | State/Strategy: Strategy | ]', 'C:\\Users\\Natasha Khan\\Downloads\\huston\\huston'),
(9, 66, '[AbstractClass: Creator | TemplateMethod(): Creator::anOperation():void | , AbstractClass: TemplateMethod1 | TemplateMethod(): TemplateMethod1::solve():void | , AbstractClass: TemplateMethod2 | TemplateMethod(): TemplateMethod2::solve():void | , AbstractClass: Generalization | TemplateMethod(): Generalization::findSolution():void | , AbstractClass: Specialization | TemplateMethod(): Specialization::stepThr():void | ]', 'C:\\Users\\Natasha Khan\\Downloads\\huston\\huston'),
(10, 67, '[ConcreteElement: Composite | Visitor: Visitor | Accept(): Composite::accept(Visitor):void | , ConcreteElement: Leaf | Visitor: Visitor | Accept(): Leaf::accept(Visitor):void | ]', 'C:\\Users\\Natasha Khan\\Downloads\\huston\\huston'),
(11, 68, '[Proxy: ProxyImage | RealSubject: RealImage | Request(): ProxyImage::displayImage():void | ]', 'C:\\Users\\Natasha Khan\\Downloads\\huston\\huston'),
(4, 69, '[Adaptee/Receiver: Fan | Adapter/ConcreteCommand: FanOffCommand | Request()/Execute(): FanOffCommand::execute():void | , Adaptee/Receiver: Fan | Adapter/ConcreteCommand: FanOnCommand | Request()/Execute(): FanOnCommand::execute():void | , Adaptee/Receiver: Light | Adapter/ConcreteCommand: LightOffCommand | Request()/Execute(): LightOffCommand::execute():void | , Adaptee/Receiver: Light | Adapter/ConcreteCommand: LightOnCommand | Request()/Execute(): LightOnCommand::execute():void | ]', 'C:\\Users\\Natasha Khan\\Downloads\\huston\\huston\\Command'),
(8, 70, '[Context: Switch | State/Strategy: Command | ]', 'C:\\Users\\Natasha Khan\\Downloads\\huston\\huston\\Command'),
(4, 71, '[Adaptee/Receiver: Fan | Adapter/ConcreteCommand: FanOffCommand | Request()/Execute(): FanOffCommand::execute():void | , Adaptee/Receiver: Fan | Adapter/ConcreteCommand: FanOnCommand | Request()/Execute(): FanOnCommand::execute():void | , Adaptee/Receiver: Light | Adapter/ConcreteCommand: LightOffCommand | Request()/Execute(): LightOffCommand::execute():void | , Adaptee/Receiver: Light | Adapter/ConcreteCommand: LightOnCommand | Request()/Execute(): LightOnCommand::execute():void | ]', 'C:\\Users\\Natasha Khan\\Downloads\\huston\\huston\\Command'),
(8, 72, '[Context: Switch | State/Strategy: Command | ]', 'C:\\Users\\Natasha Khan\\Downloads\\huston\\huston\\Command'),
(4, 73, '[Adaptee/Receiver: Fan | Adapter/ConcreteCommand: FanOffCommand | Request()/Execute(): FanOffCommand::execute():void | , Adaptee/Receiver: Fan | Adapter/ConcreteCommand: FanOnCommand | Request()/Execute(): FanOnCommand::execute():void | , Adaptee/Receiver: Light | Adapter/ConcreteCommand: LightOffCommand | Request()/Execute(): LightOffCommand::execute():void | , Adaptee/Receiver: Light | Adapter/ConcreteCommand: LightOnCommand | Request()/Execute(): LightOnCommand::execute():void | ]', 'C:\\Users\\Natasha Khan\\Downloads\\huston\\huston\\Command'),
(8, 74, '[Context: Switch | State/Strategy: Command | ]', 'C:\\Users\\Natasha Khan\\Downloads\\huston\\huston\\Command'),
(4, 75, '[Adaptee/Receiver: Fan | Adapter/ConcreteCommand: FanOffCommand | Request()/Execute(): FanOffCommand::execute():void | , Adaptee/Receiver: Fan | Adapter/ConcreteCommand: FanOnCommand | Request()/Execute(): FanOnCommand::execute():void | , Adaptee/Receiver: Light | Adapter/ConcreteCommand: LightOffCommand | Request()/Execute(): LightOffCommand::execute():void | , Adaptee/Receiver: Light | Adapter/ConcreteCommand: LightOnCommand | Request()/Execute(): LightOnCommand::execute():void | ]', 'C:\\Users\\Natasha Khan\\Downloads\\huston\\huston\\Command'),
(8, 76, '[Context: Switch | State/Strategy: Command | ]', 'C:\\Users\\Natasha Khan\\Downloads\\huston\\huston\\Command'),
(1, 77, '[Creator: Creator | FactoryMethod(): Creator::factoryMethod():Product | ]', 'C:\\Users\\Natasha Khan\\Downloads\\huston\\huston'),
(2, 78, '[Client: PrototypesModule | Prototype: Prototype | Operation(): PrototypesModule::findAndClone(java.lang.String):java.lang.Object | ]', 'C:\\Users\\Natasha Khan\\Downloads\\huston\\huston'),
(3, 79, '[Singleton: ClassicSingleton | uniqueInstance: private static ClassicSingleton instance | ]', 'C:\\Users\\Natasha Khan\\Downloads\\huston\\huston'),
(4, 80, '[Adaptee/Receiver: Fan | Adapter/ConcreteCommand: FanOffCommand | Request()/Execute(): FanOffCommand::execute():void | , Adaptee/Receiver: Fan | Adapter/ConcreteCommand: FanOnCommand | Request()/Execute(): FanOnCommand::execute():void | , Adaptee/Receiver: Light | Adapter/ConcreteCommand: LightOffCommand | Request()/Execute(): LightOffCommand::execute():void | , Adaptee/Receiver: Light | Adapter/ConcreteCommand: LightOnCommand | Request()/Execute(): LightOnCommand::execute():void | ]', 'C:\\Users\\Natasha Khan\\Downloads\\huston\\huston'),
(5, 81, '[Component: Entity | Composite: Box | Operation(): Box::traverse():void | , Component: Component | Composite: Composite | Operation(): Composite::traverse():void | Operation(): Composite::accept(Visitor):void | ]', 'C:\\Users\\Natasha Khan\\Downloads\\huston\\huston'),
(6, 82, '[Component: Widget | Decorator: Decorator | component: private Widget wid | Operation(): Decorator::draw():void | ]', 'C:\\Users\\Natasha Khan\\Downloads\\huston\\huston'),
(7, 83, '[Observer: Prototype | Subject: PrototypesModule | Notify(): PrototypesModule::findAndClone(java.lang.String):java.lang.Object | , Observer: AlarmListener | Subject: SensorSystem | Notify(): SensorSystem::soundTheAlarm():void | ]', 'C:\\Users\\Natasha Khan\\Downloads\\huston\\huston'),
(8, 84, '[Context: Switch | State/Strategy: Command | , Context: FSM | State/Strategy: State | , Context: PrototypesModule | State/Strategy: Prototype | , Context: StrategyDemo | State/Strategy: Strategy | ]', 'C:\\Users\\Natasha Khan\\Downloads\\huston\\huston'),
(9, 85, '[AbstractClass: Creator | TemplateMethod(): Creator::anOperation():void | , AbstractClass: TemplateMethod1 | TemplateMethod(): TemplateMethod1::solve():void | , AbstractClass: TemplateMethod2 | TemplateMethod(): TemplateMethod2::solve():void | , AbstractClass: Generalization | TemplateMethod(): Generalization::findSolution():void | , AbstractClass: Specialization | TemplateMethod(): Specialization::stepThr():void | ]', 'C:\\Users\\Natasha Khan\\Downloads\\huston\\huston'),
(10, 86, '[ConcreteElement: Composite | Visitor: Visitor | Accept(): Composite::accept(Visitor):void | , ConcreteElement: Leaf | Visitor: Visitor | Accept(): Leaf::accept(Visitor):void | ]', 'C:\\Users\\Natasha Khan\\Downloads\\huston\\huston'),
(11, 87, '[Proxy: ProxyImage | RealSubject: RealImage | Request(): ProxyImage::displayImage():void | ]', 'C:\\Users\\Natasha Khan\\Downloads\\huston\\huston'),
(4, 88, '[Adaptee/Receiver: Fan | Adapter/ConcreteCommand: FanOffCommand | Request()/Execute(): FanOffCommand::execute():void | , Adaptee/Receiver: Fan | Adapter/ConcreteCommand: FanOnCommand | Request()/Execute(): FanOnCommand::execute():void | , Adaptee/Receiver: Light | Adapter/ConcreteCommand: LightOffCommand | Request()/Execute(): LightOffCommand::execute():void | , Adaptee/Receiver: Light | Adapter/ConcreteCommand: LightOnCommand | Request()/Execute(): LightOnCommand::execute():void | ]', 'C:\\Users\\Natasha Khan\\Downloads\\huston\\huston\\Command'),
(4, 89, '[Adaptee/Receiver: Fan | Adapter/ConcreteCommand: FanOffCommand | Request()/Execute(): FanOffCommand::execute():void | , Adaptee/Receiver: Fan | Adapter/ConcreteCommand: FanOnCommand | Request()/Execute(): FanOnCommand::execute():void | , Adaptee/Receiver: Light | Adapter/ConcreteCommand: LightOffCommand | Request()/Execute(): LightOffCommand::execute():void | , Adaptee/Receiver: Light | Adapter/ConcreteCommand: LightOnCommand | Request()/Execute(): LightOnCommand::execute():void | ]', 'C:\\Users\\Natasha Khan\\Downloads\\huston\\huston\\Command'),
(8, 90, '[Context: Switch | State/Strategy: Command | ]', 'C:\\Users\\Natasha Khan\\Downloads\\huston\\huston\\Command'),
(1, 91, '[Creator: Creator | FactoryMethod(): Creator::factoryMethod():Product | ]', 'C:\\Users\\Natasha Khan\\Downloads\\huston'),
(2, 92, '[Client: PrototypesModule | Prototype: Prototype | Operation(): PrototypesModule::findAndClone(java.lang.String):java.lang.Object | ]', 'C:\\Users\\Natasha Khan\\Downloads\\huston'),
(3, 93, '[Singleton: ClassicSingleton | uniqueInstance: private static ClassicSingleton instance | ]', 'C:\\Users\\Natasha Khan\\Downloads\\huston'),
(4, 94, '[Adaptee/Receiver: Fan | Adapter/ConcreteCommand: FanOffCommand | Request()/Execute(): FanOffCommand::execute():void | , Adaptee/Receiver: Fan | Adapter/ConcreteCommand: FanOnCommand | Request()/Execute(): FanOnCommand::execute():void | , Adaptee/Receiver: Light | Adapter/ConcreteCommand: LightOffCommand | Request()/Execute(): LightOffCommand::execute():void | , Adaptee/Receiver: Light | Adapter/ConcreteCommand: LightOnCommand | Request()/Execute(): LightOnCommand::execute():void | ]', 'C:\\Users\\Natasha Khan\\Downloads\\huston'),
(5, 95, '[Component: Entity | Composite: Box | Operation(): Box::traverse():void | , Component: Component | Composite: Composite | Operation(): Composite::traverse():void | Operation(): Composite::accept(Visitor):void | ]', 'C:\\Users\\Natasha Khan\\Downloads\\huston'),
(6, 96, '[Component: Widget | Decorator: Decorator | component: private Widget wid | Operation(): Decorator::draw():void | ]', 'C:\\Users\\Natasha Khan\\Downloads\\huston'),
(7, 97, '[Observer: Prototype | Subject: PrototypesModule | Notify(): PrototypesModule::findAndClone(java.lang.String):java.lang.Object | , Observer: AlarmListener | Subject: SensorSystem | Notify(): SensorSystem::soundTheAlarm():void | ]', 'C:\\Users\\Natasha Khan\\Downloads\\huston'),
(8, 98, '[Context: Switch | State/Strategy: Command | , Context: FSM | State/Strategy: State | , Context: PrototypesModule | State/Strategy: Prototype | , Context: StrategyDemo | State/Strategy: Strategy | ]', 'C:\\Users\\Natasha Khan\\Downloads\\huston'),
(9, 99, '[AbstractClass: Creator | TemplateMethod(): Creator::anOperation():void | , AbstractClass: TemplateMethod1 | TemplateMethod(): TemplateMethod1::solve():void | , AbstractClass: TemplateMethod2 | TemplateMethod(): TemplateMethod2::solve():void | , AbstractClass: Generalization | TemplateMethod(): Generalization::findSolution():void | , AbstractClass: Specialization | TemplateMethod(): Specialization::stepThr():void | ]', 'C:\\Users\\Natasha Khan\\Downloads\\huston'),
(10, 100, '[ConcreteElement: Composite | Visitor: Visitor | Accept(): Composite::accept(Visitor):void | , ConcreteElement: Leaf | Visitor: Visitor | Accept(): Leaf::accept(Visitor):void | ]', 'C:\\Users\\Natasha Khan\\Downloads\\huston'),
(11, 101, '[Proxy: ProxyImage | RealSubject: RealImage | Request(): ProxyImage::displayImage():void | ]', 'C:\\Users\\Natasha Khan\\Downloads\\huston'),
(1, 102, '[Creator: Creator | FactoryMethod(): Creator::factoryMethod():Product | ]', 'C:\\Users\\Natasha Khan\\Downloads\\huston\\huston'),
(2, 103, '[Client: PrototypesModule | Prototype: Prototype | Operation(): PrototypesModule::findAndClone(java.lang.String):java.lang.Object | ]', 'C:\\Users\\Natasha Khan\\Downloads\\huston\\huston'),
(3, 104, '[Singleton: ClassicSingleton | uniqueInstance: private static ClassicSingleton instance | ]', 'C:\\Users\\Natasha Khan\\Downloads\\huston\\huston'),
(4, 105, '[Adaptee/Receiver: Fan | Adapter/ConcreteCommand: FanOffCommand | Request()/Execute(): FanOffCommand::execute():void | , Adaptee/Receiver: Fan | Adapter/ConcreteCommand: FanOnCommand | Request()/Execute(): FanOnCommand::execute():void | , Adaptee/Receiver: Light | Adapter/ConcreteCommand: LightOffCommand | Request()/Execute(): LightOffCommand::execute():void | , Adaptee/Receiver: Light | Adapter/ConcreteCommand: LightOnCommand | Request()/Execute(): LightOnCommand::execute():void | ]', 'C:\\Users\\Natasha Khan\\Downloads\\huston\\huston'),
(5, 106, '[Component: Entity | Composite: Box | Operation(): Box::traverse():void | , Component: Component | Composite: Composite | Operation(): Composite::traverse():void | Operation(): Composite::accept(Visitor):void | ]', 'C:\\Users\\Natasha Khan\\Downloads\\huston\\huston'),
(6, 107, '[Component: Widget | Decorator: Decorator | component: private Widget wid | Operation(): Decorator::draw():void | ]', 'C:\\Users\\Natasha Khan\\Downloads\\huston\\huston'),
(7, 108, '[Observer: Prototype | Subject: PrototypesModule | Notify(): PrototypesModule::findAndClone(java.lang.String):java.lang.Object | , Observer: AlarmListener | Subject: SensorSystem | Notify(): SensorSystem::soundTheAlarm():void | ]', 'C:\\Users\\Natasha Khan\\Downloads\\huston\\huston'),
(8, 109, '[Context: Switch | State/Strategy: Command | , Context: FSM | State/Strategy: State | , Context: PrototypesModule | State/Strategy: Prototype | , Context: StrategyDemo | State/Strategy: Strategy | ]', 'C:\\Users\\Natasha Khan\\Downloads\\huston\\huston'),
(9, 110, '[AbstractClass: Creator | TemplateMethod(): Creator::anOperation():void | , AbstractClass: TemplateMethod1 | TemplateMethod(): TemplateMethod1::solve():void | , AbstractClass: TemplateMethod2 | TemplateMethod(): TemplateMethod2::solve():void | , AbstractClass: Generalization | TemplateMethod(): Generalization::findSolution():void | , AbstractClass: Specialization | TemplateMethod(): Specialization::stepThr():void | ]', 'C:\\Users\\Natasha Khan\\Downloads\\huston\\huston'),
(10, 111, '[ConcreteElement: Composite | Visitor: Visitor | Accept(): Composite::accept(Visitor):void | , ConcreteElement: Leaf | Visitor: Visitor | Accept(): Leaf::accept(Visitor):void | ]', 'C:\\Users\\Natasha Khan\\Downloads\\huston\\huston'),
(11, 112, '[Proxy: ProxyImage | RealSubject: RealImage | Request(): ProxyImage::displayImage():void | ]', 'C:\\Users\\Natasha Khan\\Downloads\\huston\\huston'),
(1, 113, '[Creator: Creator | FactoryMethod(): Creator::factoryMethod():Product | ]', 'C:\\Users\\Natasha Khan\\Downloads\\huston\\huston'),
(2, 114, '[Client: PrototypesModule | Prototype: Prototype | Operation(): PrototypesModule::findAndClone(java.lang.String):java.lang.Object | ]', 'C:\\Users\\Natasha Khan\\Downloads\\huston\\huston'),
(3, 115, '[Singleton: ClassicSingleton | uniqueInstance: private static ClassicSingleton instance | ]', 'C:\\Users\\Natasha Khan\\Downloads\\huston\\huston'),
(4, 116, '[Adaptee/Receiver: Fan | Adapter/ConcreteCommand: FanOffCommand | Request()/Execute(): FanOffCommand::execute():void | , Adaptee/Receiver: Fan | Adapter/ConcreteCommand: FanOnCommand | Request()/Execute(): FanOnCommand::execute():void | , Adaptee/Receiver: Light | Adapter/ConcreteCommand: LightOffCommand | Request()/Execute(): LightOffCommand::execute():void | , Adaptee/Receiver: Light | Adapter/ConcreteCommand: LightOnCommand | Request()/Execute(): LightOnCommand::execute():void | ]', 'C:\\Users\\Natasha Khan\\Downloads\\huston\\huston'),
(5, 117, '[Component: Entity | Composite: Box | Operation(): Box::traverse():void | , Component: Component | Composite: Composite | Operation(): Composite::traverse():void | Operation(): Composite::accept(Visitor):void | ]', 'C:\\Users\\Natasha Khan\\Downloads\\huston\\huston'),
(6, 118, '[Component: Widget | Decorator: Decorator | component: private Widget wid | Operation(): Decorator::draw():void | ]', 'C:\\Users\\Natasha Khan\\Downloads\\huston\\huston'),
(7, 119, '[Observer: Prototype | Subject: PrototypesModule | Notify(): PrototypesModule::findAndClone(java.lang.String):java.lang.Object | , Observer: AlarmListener | Subject: SensorSystem | Notify(): SensorSystem::soundTheAlarm():void | ]', 'C:\\Users\\Natasha Khan\\Downloads\\huston\\huston'),
(8, 120, '[Context: Switch | State/Strategy: Command | , Context: FSM | State/Strategy: State | , Context: PrototypesModule | State/Strategy: Prototype | , Context: StrategyDemo | State/Strategy: Strategy | ]', 'C:\\Users\\Natasha Khan\\Downloads\\huston\\huston'),
(9, 121, '[AbstractClass: Creator | TemplateMethod(): Creator::anOperation():void | , AbstractClass: TemplateMethod1 | TemplateMethod(): TemplateMethod1::solve():void | , AbstractClass: TemplateMethod2 | TemplateMethod(): TemplateMethod2::solve():void | , AbstractClass: Generalization | TemplateMethod(): Generalization::findSolution():void | , AbstractClass: Specialization | TemplateMethod(): Specialization::stepThr():void | ]', 'C:\\Users\\Natasha Khan\\Downloads\\huston\\huston'),
(10, 122, '[ConcreteElement: Composite | Visitor: Visitor | Accept(): Composite::accept(Visitor):void | , ConcreteElement: Leaf | Visitor: Visitor | Accept(): Leaf::accept(Visitor):void | ]', 'C:\\Users\\Natasha Khan\\Downloads\\huston\\huston'),
(11, 123, '[Proxy: ProxyImage | RealSubject: RealImage | Request(): ProxyImage::displayImage():void | ]', 'C:\\Users\\Natasha Khan\\Downloads\\huston\\huston'),
(1, 124, '[Creator: Creator | FactoryMethod(): Creator::factoryMethod():Product | ]', 'C:\\Users\\Natasha Khan\\Downloads\\huston\\huston'),
(2, 125, '[Client: PrototypesModule | Prototype: Prototype | Operation(): PrototypesModule::findAndClone(java.lang.String):java.lang.Object | ]', 'C:\\Users\\Natasha Khan\\Downloads\\huston\\huston'),
(3, 126, '[Singleton: ClassicSingleton | uniqueInstance: private static ClassicSingleton instance | ]', 'C:\\Users\\Natasha Khan\\Downloads\\huston\\huston'),
(4, 127, '[Adaptee/Receiver: Fan | Adapter/ConcreteCommand: FanOffCommand | Request()/Execute(): FanOffCommand::execute():void | , Adaptee/Receiver: Fan | Adapter/ConcreteCommand: FanOnCommand | Request()/Execute(): FanOnCommand::execute():void | , Adaptee/Receiver: Light | Adapter/ConcreteCommand: LightOffCommand | Request()/Execute(): LightOffCommand::execute():void | , Adaptee/Receiver: Light | Adapter/ConcreteCommand: LightOnCommand | Request()/Execute(): LightOnCommand::execute():void | ]', 'C:\\Users\\Natasha Khan\\Downloads\\huston\\huston'),
(5, 128, '[Component: Entity | Composite: Box | Operation(): Box::traverse():void | , Component: Component | Composite: Composite | Operation(): Composite::traverse():void | Operation(): Composite::accept(Visitor):void | ]', 'C:\\Users\\Natasha Khan\\Downloads\\huston\\huston'),
(6, 129, '[Component: Widget | Decorator: Decorator | component: private Widget wid | Operation(): Decorator::draw():void | ]', 'C:\\Users\\Natasha Khan\\Downloads\\huston\\huston'),
(7, 130, '[Observer: Prototype | Subject: PrototypesModule | Notify(): PrototypesModule::findAndClone(java.lang.String):java.lang.Object | , Observer: AlarmListener | Subject: SensorSystem | Notify(): SensorSystem::soundTheAlarm():void | ]', 'C:\\Users\\Natasha Khan\\Downloads\\huston\\huston'),
(8, 131, '[Context: Switch | State/Strategy: Command | , Context: FSM | State/Strategy: State | , Context: PrototypesModule | State/Strategy: Prototype | , Context: StrategyDemo | State/Strategy: Strategy | ]', 'C:\\Users\\Natasha Khan\\Downloads\\huston\\huston'),
(9, 132, '[AbstractClass: Creator | TemplateMethod(): Creator::anOperation():void | , AbstractClass: TemplateMethod1 | TemplateMethod(): TemplateMethod1::solve():void | , AbstractClass: TemplateMethod2 | TemplateMethod(): TemplateMethod2::solve():void | , AbstractClass: Generalization | TemplateMethod(): Generalization::findSolution():void | , AbstractClass: Specialization | TemplateMethod(): Specialization::stepThr():void | ]', 'C:\\Users\\Natasha Khan\\Downloads\\huston\\huston'),
(10, 133, '[ConcreteElement: Composite | Visitor: Visitor | Accept(): Composite::accept(Visitor):void | , ConcreteElement: Leaf | Visitor: Visitor | Accept(): Leaf::accept(Visitor):void | ]', 'C:\\Users\\Natasha Khan\\Downloads\\huston\\huston'),
(11, 134, '[Proxy: ProxyImage | RealSubject: RealImage | Request(): ProxyImage::displayImage():void | ]', 'C:\\Users\\Natasha Khan\\Downloads\\huston\\huston'),
(1, 135, '[Creator: Creator | FactoryMethod(): Creator::factoryMethod():Product | ]', 'C:\\Users\\Natasha Khan\\Documents'),
(2, 136, '[Client: PrototypesModule | Prototype: Prototype | Operation(): PrototypesModule::findAndClone(java.lang.String):java.lang.Object | ]', 'C:\\Users\\Natasha Khan\\Documents'),
(3, 137, '[Singleton: ClassicSingleton | uniqueInstance: private static ClassicSingleton instance | ]', 'C:\\Users\\Natasha Khan\\Documents'),
(4, 138, '[Adaptee/Receiver: Fan | Adapter/ConcreteCommand: FanOffCommand | Request()/Execute(): FanOffCommand::execute():void | , Adaptee/Receiver: Fan | Adapter/ConcreteCommand: FanOnCommand | Request()/Execute(): FanOnCommand::execute():void | , Adaptee/Receiver: Light | Adapter/ConcreteCommand: LightOffCommand | Request()/Execute(): LightOffCommand::execute():void | , Adaptee/Receiver: Light | Adapter/ConcreteCommand: LightOnCommand | Request()/Execute(): LightOnCommand::execute():void | ]', 'C:\\Users\\Natasha Khan\\Documents'),
(5, 139, '[Component: Entity | Composite: Box | Operation(): Box::traverse():void | , Component: Component | Composite: Composite | Operation(): Composite::traverse():void | Operation(): Composite::accept(Visitor):void | ]', 'C:\\Users\\Natasha Khan\\Documents'),
(6, 140, '[Component: Widget | Decorator: Decorator | component: private Widget wid | Operation(): Decorator::draw():void | ]', 'C:\\Users\\Natasha Khan\\Documents'),
(7, 141, '[Observer: Prototype | Subject: PrototypesModule | Notify(): PrototypesModule::findAndClone(java.lang.String):java.lang.Object | , Observer: AlarmListener | Subject: SensorSystem | Notify(): SensorSystem::soundTheAlarm():void | ]', 'C:\\Users\\Natasha Khan\\Documents'),
(8, 142, '[Context: Switch | State/Strategy: Command | , Context: FSM | State/Strategy: State | , Context: PrototypesModule | State/Strategy: Prototype | , Context: StrategyDemo | State/Strategy: Strategy | ]', 'C:\\Users\\Natasha Khan\\Documents'),
(9, 143, '[AbstractClass: Creator | TemplateMethod(): Creator::anOperation():void | , AbstractClass: TemplateMethod1 | TemplateMethod(): TemplateMethod1::solve():void | , AbstractClass: TemplateMethod2 | TemplateMethod(): TemplateMethod2::solve():void | , AbstractClass: Generalization | TemplateMethod(): Generalization::findSolution():void | , AbstractClass: Specialization | TemplateMethod(): Specialization::stepThr():void | ]', 'C:\\Users\\Natasha Khan\\Documents'),
(10, 144, '[ConcreteElement: Composite | Visitor: Visitor | Accept(): Composite::accept(Visitor):void | , ConcreteElement: Leaf | Visitor: Visitor | Accept(): Leaf::accept(Visitor):void | ]', 'C:\\Users\\Natasha Khan\\Documents'),
(11, 145, '[Proxy: ProxyImage | RealSubject: RealImage | Request(): ProxyImage::displayImage():void | ]', 'C:\\Users\\Natasha Khan\\Documents'),
(4, 146, '[Adaptee/Receiver: com.javapapers.designpattern.command.ConsumerElectronics | Adapter/ConcreteCommand: com.javapapers.designpattern.command.OnCommand | Request()/Execute(): com.javapapers.designpattern.command.OnCommand::execute():void | ]', 'C:\\Users\\Natasha Khan\\Documents\\CommandPattern'),
(8, 147, '[Context: com.javapapers.designpattern.command.Button | State/Strategy: com.javapapers.designpattern.command.Command | , Context: com.javapapers.designpattern.command.OnCommand | State/Strategy: com.javapapers.designpattern.command.ConsumerElectronics | ]', 'C:\\Users\\Natasha Khan\\Documents\\CommandPattern'),
(5, 148, '[Component: org.arpit.javapostsforlearning.designpatterns.Employee | Composite: org.arpit.javapostsforlearning.designpatterns.Manager | Operation(): org.arpit.javapostsforlearning.designpatterns.Manager::print():void | ]', 'C:\\Users\\Natasha Khan\\Documents\\CompositePattern'),
(4, 149, '[Adaptee/Receiver: com.javapapers.designpattern.command.ConsumerElectronics | Adapter/ConcreteCommand: com.javapapers.designpattern.command.OnCommand | Request()/Execute(): com.javapapers.designpattern.command.OnCommand::execute():void | ]', 'C:\\Users\\Natasha Khan\\Documents\\CommandPattern'),
(4, 150, '[Adaptee/Receiver: com.javapapers.designpattern.command.ConsumerElectronics | Adapter/ConcreteCommand: com.javapapers.designpattern.command.OnCommand | Request()/Execute(): com.javapapers.designpattern.command.OnCommand::execute():void | ]', 'C:\\Users\\Natasha Khan\\Documents\\CommandPattern'),
(8, 151, '[Context: com.javapapers.designpattern.command.Button | State/Strategy: com.javapapers.designpattern.command.Command | , Context: com.javapapers.designpattern.command.OnCommand | State/Strategy: com.javapapers.designpattern.command.ConsumerElectronics | ]', 'C:\\Users\\Natasha Khan\\Documents\\CommandPattern'),
(4, 152, '[Adaptee/Receiver: com.javapapers.designpattern.command.ConsumerElectronics | Adapter/ConcreteCommand: com.javapapers.designpattern.command.OnCommand | Request()/Execute(): com.javapapers.designpattern.command.OnCommand::execute():void | ]', 'C:\\Users\\Natasha Khan\\Documents\\CommandPattern'),
(8, 153, '[Context: com.javapapers.designpattern.command.Button | State/Strategy: com.javapapers.designpattern.command.Command | , Context: com.javapapers.designpattern.command.OnCommand | State/Strategy: com.javapapers.designpattern.command.ConsumerElectronics | ]', 'C:\\Users\\Natasha Khan\\Documents\\CommandPattern'),
(4, 154, '[Adaptee/Receiver: com.javapapers.designpattern.command.ConsumerElectronics | Adapter/ConcreteCommand: com.javapapers.designpattern.command.OnCommand | Request()/Execute(): com.javapapers.designpattern.command.OnCommand::execute():void | ]', 'C:\\Users\\Natasha Khan\\Documents\\CommandPattern'),
(8, 155, '[Context: com.javapapers.designpattern.command.Button | State/Strategy: com.javapapers.designpattern.command.Command | , Context: com.javapapers.designpattern.command.OnCommand | State/Strategy: com.javapapers.designpattern.command.ConsumerElectronics | ]', 'C:\\Users\\Natasha Khan\\Documents\\CommandPattern'),
(4, 156, '[Adaptee/Receiver: com.javapapers.designpattern.command.ConsumerElectronics | Adapter/ConcreteCommand: com.javapapers.designpattern.command.OnCommand | Request()/Execute(): com.javapapers.designpattern.command.OnCommand::execute():void | ]', 'C:\\Users\\Natasha Khan\\Documents\\CommandPattern'),
(8, 157, '[Context: com.javapapers.designpattern.command.Button | State/Strategy: com.javapapers.designpattern.command.Command | , Context: com.javapapers.designpattern.command.OnCommand | State/Strategy: com.javapapers.designpattern.command.ConsumerElectronics | ]', 'C:\\Users\\Natasha Khan\\Documents\\CommandPattern'),
(5, 158, '[Component: org.arpit.javapostsforlearning.designpatterns.Employee | Composite: org.arpit.javapostsforlearning.designpatterns.Manager | Operation(): org.arpit.javapostsforlearning.designpatterns.Manager::print():void | ]', 'C:\\Users\\Natasha Khan\\Documents\\CompositePattern'),
(3, 159, '[Singleton: com.javacodegeeks.patterns.singletonpattern.Singleton | uniqueInstance: private static com.javacodegeeks.patterns.singletonpattern.Singleton sc | , Singleton: com.javacodegeeks.patterns.singletonpattern.SingletonEager | uniqueInstance: private static com.javacodegeeks.patterns.singletonpattern.SingletonEager sc | , Singleton: com.javacodegeeks.patterns.singletonpattern.SingletoneEnum$SingleEnum | uniqueInstance: public static com.javacodegeeks.patterns.singletonpattern.SingletoneEnum$SingleEnum SINGLETON_ENUM | , Singleton: com.javacodegeeks.patterns.singletonpattern.SingletonLazy | uniqueInstance: private static com.javacodegeeks.patterns.singletonpattern.SingletonLazy sc | , Singleton: com.javacodegeeks.patterns.singletonpattern.SingletonLazyDoubleCheck | uniqueInstance: private static com.javacodegeeks.patterns.singletonpattern.SingletonLazyDoubleCheck sc | , Singleton: com.javacodegeeks.patterns.singletonpattern.SingletonLazyMultithreaded | uniqueInstance: private static com.javacodegeeks.patterns.singletonpattern.SingletonLazyMultithreaded sc | ]', 'C:\\Users\\Natasha Khan\\Downloads\\SingletonPattern-Project'),
(4, 160, '[Adaptee/Receiver: marsrover.DataObserver.sensorData | Adapter/ConcreteCommand: marsrover.DataObserver.REMS | Request()/Execute(): marsrover.DataObserver.REMS::updateSensorData(marsrover.DataObserver.sensorData):void | , Adapter/ConcreteCommand: marsrover.Command.MoveBackwardCommand | Adaptee/Receiver: marsrover.Command.Operations | Request()/Execute(): marsrover.Command.MoveBackwardCommand::execute():void | , Adapter/ConcreteCommand: marsrover.Command.MoveForwardCommand | Adaptee/Receiver: marsrover.Command.Operations | Request()/Execute(): marsrover.Command.MoveForwardCommand::execute():void | , Adapter/ConcreteCommand: marsrover.Command.RotateLeftCommand | Adaptee/Receiver: marsrover.Command.Operations | Request()/Execute(): marsrover.Command.RotateLeftCommand::execute():void | , Adapter/ConcreteCommand: marsrover.Command.RotateRightCommand | Adaptee/Receiver: marsrover.Command.Operations | Request()/Execute(): marsrover.Command.RotateRightCommand::execute():void | , Adapter/ConcreteCommand: marsrover.Command.TakePictureCommand | Adaptee/Receiver: marsrover.Command.Operations | Request()/Execute(): marsrover.Command.TakePictureCommand::execute():void | , Adapter/ConcreteCommand: marsrover.Command.TakeSampleCommand | Adaptee/Receiver: marsrover.Command.Operations | Request()/Execute(): marsrover.Command.TakeSampleCommand::execute():void | , Adaptee/Receiver: marsrover.DataObserver.Subject | Adapter/ConcreteCommand: marsrover.DataObserver.Earth | Request()/Execute(): marsrover.DataObserver.Earth::update():void | , Adaptee/Receiver: marsrover.Observer.Camera | Adapter/ConcreteCommand: marsrover.Observer.Rover | Request()/Execute(): marsrover.Observer.Rover::update():void | ]', 'C:\\Users\\Natasha Khan\\Dropbox\\Reaserch Project\\DPA2 201511190118\\DPA2\\DPA2'),
(6, 161, '[Component: marsrover.Decorator.Rover | Decorator: marsrover.Decorator.ExplorationActivity | component: protected marsrover.Decorator.Rover marsRover | ]', 'C:\\Users\\Natasha Khan\\Dropbox\\Reaserch Project\\DPA2 201511190118\\DPA2\\DPA2'),
(7, 162, '[Observer: marsrover.DataObserver.Observer | Subject: marsrover.DataObserver.REMS | Notify(): marsrover.DataObserver.REMS::notifyObservers():void | , Observer: marsrover.Observer.Observer | Subject: marsrover.Observer.Camera | Notify(): marsrover.Observer.Camera::notifyObserver():void | ]', 'C:\\Users\\Natasha Khan\\Dropbox\\Reaserch Project\\DPA2 201511190118\\DPA2\\DPA2'),
(8, 163, '[Context: marsrover.Command.RemoteControl | State/Strategy: marsrover.Command.Command | , Context: marsrover.Command.MoveBackwardCommand | State/Strategy: marsrover.Command.Operations | , Context: marsrover.Command.MoveForwardCommand | State/Strategy: marsrover.Command.Operations | , Context: marsrover.Command.RotateLeftCommand | State/Strategy: marsrover.Command.Operations | , Context: marsrover.Command.RotateRightCommand | State/Strategy: marsrover.Command.Operations | , Context: marsrover.Command.TakePictureCommand | State/Strategy: marsrover.Command.Operations | , Context: marsrover.Command.TakeSampleCommand | State/Strategy: marsrover.Command.Operations | , Context: marsrover.DataObserver.Earth | State/Strategy: marsrover.DataObserver.Subject | , Context: marsrover.Strategy.RoverSoftware | State/Strategy: marsrover.Strategy.RoverBehavior | ]', 'C:\\Users\\Natasha Khan\\Dropbox\\Reaserch Project\\DPA2 201511190118\\DPA2\\DPA2'),
(9, 164, '[AbstractClass: marsrover.ChainOfResponsibility.AbstractAnalysis | TemplateMethod(): marsrover.ChainOfResponsibility.AbstractAnalysis::AnalyzeSpecimen(boolean):void | ]', 'C:\\Users\\Natasha Khan\\Dropbox\\Reaserch Project\\DPA2 201511190118\\DPA2\\DPA2');

-- --------------------------------------------------------

--
-- Table structure for table `patterns`
--

CREATE TABLE `patterns` (
  `name` text NOT NULL,
  `patternID` int(11) NOT NULL
) ENGINE=InnoDB DEFAULT CHARSET=latin1;

--
-- Dumping data for table `patterns`
--

INSERT INTO `patterns` (`name`, `patternID`) VALUES
('Factory Method', 1),
('Prototype', 2),
('Singleton', 3),
('(Object)Adapter-Command', 4),
('Composite', 5),
('Decorator', 6),
('Observer', 7),
('State-Strategy', 8),
('Template Method', 9),
('Visitor', 10),
('Proxy', 11),
('Proxy2', 12);

--
-- Indexes for dumped tables
--

--
-- Indexes for table `classnames`
--
ALTER TABLE `classnames`
  ADD KEY `className` (`className`),
  ADD KEY `elementName` (`roleName`),
  ADD KEY `className_2` (`className`),
  ADD KEY `className_3` (`className`),
  ADD KEY `ID_2` (`roleName`,`className`);

--
-- Indexes for table `file_directory`
--
ALTER TABLE `file_directory`
  ADD PRIMARY KEY (`ID`);

--
-- Indexes for table `lookupwords`
--
ALTER TABLE `lookupwords`
  ADD PRIMARY KEY (`WordId`);

--
-- Indexes for table `methodnames`
--
ALTER TABLE `methodnames`
  ADD KEY `methodName` (`methodName`),
  ADD KEY `rollName_2` (`roleName`);
ALTER TABLE `methodnames` ADD FULLTEXT KEY `rollName` (`roleName`,`methodName`);

--
-- Indexes for table `patterninstance`
--
ALTER TABLE `patterninstance`
  ADD PRIMARY KEY (`patternInstanceID`);

--
-- Indexes for table `patterns`
--
ALTER TABLE `patterns`
  ADD PRIMARY KEY (`patternID`),
  ADD UNIQUE KEY `patternID` (`patternID`);

--
-- AUTO_INCREMENT for dumped tables
--

--
-- AUTO_INCREMENT for table `file_directory`
--
ALTER TABLE `file_directory`
  MODIFY `ID` int(100) NOT NULL AUTO_INCREMENT, AUTO_INCREMENT=101;
--
-- AUTO_INCREMENT for table `lookupwords`
--
ALTER TABLE `lookupwords`
  MODIFY `WordId` int(11) NOT NULL AUTO_INCREMENT, AUTO_INCREMENT=101;
--
-- AUTO_INCREMENT for table `patterninstance`
--
ALTER TABLE `patterninstance`
  MODIFY `patternInstanceID` int(100) NOT NULL AUTO_INCREMENT, AUTO_INCREMENT=165;
--
-- AUTO_INCREMENT for table `patterns`
--
ALTER TABLE `patterns`
  MODIFY `patternID` int(11) NOT NULL AUTO_INCREMENT, AUTO_INCREMENT=13;
/*!40101 SET CHARACTER_SET_CLIENT=@OLD_CHARACTER_SET_CLIENT */;
/*!40101 SET CHARACTER_SET_RESULTS=@OLD_CHARACTER_SET_RESULTS */;
/*!40101 SET COLLATION_CONNECTION=@OLD_COLLATION_CONNECTION */;
