-- phpMyAdmin SQL Dump
-- version 4.4.14
-- http://www.phpmyadmin.net
--
-- Host: 127.0.0.1
-- Generation Time: Feb 15, 2016 at 09:13 AM
-- Server version: 5.6.26
-- PHP Version: 5.6.12

SET SQL_MODE = "NO_AUTO_VALUE_ON_ZERO";
SET time_zone = "+00:00";


/*!40101 SET @OLD_CHARACTER_SET_CLIENT=@@CHARACTER_SET_CLIENT */;
/*!40101 SET @OLD_CHARACTER_SET_RESULTS=@@CHARACTER_SET_RESULTS */;
/*!40101 SET @OLD_COLLATION_CONNECTION=@@COLLATION_CONNECTION */;
/*!40101 SET NAMES utf8mb4 */;

--
-- Database: `designpatternrepo`
--

-- --------------------------------------------------------

--
-- Table structure for table `classnames`
--

CREATE TABLE IF NOT EXISTS `classnames` (
  `patternInstanceID` int(100) NOT NULL,
  `roleName` varchar(100) NOT NULL COMMENT 'Element Name',
  `className` varchar(100) NOT NULL
) ENGINE=InnoDB DEFAULT CHARSET=latin1;

--
-- Dumping data for table `classnames`
--

INSERT INTO `classnames` (`patternInstanceID`, `roleName`, `className`) VALUES
(1, 'Context', 'com.javapapers.designpatterns.state.AlertStateContext'),
(1, 'State/Strategy', 'com.javapapers.designpatterns.state.MobileAlertState'),
(7, 'Singleton', 'com.javacodegeeks.patterns.singletonpattern.Singleton'),
(7, 'uniqueInstance', 'private static com.javacodegeeks.patterns.singletonpattern.Singleton sc'),
(7, 'Singleton', 'com.javacodegeeks.patterns.singletonpattern.SingletonEager'),
(7, 'uniqueInstance', 'private static com.javacodegeeks.patterns.singletonpattern.SingletonEager sc'),
(7, 'Singleton', 'com.javacodegeeks.patterns.singletonpattern.SingletoneEnum$SingleEnum'),
(7, 'uniqueInstance', 'public static com.javacodegeeks.patterns.singletonpattern.SingletoneEnum$SingleEnum SINGLETON_ENUM'),
(7, 'Singleton', 'com.javacodegeeks.patterns.singletonpattern.SingletonLazy'),
(7, 'uniqueInstance', 'private static com.javacodegeeks.patterns.singletonpattern.SingletonLazy sc'),
(7, 'Singleton', 'com.javacodegeeks.patterns.singletonpattern.SingletonLazyDoubleCheck'),
(7, 'uniqueInstance', 'private static com.javacodegeeks.patterns.singletonpattern.SingletonLazyDoubleCheck sc'),
(7, 'Singleton', 'com.javacodegeeks.patterns.singletonpattern.SingletonLazyMultithreaded'),
(7, 'uniqueInstance', 'private static com.javacodegeeks.patterns.singletonpattern.SingletonLazyMultithreaded sc'),
(10, 'Creator', 'AbstractFactory.EditConfigurations'),
(10, 'Creator', 'AbstractFactory.EditorLanguages'),
(10, 'Creator', 'Factory.EditorLanguages'),
(30, 'Singleton', 'Singleton.ArabicEditSingleton'),
(30, 'uniqueInstance', 'private static Singleton.ArabicEditSingleton uniqueInstance'),
(30, 'Singleton', 'Singleton.ArabicFontSingleton'),
(30, 'uniqueInstance', 'private static Singleton.ArabicFontSingleton uniqueInstance'),
(30, 'Singleton', 'Singleton.ArabicLanguageSingleton'),
(30, 'uniqueInstance', 'private static Singleton.ArabicLanguageSingleton uniqueInstance'),
(30, 'Singleton', 'Singleton.ArabicSpellCheckerSingleton'),
(30, 'uniqueInstance', 'private static Singleton.ArabicSpellCheckerSingleton uniqueInstance'),
(30, 'Singleton', 'Singleton.ArabicThesaurusSingleton'),
(30, 'uniqueInstance', 'private static Singleton.ArabicThesaurusSingleton uniqueInstance'),
(30, 'Singleton', 'Singleton.EnglishEditSingleton'),
(30, 'uniqueInstance', 'private static Singleton.EnglishEditSingleton uniqueInstance'),
(30, 'Singleton', 'Singleton.EnglishFontSingleton'),
(30, 'uniqueInstance', 'private static Singleton.EnglishFontSingleton uniqueInstance'),
(30, 'Singleton', 'Singleton.EnglishLanguageSingleton'),
(30, 'uniqueInstance', 'private static Singleton.EnglishLanguageSingleton uniqueInstance'),
(30, 'Singleton', 'Singleton.EnglishSpellCheckerSingleton'),
(30, 'uniqueInstance', 'private static Singleton.EnglishSpellCheckerSingleton uniqueInstance'),
(30, 'Singleton', 'Singleton.EnglishThesaurusSingleton'),
(30, 'uniqueInstance', 'private static Singleton.EnglishThesaurusSingleton uniqueInstance'),
(30, 'Singleton', 'Singleton.JapaneseEditSingleton'),
(30, 'uniqueInstance', 'private static Singleton.JapaneseEditSingleton uniqueInstance'),
(30, 'Singleton', 'Singleton.JapaneseFontSingleton'),
(30, 'uniqueInstance', 'private static Singleton.JapaneseFontSingleton uniqueInstance'),
(30, 'Singleton', 'Singleton.JapaneseLanguageSingleton'),
(30, 'uniqueInstance', 'private static Singleton.JapaneseLanguageSingleton uniqueInstance'),
(30, 'Singleton', 'Singleton.JapaneseSpellCheckerSingleton'),
(30, 'uniqueInstance', 'private static Singleton.JapaneseSpellCheckerSingleton uniqueInstance'),
(30, 'Singleton', 'Singleton.JapaneseThesaurusSingleton'),
(30, 'uniqueInstance', 'private static Singleton.JapaneseThesaurusSingleton uniqueInstance'),
(30, 'Singleton', 'Singleton.UrduEditSingleton'),
(30, 'uniqueInstance', 'private static Singleton.UrduEditSingleton uniqueInstance'),
(30, 'Singleton', 'Singleton.UrduFontSingleton'),
(30, 'uniqueInstance', 'private static Singleton.UrduFontSingleton uniqueInstance'),
(30, 'Singleton', 'Singleton.UrduLanguageSingleton'),
(30, 'uniqueInstance', 'private static Singleton.UrduLanguageSingleton uniqueInstance'),
(30, 'Singleton', 'Singleton.UrduSpellCheckerSingleton'),
(30, 'uniqueInstance', 'private static Singleton.UrduSpellCheckerSingleton uniqueInstance'),
(30, 'Singleton', 'Singleton.UrduThesaurusSingleton'),
(30, 'uniqueInstance', 'private static Singleton.UrduThesaurusSingleton uniqueInstance'),
(36, 'Adaptee/Receiver', 'AbstractFactory.EditConfigurations'),
(36, 'Adapter/ConcreteCommand', 'AbstractFactory.LanguageEdit'),
(36, 'Adaptee/Receiver', 'AbstractFactory.EditConfigurations'),
(36, 'Adapter/ConcreteCommand', 'AbstractFactory.LanguageFont'),
(36, 'Adaptee/Receiver', 'AbstractFactory.EditConfigurations'),
(36, 'Adapter/ConcreteCommand', 'AbstractFactory.LanguageSpellchecker'),
(36, 'Adaptee/Receiver', 'AbstractFactory.EditConfigurations'),
(36, 'Adapter/ConcreteCommand', 'AbstractFactory.LanguageThesaurus'),
(36, 'Adaptee/Receiver', 'Adapter.E2UCustomTranslator'),
(36, 'Adapter/ConcreteCommand', 'Adapter.CustomAdapter'),
(36, 'Adaptee/Receiver', 'Adapter.ThirdPartyTranslatorTool'),
(36, 'Adapter/ConcreteCommand', 'Adapter.ThirdPartyToolAdapter'),
(40, 'Context', 'AbstractFactory.LanguageEdit'),
(40, 'State/Strategy', 'AbstractFactory.EditConfigurations'),
(40, 'Context', 'AbstractFactory.LanguageFont'),
(40, 'State/Strategy', 'AbstractFactory.EditConfigurations'),
(40, 'Context', 'AbstractFactory.LanguageSpellchecker'),
(40, 'State/Strategy', 'AbstractFactory.EditConfigurations'),
(40, 'Context', 'AbstractFactory.LanguageThesaurus'),
(40, 'State/Strategy', 'AbstractFactory.EditConfigurations'),
(41, 'AbstractClass', 'Template.SpellChecker'),
(42, 'Singleton', 'com.byteslounge.logger.factory.LoggerFactory$LoggerType'),
(42, 'uniqueInstance', 'public static com.byteslounge.logger.factory.LoggerFactory$LoggerType DATABASE'),
(42, 'uniqueInstance', 'public static com.byteslounge.logger.factory.LoggerFactory$LoggerType FILE'),
(43, 'Context', 'com.byteslounge.Application'),
(43, 'State/Strategy', 'com.byteslounge.logger.Logger'),
(49, 'Adapter/ConcreteCommand', 'Command.MoveBackwardCommand'),
(49, 'Adaptee/Receiver', 'Command.Operations'),
(49, 'Adapter/ConcreteCommand', 'Command.MoveForwardCommand'),
(49, 'Adaptee/Receiver', 'Command.Operations'),
(49, 'Adapter/ConcreteCommand', 'Command.RotateLeftCommand'),
(49, 'Adaptee/Receiver', 'Command.Operations'),
(49, 'Adapter/ConcreteCommand', 'Command.RotateRightCommand'),
(49, 'Adaptee/Receiver', 'Command.Operations'),
(49, 'Adapter/ConcreteCommand', 'Command.TakePictureCommand'),
(49, 'Adaptee/Receiver', 'Command.Operations'),
(49, 'Adapter/ConcreteCommand', 'Command.TakeSampleCommand'),
(49, 'Adaptee/Receiver', 'Command.Operations'),
(50, 'Component', 'Decorator.AbstractMarsRover'),
(50, 'Decorator', 'Decorator.ExplorationActivity'),
(50, 'component', 'protected Decorator.AbstractMarsRover marsRover'),
(52, 'Observer', 'EnvironmentalDataObserver.Observer'),
(52, 'Subject', 'EnvironmentalDataObserver.RoverREMSSubject'),
(52, 'Observer', 'ObstaclesObserver.Observer'),
(52, 'Subject', 'ObstaclesObserver.HazCams'),
(60, 'Context', 'Command.RemoteControl'),
(60, 'State/Strategy', 'Command.Command'),
(60, 'Context', 'Command.MoveBackwardCommand'),
(60, 'State/Strategy', 'Command.Operations'),
(60, 'Context', 'Command.MoveForwardCommand'),
(60, 'State/Strategy', 'Command.Operations'),
(60, 'Context', 'Command.RotateLeftCommand'),
(60, 'State/Strategy', 'Command.Operations'),
(60, 'Context', 'Command.RotateRightCommand'),
(60, 'State/Strategy', 'Command.Operations'),
(60, 'Context', 'Command.TakePictureCommand'),
(60, 'State/Strategy', 'Command.Operations'),
(60, 'Context', 'Command.TakeSampleCommand'),
(60, 'State/Strategy', 'Command.Operations'),
(60, 'Context', 'Strategy.MarsRoverContext'),
(60, 'State/Strategy', 'Strategy.MarsRoverBehavior'),
(61, 'Component', 'org.arpit.javapostsforlearning.designpattern.Room'),
(61, 'Decorator', 'org.arpit.javapostsforlearning.designpattern.RoomDecorator'),
(61, 'component', 'protected org.arpit.javapostsforlearning.designpattern.Room specialRoom'),
(62, 'Singleton', 'ChessGameKenai.GameLoader'),
(62, 'uniqueInstance', 'private static ChessGameKenai.GameLoader _instance'),
(72, 'Adapter/ConcreteCommand', 'ChessGameKenai.LoadGameCommand'),
(72, 'Adaptee/Receiver', 'ChessGameKenai.ChessBoardView'),
(72, 'Adapter/ConcreteCommand', 'ChessGameKenai.ClosePromptCommand'),
(72, 'Adaptee/Receiver', 'ChessGameKenai.ChessBoardView'),
(72, 'Adapter/ConcreteCommand', 'ChessGameKenai.LoadFromFileCommand'),
(72, 'Adaptee/Receiver', 'ChessGameKenai.ChessBoardView'),
(72, 'Adapter/ConcreteCommand', 'ChessGameKenai.NewGameCommand'),
(72, 'Adaptee/Receiver', 'ChessGameKenai.ChessBoardView'),
(72, 'Adapter/ConcreteCommand', 'ChessGameKenai.NewGameWithComputer'),
(72, 'Adaptee/Receiver', 'ChessGameKenai.ChessBoardView'),
(72, 'Adapter/ConcreteCommand', 'ChessGameKenai.RestartCommand'),
(72, 'Adaptee/Receiver', 'ChessGameKenai.ChessBoardView'),
(72, 'Adapter/ConcreteCommand', 'ChessGameKenai.SaveAsCommand'),
(72, 'Adaptee/Receiver', 'ChessGameKenai.ChessBoardView'),
(72, 'Adapter/ConcreteCommand', 'ChessGameKenai.SetPlayerNameCommand'),
(72, 'Adaptee/Receiver', 'ChessGameKenai.ChessBoardView'),
(72, 'Adaptee/Receiver', 'ChessGameKenai.Board'),
(72, 'Adapter/ConcreteCommand', 'ChessGameKenai.FlipBoardStrategy'),
(72, 'Adaptee/Receiver', 'ChessGameKenai.Board'),
(72, 'Adapter/ConcreteCommand', 'ChessGameKenai.NormalBoardStrategy'),
(75, 'Context', 'ChessGameKenai.Adapter'),
(75, 'State/Strategy', 'ChessGameKenai.Command'),
(75, 'Context', 'ChessGameKenai.ChessData'),
(75, 'State/Strategy', 'ChessGameKenai.NonVisualPiece'),
(75, 'Context', 'ChessGameKenai.Board'),
(75, 'State/Strategy', 'ChessGameKenai.IFlipStrategy'),
(76, 'AbstractClass', 'ChessGameKenai.NonVisualPiece'),
(77, 'Adaptee/Receiver', 'com.javapapers.designpattern.command.ConsumerElectronics'),
(77, 'Adapter/ConcreteCommand', 'com.javapapers.designpattern.command.OnCommand'),
(79, 'Context', 'com.javapapers.designpattern.command.Button'),
(79, 'State/Strategy', 'com.javapapers.designpattern.command.Command'),
(79, 'Context', 'com.javapapers.designpattern.command.OnCommand'),
(79, 'State/Strategy', 'com.javapapers.designpattern.command.ConsumerElectronics'),
(80, 'Component', 'org.arpit.javapostsforlearning.designpatterns.Employee'),
(80, 'Composite', 'org.arpit.javapostsforlearning.designpatterns.Manager'),
(82, 'Singleton', 'ChessGameKenai.ChessBoardView'),
(82, 'uniqueInstance', 'private static ChessGameKenai.ChessBoardView _instance'),
(82, 'Singleton', 'ChessGameKenai.Chess_Data'),
(82, 'uniqueInstance', 'private static ChessGameKenai.Chess_Data _instance'),
(83, 'Context', 'ChessGameKenai.ChessBoardView'),
(83, 'State/Strategy', 'ChessGameKenai.Board'),
(84, 'Singleton', 'org.lums.chess.Board'),
(84, 'uniqueInstance', 'private static org.lums.chess.Board board'),
(85, 'Context', 'org.lums.chess.ChessData'),
(85, 'State/Strategy', 'org.lums.chess.NonVisualPiece'),
(86, 'AbstractClass', 'org.lums.chess.NonVisualPiece'),
(88, 'Singleton', 'gr.uom.java.bytecode.Access'),
(88, 'uniqueInstance', 'public static gr.uom.java.bytecode.Access NONE'),
(88, 'uniqueInstance', 'public static gr.uom.java.bytecode.Access PUBLIC'),
(88, 'uniqueInstance', 'public static gr.uom.java.bytecode.Access PRIVATE'),
(88, 'uniqueInstance', 'public static gr.uom.java.bytecode.Access PROTECTED'),
(88, 'Singleton', 'gr.uom.java.pattern.PatternEnum'),
(88, 'uniqueInstance', 'public static gr.uom.java.pattern.PatternEnum FACTORY_METHOD'),
(88, 'uniqueInstance', 'public static gr.uom.java.pattern.PatternEnum PROTOTYPE'),
(88, 'uniqueInstance', 'public static gr.uom.java.pattern.PatternEnum SINGLETON'),
(88, 'uniqueInstance', 'public static gr.uom.java.pattern.PatternEnum ADAPTER_COMMAND'),
(88, 'uniqueInstance', 'public static gr.uom.java.pattern.PatternEnum COMPOSITE'),
(88, 'uniqueInstance', 'public static gr.uom.java.pattern.PatternEnum DECORATOR'),
(88, 'uniqueInstance', 'public static gr.uom.java.pattern.PatternEnum OBSERVER'),
(88, 'uniqueInstance', 'public static gr.uom.java.pattern.PatternEnum STATE_STRATEGY'),
(88, 'uniqueInstance', 'public static gr.uom.java.pattern.PatternEnum TEMPLATE_METHOD'),
(88, 'uniqueInstance', 'public static gr.uom.java.pattern.PatternEnum VISITOR'),
(88, 'uniqueInstance', 'public static gr.uom.java.pattern.PatternEnum PROXY'),
(88, 'uniqueInstance', 'public static gr.uom.java.pattern.PatternEnum PROXY2'),
(90, 'Adapter/ConcreteCommand', 'gr.uom.java.pattern.gui.MatrixFrame'),
(90, 'Adaptee/Receiver', 'gr.uom.java.pattern.gui.MatrixInternalFrame'),
(90, 'Adaptee/Receiver', 'gr.uom.java.pattern.gui.LongTask'),
(90, 'Adapter/ConcreteCommand', 'gr.uom.java.pattern.gui.LongTask$1'),
(92, 'Context', 'gr.uom.java.pattern.gui.SwingWorker$2'),
(92, 'State/Strategy', 'gr.uom.java.pattern.gui.SwingWorker'),
(92, 'State/Strategy', 'gr.uom.java.pattern.inheritance.Enumeratable'),
(92, 'Context', 'gr.uom.java.pattern.SystemGenerator'),
(93, 'Context', 'com.javapapers.designpatterns.state.AlertStateContext'),
(93, 'State/Strategy', 'com.javapapers.designpatterns.state.MobileAlertState'),
(94, 'Component', 'org.arpit.javapostsforlearning.designpattern.Room'),
(94, 'Decorator', 'org.arpit.javapostsforlearning.designpattern.RoomDecorator'),
(94, 'component', 'protected org.arpit.javapostsforlearning.designpattern.Room specialRoom'),
(95, 'Adaptee/Receiver', 'com.javapapers.designpattern.command.ConsumerElectronics'),
(95, 'Adapter/ConcreteCommand', 'com.javapapers.designpattern.command.OnCommand'),
(97, 'Context', 'com.javapapers.designpattern.command.Button'),
(97, 'State/Strategy', 'com.javapapers.designpattern.command.Command'),
(97, 'Context', 'com.javapapers.designpattern.command.OnCommand'),
(97, 'State/Strategy', 'com.javapapers.designpattern.command.ConsumerElectronics'),
(98, 'State/Strategy', 'Character'),
(98, 'Context', 'DungeonMaster'),
(99, 'State/Strategy', 'Character'),
(99, 'Context', 'DungeonMaster'),
(100, 'State/Strategy', 'Character'),
(100, 'Context', 'DungeonMaster'),
(101, 'State/Strategy', 'Character'),
(101, 'Context', 'DungeonMaster'),
(102, 'State/Strategy', 'Character'),
(102, 'Context', 'DungeonMaster'),
(103, 'State/Strategy', 'Character'),
(103, 'Context', 'DungeonMaster'),
(104, 'Client', 'com.intellij.uiDesigner.core.AbstractLayout'),
(104, 'Prototype', 'com.intellij.uiDesigner.core.GridConstraints'),
(107, 'Singleton', 'GameCore.GameEngine'),
(107, 'uniqueInstance', 'private static GameCore.GameEngine game'),
(107, 'Singleton', 'GameElements.MainCharacter'),
(107, 'uniqueInstance', 'private static GameElements.MainCharacter player'),
(107, 'Singleton', 'GameElements.PowerUpType'),
(107, 'uniqueInstance', 'public static GameElements.PowerUpType hallwayrage'),
(107, 'uniqueInstance', 'public static GameElements.PowerUpType health'),
(107, 'uniqueInstance', 'public static GameElements.PowerUpType pushback'),
(107, 'uniqueInstance', 'public static GameElements.PowerUpType acidPuddle'),
(109, 'Adaptee/Receiver', 'com.intellij.uiDesigner.core.DimensionInfo'),
(109, 'Adapter/ConcreteCommand', 'com.intellij.uiDesigner.core.GridLayoutManager'),
(109, 'Adaptee/Receiver', 'com.intellij.uiDesigner.core.LayoutState'),
(109, 'Adapter/ConcreteCommand', 'com.intellij.uiDesigner.core.GridLayoutManager'),
(110, 'Context', 'com.intellij.uiDesigner.core.GridLayoutManager'),
(110, 'State/Strategy', 'com.intellij.uiDesigner.core.DimensionInfo'),
(111, 'AbstractClass', 'com.intellij.uiDesigner.core.DimensionInfo'),
(112, 'Client', 'com.intellij.uiDesigner.core.AbstractLayout'),
(112, 'Prototype', 'com.intellij.uiDesigner.core.GridConstraints'),
(115, 'Singleton', 'GameCore.GameEngine'),
(115, 'uniqueInstance', 'private static GameCore.GameEngine game'),
(115, 'Singleton', 'GameElements.MainCharacter'),
(115, 'uniqueInstance', 'private static GameElements.MainCharacter player'),
(115, 'Singleton', 'GameElements.PowerUpType'),
(115, 'uniqueInstance', 'public static GameElements.PowerUpType hallwayrage'),
(115, 'uniqueInstance', 'public static GameElements.PowerUpType health'),
(115, 'uniqueInstance', 'public static GameElements.PowerUpType pushback'),
(115, 'uniqueInstance', 'public static GameElements.PowerUpType acidPuddle'),
(117, 'Adaptee/Receiver', 'com.intellij.uiDesigner.core.DimensionInfo'),
(117, 'Adapter/ConcreteCommand', 'com.intellij.uiDesigner.core.GridLayoutManager'),
(117, 'Adaptee/Receiver', 'com.intellij.uiDesigner.core.LayoutState'),
(117, 'Adapter/ConcreteCommand', 'com.intellij.uiDesigner.core.GridLayoutManager'),
(118, 'Context', 'com.intellij.uiDesigner.core.GridLayoutManager'),
(118, 'State/Strategy', 'com.intellij.uiDesigner.core.DimensionInfo'),
(119, 'AbstractClass', 'com.intellij.uiDesigner.core.DimensionInfo'),
(120, 'Client', 'com.intellij.uiDesigner.core.AbstractLayout'),
(120, 'Prototype', 'com.intellij.uiDesigner.core.GridConstraints'),
(123, 'Singleton', 'GameCore.GameEngine'),
(123, 'uniqueInstance', 'private static GameCore.GameEngine game'),
(123, 'Singleton', 'GameElements.MainCharacter'),
(123, 'uniqueInstance', 'private static GameElements.MainCharacter player'),
(123, 'Singleton', 'GameElements.PowerUpType'),
(123, 'uniqueInstance', 'public static GameElements.PowerUpType hallwayrage'),
(123, 'uniqueInstance', 'public static GameElements.PowerUpType health'),
(123, 'uniqueInstance', 'public static GameElements.PowerUpType pushback'),
(123, 'uniqueInstance', 'public static GameElements.PowerUpType acidPuddle'),
(125, 'Adaptee/Receiver', 'com.intellij.uiDesigner.core.DimensionInfo'),
(125, 'Adapter/ConcreteCommand', 'com.intellij.uiDesigner.core.GridLayoutManager'),
(125, 'Adaptee/Receiver', 'com.intellij.uiDesigner.core.LayoutState'),
(125, 'Adapter/ConcreteCommand', 'com.intellij.uiDesigner.core.GridLayoutManager'),
(126, 'Context', 'com.intellij.uiDesigner.core.GridLayoutManager'),
(126, 'State/Strategy', 'com.intellij.uiDesigner.core.DimensionInfo'),
(127, 'AbstractClass', 'com.intellij.uiDesigner.core.DimensionInfo'),
(128, 'Client', 'com.intellij.uiDesigner.core.AbstractLayout'),
(128, 'Prototype', 'com.intellij.uiDesigner.core.GridConstraints'),
(131, 'Singleton', 'GameCore.GameEngine'),
(131, 'uniqueInstance', 'private static GameCore.GameEngine game'),
(131, 'Singleton', 'GameElements.MainCharacter'),
(131, 'uniqueInstance', 'private static GameElements.MainCharacter player'),
(131, 'Singleton', 'GameElements.PowerUpType'),
(131, 'uniqueInstance', 'public static GameElements.PowerUpType hallwayrage'),
(131, 'uniqueInstance', 'public static GameElements.PowerUpType health'),
(131, 'uniqueInstance', 'public static GameElements.PowerUpType pushback'),
(131, 'uniqueInstance', 'public static GameElements.PowerUpType acidPuddle'),
(133, 'Adaptee/Receiver', 'com.intellij.uiDesigner.core.DimensionInfo'),
(133, 'Adapter/ConcreteCommand', 'com.intellij.uiDesigner.core.GridLayoutManager'),
(133, 'Adaptee/Receiver', 'com.intellij.uiDesigner.core.LayoutState'),
(133, 'Adapter/ConcreteCommand', 'com.intellij.uiDesigner.core.GridLayoutManager'),
(134, 'Context', 'com.intellij.uiDesigner.core.GridLayoutManager'),
(134, 'State/Strategy', 'com.intellij.uiDesigner.core.DimensionInfo'),
(135, 'AbstractClass', 'com.intellij.uiDesigner.core.DimensionInfo'),
(136, 'State/Strategy', 'Character'),
(136, 'Context', 'DungeonMaster'),
(137, 'State/Strategy', 'Character'),
(137, 'Context', 'DungeonMaster'),
(138, 'Client', 'com.intellij.uiDesigner.core.AbstractLayout'),
(138, 'Prototype', 'com.intellij.uiDesigner.core.GridConstraints'),
(141, 'Singleton', 'GameCore.GameEngine'),
(141, 'uniqueInstance', 'private static GameCore.GameEngine game'),
(141, 'Singleton', 'GameElements.MainCharacter'),
(141, 'uniqueInstance', 'private static GameElements.MainCharacter player'),
(141, 'Singleton', 'GameElements.PowerUpType'),
(141, 'uniqueInstance', 'public static GameElements.PowerUpType hallwayrage'),
(141, 'uniqueInstance', 'public static GameElements.PowerUpType health'),
(141, 'uniqueInstance', 'public static GameElements.PowerUpType pushback'),
(141, 'uniqueInstance', 'public static GameElements.PowerUpType acidPuddle'),
(143, 'Adaptee/Receiver', 'com.intellij.uiDesigner.core.DimensionInfo'),
(143, 'Adapter/ConcreteCommand', 'com.intellij.uiDesigner.core.GridLayoutManager'),
(143, 'Adaptee/Receiver', 'com.intellij.uiDesigner.core.LayoutState'),
(143, 'Adapter/ConcreteCommand', 'com.intellij.uiDesigner.core.GridLayoutManager'),
(144, 'Context', 'com.intellij.uiDesigner.core.GridLayoutManager'),
(144, 'State/Strategy', 'com.intellij.uiDesigner.core.DimensionInfo'),
(145, 'AbstractClass', 'com.intellij.uiDesigner.core.DimensionInfo');

-- --------------------------------------------------------

--
-- Table structure for table `commentstopattern`
--

CREATE TABLE IF NOT EXISTS `commentstopattern` (
  `patternInstanceID` int(100) NOT NULL,
  `WordID` int(100) NOT NULL,
  `Word` varchar(10000) NOT NULL,
  `className` varchar(200) DEFAULT NULL
) ENGINE=InnoDB DEFAULT CHARSET=latin1;

-- --------------------------------------------------------

--
-- Table structure for table `domaintokeywords`
--

CREATE TABLE IF NOT EXISTS `domaintokeywords` (
  `topicID` int(100) NOT NULL,
  `keywordID` int(100) NOT NULL,
  `keyword` varchar(100) NOT NULL,
  `weightage` int(100) NOT NULL
) ENGINE=InnoDB AUTO_INCREMENT=1005 DEFAULT CHARSET=latin1;

--
-- Dumping data for table `domaintokeywords`
--

INSERT INTO `domaintokeywords` (`topicID`, `keywordID`, `keyword`, `weightage`) VALUES
(1, 1, 'state', 27),
(1, 2, 'alert', 21),
(1, 3, 'context', 14),
(1, 4, 'mobil', 5),
(1, 5, 'current', 4),
(2, 6, 'multithread', 3),
(2, 7, 'arg', 1),
(3, 8, 'instanc', 5),
(3, 9, 'clone', 3),
(3, 10, 'load', 1),
(4, 11, 'check', 6),
(4, 12, 'write', 1),
(4, 13, 'serial', 1),
(4, 14, 'system', 1),
(4, 15, 'main', 1),
(5, 16, 'lazi', 16),
(5, 17, 'loader', 7),
(5, 18, 'compil', 1),
(6, 19, 'support', 2),
(6, 20, 'context', 1),
(6, 21, 'clon', 1),
(6, 22, 'state', 1),
(6, 23, 'obtain', 1),
(7, 24, 'thread', 2),
(7, 25, 'current', 1),
(7, 26, 'creat', 1),
(7, 27, 'illeg', 1),
(7, 28, 'error', 1),
(8, 29, 'multithread', 2),
(8, 30, 'object', 2),
(8, 31, 'singl', 1),
(8, 32, 'resolv', 1),
(8, 33, 'read', 1),
(9, 34, 'eager', 5),
(9, 35, 'object', 4),
(9, 36, 'version', 1),
(9, 37, 'busi', 1),
(10, 38, 'ifsc', 5),
(10, 39, 'singleton', 1),
(10, 40, 'uid', 1),
(11, 41, 'singleton', 32),
(11, 42, 'stream', 2),
(12, 43, 'check', 8),
(12, 44, 'set', 7),
(12, 45, 'enabl', 7),
(12, 46, 'facad', 6),
(12, 47, 'editor', 4),
(14, 48, 'languag', 28),
(14, 49, 'instanti', 10),
(14, 50, 'translat', 8),
(14, 51, 'text', 6),
(14, 52, 'adapt', 6),
(15, 53, 'thesauru', 83),
(15, 54, 'languag', 79),
(15, 55, 'arab', 77),
(15, 56, 'uniqu', 71),
(15, 57, 'factori', 47),
(16, 58, 'singleton', 150),
(16, 59, 'system', 92),
(16, 60, 'english', 61),
(16, 61, 'spell', 57),
(16, 62, 'instanc', 54),
(17, 63, 'configur', 12),
(17, 64, 'spellcheck', 10),
(17, 65, 'illeg', 8),
(17, 66, 'urdu', 6),
(17, 67, 'input', 4),
(18, 68, 'interrupt', 14),
(18, 69, 'instanc', 11),
(18, 70, 'english', 6),
(18, 71, 'thesauru', 5),
(18, 72, 'load', 4),
(19, 73, 'edit', 119),
(19, 74, 'font', 76),
(19, 75, 'japanes', 66),
(19, 76, 'instanc', 61),
(19, 77, 'configur', 53),
(20, 78, 'detect', 3),
(20, 79, 'english', 2),
(20, 80, 'environ', 2),
(20, 81, 'object', 1),
(20, 82, 'pattern', 1),
(21, 83, 'logger', 28),
(21, 84, 'databas', 7),
(21, 85, 'type', 6),
(21, 86, 'messag', 5),
(21, 87, 'applic', 5),
(22, 88, 'ifrequest', 4),
(22, 89, 'removei', 2),
(22, 90, 'temperatur', 2),
(22, 91, 'task', 2),
(22, 92, 'analyzerequest', 2),
(23, 93, 'land', 5),
(23, 94, 'notifi', 4),
(23, 95, 'readi', 4),
(23, 96, 'decis', 3),
(23, 97, 'analyz', 3),
(24, 98, 'simul', 8),
(24, 99, 'speed', 7),
(24, 100, 'analysi', 6),
(24, 101, 'fly', 4),
(24, 102, 'commandop', 3),
(25, 103, 'radiat', 8),
(25, 104, 'move', 7),
(25, 105, 'command', 6),
(25, 106, 'arrai', 6),
(25, 107, 'forward', 5),
(26, 108, 'radiat', 3),
(26, 109, 'spectromet', 3),
(26, 110, 'speed', 2),
(26, 111, 'high', 2),
(26, 112, 'full', 1),
(27, 113, 'specimen', 3),
(27, 114, 'descript', 2),
(27, 115, 'sampl', 2),
(27, 116, 'reach', 2),
(27, 117, 'curios', 2),
(28, 118, 'oper', 14),
(28, 119, 'perform', 13),
(28, 120, 'move', 12),
(28, 121, 'analyz', 9),
(28, 122, 'sleep', 8),
(29, 123, 'rover', 93),
(29, 124, 'mar', 71),
(29, 125, 'system', 59),
(29, 126, 'observ', 42),
(29, 127, 'command', 34),
(30, 128, 'statist', 4),
(30, 129, 'hazcam', 3),
(30, 130, 'camera', 3),
(30, 131, 'observerobserv', 2),
(30, 132, 'task', 2),
(31, 133, 'mainarg', 3),
(31, 134, 'pressur', 3),
(31, 135, 'main', 2),
(31, 136, 'behaviornew', 1),
(31, 137, 'updat', 1),
(32, 138, 'room', 37),
(32, 139, 'show', 9),
(32, 140, 'special', 9),
(32, 141, 'decor', 9),
(32, 142, 'designpattern', 5),
(33, 143, 'command', 15),
(33, 144, 'electron', 12),
(33, 145, 'consum', 12),
(33, 146, 'mute', 11),
(33, 147, 'list', 9),
(34, 148, 'salari', 22),
(34, 149, 'manag', 12),
(34, 150, 'addmanag', 1),
(35, 151, 'total', 4),
(35, 152, 'node', 4),
(36, 153, 'print', 5),
(36, 154, 'gener', 4),
(36, 155, 'childint', 3),
(37, 156, 'method', 735),
(37, 157, 'list', 654),
(37, 158, 'object', 525),
(37, 159, 'pattern', 390),
(37, 160, 'matrix', 348),
(38, 161, 'list', 633),
(38, 162, 'object', 621),
(38, 163, 'method', 451),
(38, 164, 'matrix', 411),
(38, 165, 'pattern', 331),
(39, 166, 'list', 719),
(39, 167, 'method', 639),
(39, 168, 'object', 607),
(39, 169, 'matrix', 412),
(39, 170, 'pattern', 403),
(40, 171, 'method', 650),
(40, 172, 'list', 625),
(40, 173, 'object', 622),
(40, 174, 'pattern', 409),
(40, 175, 'matrix', 380),
(41, 176, 'object', 679),
(41, 177, 'list', 573),
(41, 178, 'method', 572),
(41, 179, 'matrix', 402),
(41, 180, 'pattern', 394),
(42, 181, 'list', 659),
(42, 182, 'method', 601),
(42, 183, 'object', 597),
(42, 184, 'pattern', 386),
(42, 185, 'matrix', 359),
(43, 186, 'object', 724),
(43, 187, 'method', 683),
(43, 188, 'list', 653),
(43, 189, 'matrix', 420),
(43, 190, 'set', 398),
(44, 191, 'method', 690),
(44, 192, 'object', 634),
(44, 193, 'list', 532),
(44, 194, 'pattern', 429),
(44, 195, 'set', 395),
(45, 196, 'method', 696),
(45, 197, 'object', 689),
(45, 198, 'list', 632),
(45, 199, 'matrix', 452),
(45, 200, 'set', 404),
(46, 201, 'method', 683),
(46, 202, 'object', 614),
(46, 203, 'list', 568),
(46, 204, 'matrix', 397),
(46, 205, 'pattern', 368),
(47, 206, 'row', 11),
(47, 207, 'remov', 9),
(47, 208, 'opcod', 5),
(47, 209, 'val', 4),
(47, 210, 'prototyp', 4),
(48, 211, 'actual', 6),
(48, 212, 'strategi', 5),
(48, 213, 'boolean', 5),
(48, 214, 'collect', 4),
(48, 215, 'creation', 4),
(49, 216, 'append', 5),
(49, 217, 'entryo', 4),
(49, 218, 'leaf', 3),
(49, 219, 'hierarchyenumerat', 2),
(49, 220, 'timer', 2),
(50, 221, 'algorithm', 6),
(50, 222, 'ifal', 5),
(50, 223, 'time', 4),
(50, 224, 'menu', 4),
(50, 225, 'tree', 4),
(51, 226, 'minimum', 8),
(51, 227, 'tool', 7),
(51, 228, 'mobil', 5),
(51, 229, 'add', 4),
(51, 230, 'while', 4),
(52, 231, 'chooser', 5),
(52, 232, 'cpu', 5),
(52, 233, 'constructor', 5),
(52, 234, 'ifmethod', 4),
(52, 235, 'positionrow', 4),
(53, 236, 'label', 13),
(53, 237, 'size', 10),
(53, 238, 'compar', 7),
(53, 239, 'check', 5),
(53, 240, 'background', 5),
(54, 241, 'object', 789),
(54, 242, 'list', 780),
(54, 243, 'matrix', 493),
(54, 244, 'pattern', 473),
(54, 245, 'set', 436),
(55, 246, 'method', 757),
(55, 247, 'invoc', 273),
(55, 248, 'role', 151),
(55, 249, 'similar', 126),
(55, 250, 'vector', 98),
(56, 251, 'filter', 6),
(56, 252, 'm[pos][count', 5),
(56, 253, 'behavior', 5),
(56, 254, 'current', 5),
(56, 255, 'jump', 5),
(57, 256, 'room', 37),
(57, 257, 'show', 9),
(57, 258, 'special', 9),
(57, 259, 'decor', 9),
(57, 260, 'designpattern', 5),
(58, 261, 'command', 15),
(58, 262, 'electron', 12),
(58, 263, 'consum', 12),
(58, 264, 'mute', 11),
(58, 265, 'list', 9),
(60, 266, 'dist', 3),
(60, 267, 'color', 3),
(60, 268, 'bow', 3),
(60, 269, 'item', 2),
(60, 270, 'damageint', 2),
(61, 271, 'removeknight', 1),
(61, 272, 'act', 1),
(61, 273, 'removei', 1),
(61, 274, 'set', 1),
(61, 275, 'player', 1),
(62, 276, 'set', 124),
(62, 277, 'imag', 49),
(62, 278, 'health', 43),
(62, 279, 'dist', 39),
(62, 280, 'stamina', 36),
(63, 281, 'doingthi', 6),
(63, 282, 'frame', 4),
(63, 283, 'system', 3),
(63, 284, 'heightnul', 3),
(63, 285, 'forint', 2),
(64, 286, 'left', 8),
(64, 287, 'translatethi', 6),
(64, 288, 'trysleepc', 4),
(64, 289, 'ifc', 4),
(64, 290, 'arrai', 4),
(65, 291, 'stand', 11),
(65, 292, 'arrow', 6),
(65, 293, 'ifi', 4),
(65, 294, 'time', 3),
(65, 295, 'motionthi', 3),
(66, 296, 'affin', 10),
(66, 297, 'bow', 9),
(66, 298, 'draw', 6),
(66, 299, 'imag', 5),
(66, 300, 'shape', 4),
(67, 301, 'interrupt', 3),
(67, 302, 'sleeperreturn', 2),
(67, 303, 'shape', 2),
(67, 304, 'sizei', 1),
(67, 305, 'removei', 1),
(68, 306, 'heightnul', 2),
(68, 307, 'acquir', 1),
(68, 308, 'loop', 1),
(68, 309, 'resetboolean', 1),
(68, 310, 'system', 1),
(69, 311, 'damag', 3),
(69, 312, 'drawthi', 2),
(69, 313, 'shoot', 1),
(69, 314, 'ifthi', 1),
(69, 315, 'uniqu', 1),
(70, 316, 'interrupt', 5),
(70, 317, 'ifdirect', 4),
(70, 318, 'forint', 4),
(70, 319, 'attack', 4),
(70, 320, 'defin', 4),
(71, 321, 'distancethi', 2),
(71, 322, 'vthi', 2),
(71, 323, 'geti', 1),
(71, 324, 'pick', 1),
(71, 325, 'whilei', 1),
(72, 326, 'paint', 7),
(72, 327, 'bodi', 5),
(72, 328, 'sleepercatch', 4),
(72, 329, 'lower', 4),
(72, 330, 'rectangl', 4),
(73, 331, 'affin', 11),
(73, 332, 'list', 5),
(73, 333, 'frame', 4),
(73, 334, 'whilec', 3),
(73, 335, 'check', 3),
(74, 336, 'arrow', 4),
(74, 337, 'timer', 3),
(74, 338, 'item', 2),
(74, 339, 'y-c', 2),
(74, 340, 'doingreturn', 2),
(75, 341, 'damag', 5),
(75, 342, 'trysleepc', 4),
(75, 343, 'attack', 3),
(75, 344, 'sleeper', 3),
(75, 345, 'rang', 2),
(76, 346, 'attackabletru', 1),
(76, 347, 'trace', 1),
(76, 348, 'ifdead', 1),
(76, 349, 'directionreturn', 1),
(76, 350, 'shape', 1),
(77, 351, 'set', 126),
(77, 352, 'imag', 54),
(77, 353, 'health', 44),
(77, 354, 'dist', 41),
(77, 355, 'direct', 40),
(78, 356, 'bound', 14),
(78, 357, 'vthi', 7),
(78, 358, 'list', 6),
(78, 359, 'ifc', 5),
(78, 360, 'move', 5),
(79, 361, 'shoot', 5),
(79, 362, 'shot', 5),
(79, 363, 'widthnul', 3),
(79, 364, 'method', 2),
(79, 365, 'fillshap', 2),
(80, 366, 'ifc', 7),
(80, 367, 'sleepercatch', 4),
(80, 368, 'player', 4),
(80, 369, 'attack', 3),
(80, 370, 'bow', 3),
(81, 371, 'time', 4),
(81, 372, 'knight', 4),
(81, 373, 'player', 3),
(81, 374, 'potion', 3),
(81, 375, 'geti', 2),
(82, 376, 'time', 9),
(82, 377, 'paint', 8),
(82, 378, 'bow', 5),
(82, 379, 'dist', 4),
(82, 380, 'stamina', 4),
(83, 381, 'containsitem', 1),
(83, 382, 'healththi', 1),
(83, 383, 'boolfram', 1),
(83, 384, 'booltrysleepc', 1),
(83, 385, 'left', 1),
(84, 386, 'transform', 2),
(84, 387, 'distanc', 2),
(84, 388, 'shotlong', 1),
(84, 389, 'y-i', 1),
(84, 390, 'logic', 1),
(85, 391, 'frame', 13),
(85, 392, 'potion', 12),
(85, 393, 'graphic', 8),
(85, 394, 'bodi', 5),
(85, 395, 'forint', 4),
(86, 396, 'swing', 3),
(86, 397, 'left', 2),
(86, 398, 'widthnul', 2),
(86, 399, 'damag', 2),
(86, 400, 'rang', 1),
(87, 401, 'set', 125),
(87, 402, 'imag', 52),
(87, 403, 'health', 44),
(87, 404, 'direct', 39),
(87, 405, 'dist', 35),
(88, 406, 'ifdirect', 2),
(88, 407, 'healththi', 1),
(88, 408, 'ifc', 1),
(88, 409, 'color', 1),
(89, 410, 'stack', 2),
(89, 411, 'vthi', 2),
(89, 412, 'geti', 1),
(89, 413, 'upitem', 1),
(89, 414, 'additem', 1),
(90, 415, 'charact', 9),
(90, 416, 'potion', 7),
(90, 417, 'link', 6),
(90, 418, 'arrow', 6),
(90, 419, 'booltru', 3),
(91, 420, 'whilec', 3),
(91, 421, 'shot', 3),
(91, 422, 'attack', 3),
(91, 423, 'bodi', 3),
(91, 424, 'heightnul', 3),
(92, 425, 'containsitem', 1),
(92, 426, 'loop', 1),
(92, 427, 'system', 1),
(92, 428, 'sleeperreturn', 1),
(92, 429, 'yreturn', 1),
(93, 430, 'set', 127),
(93, 431, 'imag', 55),
(93, 432, 'health', 45),
(93, 433, 'dist', 42),
(93, 434, 'direct', 40),
(94, 435, 'link', 4),
(94, 436, 'system', 4),
(94, 437, 'left', 4),
(94, 438, 'timer', 4),
(94, 439, 'swing', 3),
(95, 440, 'y-c', 2),
(95, 441, 'forint', 2),
(95, 442, 'knight', 2),
(95, 443, 'iffram', 1),
(95, 444, 'interrupt', 1),
(96, 445, 'vthi', 5),
(96, 446, 'translatethi', 5),
(96, 447, 'removei', 4),
(96, 448, 'interrupt', 4),
(96, 449, 'boolreturn', 4),
(97, 450, 'ifc', 2),
(97, 451, 'directionthi', 2),
(97, 452, 'staminaint', 2),
(97, 453, 'arrowarrow', 1),
(97, 454, 'trysleepi', 1),
(98, 455, 'swing', 9),
(98, 456, 'draw', 6),
(98, 457, 'bodi', 4),
(98, 458, 'charact', 4),
(98, 459, 'move', 4),
(99, 460, 'ifi', 5),
(99, 461, 'shape', 4),
(99, 462, 'ifitem', 2),
(99, 463, 'ifdead', 2),
(99, 464, 'di', 2),
(100, 465, 'system', 5),
(100, 466, 'arrai', 4),
(100, 467, 'shot', 3),
(100, 468, 'rang', 2),
(100, 469, 'ifitem', 2),
(101, 470, 'transformnew', 5),
(101, 471, 'paint', 5),
(101, 472, 'set', 4),
(101, 473, 'booltru', 3),
(101, 474, 'damageint', 3),
(102, 475, 'trysleepc', 3),
(102, 476, 'interrupt', 2),
(102, 477, 'item', 1),
(102, 478, 'shotboolean', 1),
(102, 479, 'audio', 1),
(103, 480, 'ifthi', 3),
(103, 481, 'stamina', 2),
(103, 482, 'transform', 2),
(103, 483, 'removeknight', 1),
(103, 484, 'trysleepi', 1),
(104, 485, 'imagec', 2),
(104, 486, 'distanceint', 2),
(104, 487, 'stamina', 2),
(104, 488, 'attackboolean', 1),
(104, 489, 'additem', 1),
(105, 490, 'set', 123),
(105, 491, 'imag', 55),
(105, 492, 'direct', 39),
(105, 493, 'health', 37),
(105, 494, 'knight', 34),
(106, 495, 'dist', 35),
(106, 496, 'charact', 19),
(106, 497, 'frame', 15),
(106, 498, 'bound', 15),
(106, 499, 'potion', 15),
(107, 500, 'health', 6),
(107, 501, 'master', 5),
(107, 502, 'x-c', 2),
(107, 503, 'left', 2),
(107, 504, 'shot', 2),
(108, 505, 'trace', 2),
(108, 506, 'imag', 2),
(108, 507, 'attackboolean', 1),
(108, 508, 'addarrow', 1),
(108, 509, 'attackabletru', 1),
(109, 510, 'ifi', 3),
(109, 511, 'start', 3),
(109, 512, 'booltrysleepc', 2),
(109, 513, 'boolreturn', 2),
(109, 514, 'dreturn', 2),
(110, 515, 'initi', 12),
(110, 516, 'sleeper', 12),
(110, 517, 'list', 7),
(110, 518, 'player', 6),
(110, 519, 'interrupt', 4),
(111, 520, 'heightnul', 6),
(111, 521, 'doingthi', 5),
(111, 522, 'defin', 3),
(111, 523, 'trysleepc', 2),
(111, 524, 'dist', 2),
(112, 525, 'link', 10),
(112, 526, 'attack', 7),
(112, 527, 'potionint', 5),
(112, 528, 'timer', 3),
(112, 529, 'bow', 3),
(113, 530, 'set', 127),
(113, 531, 'imag', 51),
(113, 532, 'health', 43),
(113, 533, 'dist', 36),
(113, 534, 'knight', 36),
(114, 535, 'direct', 3),
(114, 536, 'geti', 2),
(114, 537, 'lower', 2),
(114, 538, 'x-knight', 2),
(114, 539, 'damag', 2),
(115, 540, 'distanc', 24),
(115, 541, 'time', 20),
(115, 542, 'item', 19),
(115, 543, 'stamina', 10),
(115, 544, 'stand', 9),
(116, 545, 'shape', 7),
(116, 546, 'affin', 4),
(116, 547, 'arrai', 4),
(116, 548, 'ifdead', 2),
(116, 549, 'di', 2),
(117, 550, 'ifdirect', 7),
(117, 551, 'shoot', 5),
(117, 552, 'forint', 5),
(117, 553, 'boolboolean', 4),
(117, 554, 'cthi', 2),
(118, 555, 'stack', 5),
(118, 556, 'mod', 3),
(118, 557, 'superfram', 2),
(118, 558, 'updat', 2),
(118, 559, 'place', 1),
(119, 560, 'boss', 7),
(119, 561, 'type', 5),
(119, 562, 'group', 4),
(119, 563, 'background', 3),
(119, 564, 'text', 3),
(120, 565, 'font', 12),
(120, 566, 'resourc', 9),
(120, 567, 'readget', 6),
(120, 568, 'arrow', 5),
(120, 569, 'power', 5),
(121, 570, 'bound', 27),
(121, 571, 'main', 25),
(121, 572, 'set', 22),
(121, 573, 'event', 20),
(121, 574, 'object', 20),
(122, 575, 'sourc', 6),
(122, 576, 'if', 5),
(122, 577, 'dai', 4),
(122, 578, 'stack', 4),
(122, 579, 'visibletru', 3),
(123, 580, 'chest', 5),
(123, 581, 'content', 4),
(123, 582, 'size', 4),
(123, 583, 'boolean', 4),
(123, 584, 'ifkei', 3),
(124, 585, 'rand', 6),
(124, 586, 'fontnew', 5),
(124, 587, 'charact', 5),
(124, 588, 'femal', 4),
(124, 589, 'font', 4),
(125, 590, 'set', 99),
(125, 591, 'game', 84),
(125, 592, 'button', 83),
(125, 593, 'panel', 63),
(125, 594, 'action', 46),
(126, 595, 'arrai', 4),
(126, 596, 'color', 2),
(126, 597, 'back', 1),
(126, 598, 'god', 1),
(126, 599, 'gui/titl', 1),
(127, 600, 'size', 8),
(127, 601, 'move', 6),
(127, 602, 'caner', 5),
(127, 603, 'group', 4),
(127, 604, 'exit', 3),
(128, 605, 'game', 98),
(128, 606, 'set', 97),
(128, 607, 'button', 83),
(128, 608, 'panel', 51),
(128, 609, 'charact', 50),
(129, 610, 'paint', 2),
(129, 611, 'pushback', 2),
(129, 612, 'sourc', 1),
(129, 613, 'pic', 1),
(129, 614, 'local', 1),
(130, 615, 'male', 7),
(130, 616, 'enemi', 4),
(130, 617, 'sourc', 3),
(130, 618, 'doga', 3),
(130, 619, 'vel', 3),
(131, 620, 'run', 4),
(131, 621, 'back', 3),
(131, 622, 'dai', 3),
(131, 623, 'group', 2),
(131, 624, 'set', 2),
(132, 625, 'boss', 7),
(132, 626, 'group', 5),
(132, 627, 'addgend', 2),
(132, 628, 'if', 2),
(132, 629, 'holder', 2),
(133, 630, 'set', 3),
(133, 631, 'bullet', 3),
(133, 632, 'addgod', 2),
(133, 633, 'dai', 1),
(133, 634, 'color', 1),
(134, 635, 'color', 3),
(134, 636, 'if', 2),
(134, 637, 'addhigh', 2),
(134, 638, 'thread', 2),
(134, 639, 'back', 1),
(135, 640, 'ambient', 5),
(135, 641, 'width', 3),
(135, 642, 'remov', 3),
(135, 643, 'end', 3),
(135, 644, 'mod', 2),
(136, 645, 'mod', 2),
(136, 646, 'rect', 2),
(136, 647, 'if', 2),
(136, 648, 'milli', 2),
(136, 649, 'addtitl', 1),
(137, 650, 'panel', 14),
(137, 651, 'menu', 12),
(137, 652, 'high', 9),
(137, 653, 'png', 9),
(137, 654, 'main', 9),
(138, 655, 'set', 102),
(138, 656, 'game', 100),
(138, 657, 'button', 85),
(138, 658, 'panel', 57),
(138, 659, 'charact', 51),
(139, 660, 'dynam', 8),
(139, 661, 'arial', 6),
(139, 662, 'list', 5),
(139, 663, 'hardcor', 3),
(139, 664, 'male', 3),
(140, 665, 'hardcor', 1),
(140, 666, 'background', 1),
(140, 667, 'exit', 1),
(140, 668, 'add', 1),
(140, 669, 'game', 1),
(141, 670, 'size', 8),
(141, 671, 'night', 4),
(141, 672, 'boolean', 3),
(141, 673, 'control', 3),
(141, 674, 'addhardcor', 2),
(142, 675, 'geti', 14),
(142, 676, 'stack', 11),
(142, 677, 'readget', 10),
(142, 678, 'kei', 9),
(142, 679, 'fontnew', 9),
(143, 680, 'imagemain', 1),
(143, 681, 'dikbayir', 1),
(143, 682, 'elements/mal', 1),
(143, 683, 'gender', 1),
(143, 684, 'game', 1),
(144, 685, 'holder', 5),
(144, 686, 'normal', 4),
(144, 687, 'color', 4),
(144, 688, 'time', 4),
(144, 689, 'panel', 4),
(145, 690, 'enemi', 7),
(145, 691, 'mode', 4),
(145, 692, 'draw', 3),
(145, 693, 'local', 2),
(145, 694, 'gender', 2),
(146, 695, 'addnight', 1),
(146, 696, 'label', 1),
(146, 697, 'mod', 1),
(146, 698, 'green', 1),
(146, 699, 'request', 1),
(147, 700, 'health', 8),
(147, 701, 'height', 7),
(147, 702, 'titl', 5),
(147, 703, 'addgend', 3),
(147, 704, 'if', 3),
(148, 705, 'group', 1),
(148, 706, 'music', 1),
(148, 707, 'local', 1),
(148, 708, 'iconarrow', 1),
(148, 709, 'yint', 1),
(149, 710, 'zombi', 6),
(149, 711, 'button', 5),
(149, 712, 'arrow', 5),
(149, 713, 'addmus', 4),
(149, 714, 'ezgi', 4),
(150, 715, 'set', 102),
(150, 716, 'game', 100),
(150, 717, 'button', 76),
(150, 718, 'panel', 61),
(150, 719, 'charact', 51),
(151, 720, 'mob', 6),
(151, 721, 'night', 5),
(151, 722, 'width', 5),
(151, 723, 'femal', 4),
(151, 724, 'ifkei', 3),
(152, 725, 'score', 25),
(152, 726, 'power', 24),
(152, 727, 'event', 22),
(152, 728, 'size', 18),
(152, 729, 'set', 16),
(153, 730, 'frame', 4),
(153, 731, 'png', 3),
(153, 732, 'pushback', 3),
(153, 733, 'rectangl', 3),
(153, 734, 'dai', 2),
(154, 735, 'background', 2),
(154, 736, 'credit', 2),
(154, 737, 'appli', 2),
(154, 738, 'tick', 2),
(154, 739, 'label', 1),
(155, 740, 'group', 3),
(155, 741, 'pic', 3),
(155, 742, 'content', 3),
(155, 743, 'rand', 3),
(155, 744, 'geti', 3),
(156, 745, 'system', 7),
(156, 746, 'enemi', 6),
(156, 747, 'hardcor', 3),
(156, 748, 'frame', 3),
(156, 749, 'backgroundnew', 2),
(157, 750, 'visibletru', 7),
(157, 751, 'titl', 6),
(157, 752, 'run', 6),
(157, 753, 'grp', 5),
(157, 754, 'boolean', 5),
(158, 755, 'swing', 6),
(158, 756, 'frame', 5),
(158, 757, 'potionint', 3),
(158, 758, 'affin', 3),
(158, 759, 'end', 2),
(159, 760, 'attack', 6),
(159, 761, 'attack', 4),
(159, 762, 'bound', 3),
(159, 763, 'color', 3),
(159, 764, 'left', 3),
(160, 765, 'transformnew', 2),
(160, 766, 'motion', 2),
(160, 767, 'imagec', 1),
(160, 768, 'boolthi', 1),
(160, 769, 'distancereturn', 1),
(161, 770, 'color', 7),
(161, 771, 'doingthi', 5),
(161, 772, 'heightnul', 5),
(161, 773, 'ifitem', 4),
(161, 774, 'dungeon', 4),
(162, 775, 'initi', 9),
(162, 776, 'knight', 7),
(162, 777, 'arrai', 7),
(162, 778, 'shoot', 3),
(162, 779, 'move', 3),
(163, 780, 'distanc', 11),
(163, 781, 'dungeon', 10),
(163, 782, 'paint', 6),
(163, 783, 'frame', 4),
(163, 784, 'master', 4),
(164, 785, 'ifi', 5),
(164, 786, 'booltru', 3),
(164, 787, 'start', 2),
(164, 788, 'red', 2),
(164, 789, 'directionthi', 2),
(165, 790, 'acquir', 2),
(165, 791, 'iffram', 2),
(165, 792, 'run', 2),
(165, 793, 'green', 2),
(165, 794, 'distancethi', 2),
(166, 795, 'stand', 8),
(166, 796, 'bodi', 3),
(166, 797, 'rang', 2),
(166, 798, 'elsec', 2),
(166, 799, 'forint', 2),
(167, 800, 'set', 124),
(167, 801, 'imag', 52),
(167, 802, 'dist', 42),
(167, 803, 'health', 42),
(167, 804, 'direct', 36),
(168, 805, 'imagethi', 5),
(168, 806, 'bool', 3),
(168, 807, 'loop', 2),
(168, 808, 'live', 2),
(168, 809, 'time', 2),
(168, 810, 'xint', 2),
(168, 811, 'qualiti', 2),
(168, 812, 'bow', 2),
(168, 813, 'motionthi', 2),
(168, 814, 'geti', 1),
(169, 815, 'item', 2),
(169, 816, 'bow', 2),
(169, 817, 'attackboolean', 1),
(169, 818, 'ifknight', 1),
(169, 819, 'attackabletru', 1),
(169, 820, 'y-c', 1),
(169, 821, 'timelong', 1),
(169, 822, 'accessor', 1),
(169, 823, 'healthg', 1),
(169, 824, 'potion', 1),
(170, 825, 'forint', 4),
(170, 826, 'vthi', 4),
(170, 827, 'defin', 4),
(170, 828, 'acquir', 3),
(170, 829, 'dist', 2),
(170, 830, 'motiondoingthi', 2),
(170, 831, 'distanceint', 2),
(170, 832, 'bool', 2),
(170, 833, 'master', 2),
(170, 834, 'set', 2),
(171, 835, 'sleeper', 12),
(171, 836, 'shot', 11),
(171, 837, 'ifdirect', 8),
(171, 838, 'trysleepc', 4),
(171, 839, 'boolthi', 4),
(171, 840, 'draw', 4),
(171, 841, 'frame', 3),
(171, 842, 'start', 3),
(171, 843, 'boolboolean', 3),
(171, 844, 'dungeon', 3),
(172, 845, 'pick', 2),
(172, 846, 'boolfram', 2),
(172, 847, 'milli', 2),
(172, 848, 'green', 2),
(172, 849, 'fill', 2),
(172, 850, 'upitem', 1),
(172, 851, 'if!thi', 1),
(172, 852, 'logic', 1),
(172, 853, 'booltrysleepc', 1),
(172, 854, 'upper', 1),
(173, 855, 'transform', 10),
(173, 856, 'swing', 9),
(173, 857, 'knight', 9),
(173, 858, 'bow', 8),
(173, 859, 'link', 5),
(173, 860, 'potionint', 5),
(173, 861, 'charact', 5),
(173, 862, 'distanc', 5),
(173, 863, 'timer', 4),
(173, 864, 'widthnul', 4),
(174, 865, 'player', 11),
(174, 866, 'boolreturn', 4),
(174, 867, 'stamina', 4),
(174, 868, 'imagethi', 4),
(174, 869, 'sleepercatch', 3),
(174, 870, 'link', 3),
(174, 871, 'shape', 3),
(174, 872, 'check', 3),
(174, 873, 'dead', 2),
(174, 874, 'uniqu', 2),
(175, 875, 'removei', 2),
(175, 876, 'sleepercatch', 2),
(175, 877, 'sleeperthi', 2),
(175, 878, 'movement', 2),
(175, 879, 'motionthi', 2),
(175, 880, 'removeknight', 1),
(175, 881, 'sizei', 1),
(175, 882, 'ifitem', 1),
(175, 883, 'stack', 1),
(175, 884, 'print', 1),
(176, 885, 'ifc', 3),
(176, 886, 'dist', 2),
(176, 887, 'swing', 2),
(176, 888, 'damagethi', 2),
(176, 889, 'distanc', 2),
(176, 890, 'ifi', 1),
(176, 891, 'frame', 1),
(176, 892, 'current', 1),
(176, 893, 'directiondirect', 1),
(176, 894, 'healthint', 1),
(177, 895, 'set', 124),
(177, 896, 'imag', 54),
(177, 897, 'health', 44),
(177, 898, 'dist', 38),
(177, 899, 'direct', 37),
(177, 900, 'motion', 34),
(177, 901, 'stamina', 30),
(177, 902, 'boolean', 28),
(177, 903, 'damag', 28),
(177, 904, 'item', 28),
(178, 905, 'system', 3),
(178, 906, 'charact', 3),
(178, 907, 'panelthi', 2),
(178, 908, 'text', 2),
(178, 909, 'ezgi', 2),
(178, 910, 'num', 2),
(178, 911, 'doga', 2),
(178, 912, 'power', 2),
(178, 913, 'run', 2),
(178, 914, 'exit', 2),
(179, 915, 'score', 2),
(179, 916, 'label', 1),
(179, 917, 'hardcor', 1),
(179, 918, 'fill', 1),
(179, 919, 'gui/background-night', 1),
(179, 920, 'width', 1),
(179, 921, 'fp', 1),
(179, 922, 'time', 1),
(179, 923, 'exit', 1),
(179, 924, 'empti', 1),
(180, 925, 'score', 15),
(180, 926, 'menu', 13),
(180, 927, 'dynam', 9),
(180, 928, 'object', 7),
(180, 929, 'zombi', 6),
(180, 930, 'night', 5),
(180, 931, 'content', 5),
(180, 932, 'boss', 5),
(180, 933, 'chest', 5),
(180, 934, 'list', 5),
(181, 935, 'time', 4),
(181, 936, 'labelnew', 3),
(181, 937, 'buffer', 2),
(181, 938, 'object', 2),
(181, 939, 'suppress', 1),
(181, 940, 'background', 1),
(181, 941, 'press', 1),
(181, 942, 'listenernew', 1),
(181, 943, 'bound', 1),
(181, 944, 'player', 1),
(182, 945, 'game', 99),
(182, 946, 'set', 97),
(182, 947, 'button', 85),
(182, 948, 'panel', 64),
(182, 949, 'main', 54),
(182, 950, 'action', 49),
(182, 951, 'charact', 48),
(182, 952, 'frame', 39),
(182, 953, 'bound', 27),
(182, 954, 'imag', 27),
(183, 955, 'god', 4),
(183, 956, 'addmus', 3),
(183, 957, 'mertuygur', 3),
(183, 958, 'adddai', 2),
(183, 959, 'mode', 2),
(183, 960, 'quit', 2),
(183, 961, 'addset', 2),
(183, 962, 'font', 2),
(183, 963, 'pushback', 2),
(183, 964, 'appli', 2),
(184, 965, 'updat', 2),
(184, 966, 'addnorm', 1),
(184, 967, 'group', 1),
(184, 968, 'graphic', 1),
(184, 969, 'paint', 1),
(184, 970, 'background', 1),
(184, 971, 'adapt', 1),
(184, 972, 'focu', 1),
(184, 973, 'mob', 1),
(184, 974, 'task', 1),
(185, 975, 'print', 9),
(185, 976, 'rand', 8),
(185, 977, 'set', 6),
(185, 978, 'dai', 4),
(185, 979, 'width', 4),
(185, 980, 'maintain', 4),
(185, 981, 'collis', 4),
(185, 982, 'damag', 3),
(185, 983, 'readget', 3),
(185, 984, 'remov', 3),
(186, 985, 'addhardcor', 2),
(186, 986, 'warn', 2),
(186, 987, 'mert', 2),
(186, 988, 'healthint', 2),
(186, 989, 'amount', 2),
(186, 990, 'nano', 2),
(186, 991, 'stop', 2),
(186, 992, 'run', 2),
(186, 993, 'normal', 1),
(186, 994, 'mode', 1),
(187, 995, 'vel', 22),
(187, 996, 'label', 21),
(187, 997, 'fontnew', 16),
(187, 998, 'creat', 16),
(187, 999, 'geti', 15),
(187, 1000, 'ambient', 14),
(187, 1001, 'current', 9),
(187, 1002, 'holder', 8),
(187, 1003, 'draw', 8),
(187, 1004, 'credit', 8);

-- --------------------------------------------------------

--
-- Table structure for table `domaintopics`
--

CREATE TABLE IF NOT EXISTS `domaintopics` (
  `topicID` int(100) NOT NULL,
  `projectID` int(200) NOT NULL,
  `filePath` varchar(100) NOT NULL,
  `topics` text NOT NULL,
  `topicWeightage` int(100) NOT NULL
) ENGINE=InnoDB AUTO_INCREMENT=188 DEFAULT CHARSET=latin1;

--
-- Dumping data for table `domaintopics`
--

INSERT INTO `domaintopics` (`topicID`, `projectID`, `filePath`, `topics`, `topicWeightage`) VALUES
(1, 1, 'C:\\Users\\Zohaa Qamar\\Desktop\\For DP and Mallet\\StatePattern', 'state', 27),
(2, 2, 'C:\\Users\\Zohaa Qamar\\Desktop\\For DP and Mallet\\SingletonPattern', 'multithread', 3),
(3, 2, 'C:\\Users\\Zohaa Qamar\\Desktop\\For DP and Mallet\\SingletonPattern', 'instanc', 5),
(4, 2, 'C:\\Users\\Zohaa Qamar\\Desktop\\For DP and Mallet\\SingletonPattern', 'check', 6),
(5, 2, 'C:\\Users\\Zohaa Qamar\\Desktop\\For DP and Mallet\\SingletonPattern', 'lazi', 16),
(6, 2, 'C:\\Users\\Zohaa Qamar\\Desktop\\For DP and Mallet\\SingletonPattern', 'support', 2),
(7, 2, 'C:\\Users\\Zohaa Qamar\\Desktop\\For DP and Mallet\\SingletonPattern', 'thread', 2),
(8, 2, 'C:\\Users\\Zohaa Qamar\\Desktop\\For DP and Mallet\\SingletonPattern', 'multithread', 2),
(9, 2, 'C:\\Users\\Zohaa Qamar\\Desktop\\For DP and Mallet\\SingletonPattern', 'eager', 5),
(10, 2, 'C:\\Users\\Zohaa Qamar\\Desktop\\For DP and Mallet\\SingletonPattern', 'ifsc', 5),
(11, 2, 'C:\\Users\\Zohaa Qamar\\Desktop\\For DP and Mallet\\SingletonPattern', 'singleton', 32),
(12, 3, 'C:\\Users\\Zohaa Qamar\\Desktop\\For DP and Mallet\\MultilingualWordEditor', 'check', 8),
(13, 3, 'C:\\Users\\Zohaa Qamar\\Desktop\\For DP and Mallet\\MultilingualWordEditor', 'languag', 28),
(14, 3, 'C:\\Users\\Zohaa Qamar\\Desktop\\For DP and Mallet\\MultilingualWordEditor', 'thesauru', 83),
(15, 3, 'C:\\Users\\Zohaa Qamar\\Desktop\\For DP and Mallet\\MultilingualWordEditor', 'singleton', 150),
(16, 3, 'C:\\Users\\Zohaa Qamar\\Desktop\\For DP and Mallet\\MultilingualWordEditor', 'configur', 12),
(17, 3, 'C:\\Users\\Zohaa Qamar\\Desktop\\For DP and Mallet\\MultilingualWordEditor', 'interrupt', 14),
(18, 3, 'C:\\Users\\Zohaa Qamar\\Desktop\\For DP and Mallet\\MultilingualWordEditor', 'edit', 119),
(19, 3, 'C:\\Users\\Zohaa Qamar\\Desktop\\For DP and Mallet\\MultilingualWordEditor', 'detect', 3),
(20, 3, 'C:\\Users\\Zohaa Qamar\\Desktop\\For DP and Mallet\\MultilingualWordEditor', 'checker', 39),
(21, 4, 'C:\\Users\\Zohaa Qamar\\Desktop\\For DP and Mallet\\FactoryPattern2', 'logger', 28),
(22, 5, 'C:\\Users\\Zohaa Qamar\\Desktop\\For DP and Mallet\\MissionCuriosity', 'ifrequest', 4),
(23, 5, 'C:\\Users\\Zohaa Qamar\\Desktop\\For DP and Mallet\\MissionCuriosity', 'land', 5),
(24, 5, 'C:\\Users\\Zohaa Qamar\\Desktop\\For DP and Mallet\\MissionCuriosity', 'simul', 8),
(25, 5, 'C:\\Users\\Zohaa Qamar\\Desktop\\For DP and Mallet\\MissionCuriosity', 'radiat', 8),
(26, 5, 'C:\\Users\\Zohaa Qamar\\Desktop\\For DP and Mallet\\MissionCuriosity', 'radiat', 3),
(27, 5, 'C:\\Users\\Zohaa Qamar\\Desktop\\For DP and Mallet\\MissionCuriosity', 'specimen', 3),
(28, 5, 'C:\\Users\\Zohaa Qamar\\Desktop\\For DP and Mallet\\MissionCuriosity', 'oper', 14),
(29, 5, 'C:\\Users\\Zohaa Qamar\\Desktop\\For DP and Mallet\\MissionCuriosity', 'rover', 93),
(30, 5, 'C:\\Users\\Zohaa Qamar\\Desktop\\For DP and Mallet\\MissionCuriosity', 'statist', 4),
(31, 5, 'C:\\Users\\Zohaa Qamar\\Desktop\\For DP and Mallet\\MissionCuriosity', 'mainarg', 3),
(32, 6, 'C:\\Users\\Zohaa Qamar\\Desktop\\For DP and Mallet\\DecoratorPattern', 'room', 37),
(33, 8, 'C:\\Users\\Zohaa Qamar\\Desktop\\For DP and Mallet\\CommandPattern', 'command', 15),
(34, 9, 'C:\\Users\\Zohaa Qamar\\Desktop\\For DP and Mallet\\CompositePattern', 'salari', 22),
(35, 9, 'C:\\Users\\Zohaa Qamar\\Desktop\\For DP and Mallet\\CompositePattern', 'total', 4),
(36, 9, 'C:\\Users\\Zohaa Qamar\\Desktop\\For DP and Mallet\\CompositePattern', 'print', 5),
(37, 12, 'C:\\Users\\Zohaa Qamar\\Desktop\\For DP and Mallet\\DPD', 'method', 735),
(38, 12, 'C:\\Users\\Zohaa Qamar\\Desktop\\For DP and Mallet\\DPD', 'list', 633),
(39, 12, 'C:\\Users\\Zohaa Qamar\\Desktop\\For DP and Mallet\\DPD', 'list', 719),
(40, 12, 'C:\\Users\\Zohaa Qamar\\Desktop\\For DP and Mallet\\DPD', 'method', 650),
(41, 12, 'C:\\Users\\Zohaa Qamar\\Desktop\\For DP and Mallet\\DPD', 'object', 679),
(42, 12, 'C:\\Users\\Zohaa Qamar\\Desktop\\For DP and Mallet\\DPD', 'list', 659),
(43, 12, 'C:\\Users\\Zohaa Qamar\\Desktop\\For DP and Mallet\\DPD', 'object', 724),
(44, 12, 'C:\\Users\\Zohaa Qamar\\Desktop\\For DP and Mallet\\DPD', 'method', 690),
(45, 12, 'C:\\Users\\Zohaa Qamar\\Desktop\\For DP and Mallet\\DPD', 'method', 696),
(46, 12, 'C:\\Users\\Zohaa Qamar\\Desktop\\For DP and Mallet\\DPD', 'method', 683),
(47, 13, 'C:\\Users\\Zohaa Qamar\\Desktop\\For DP and Mallet\\StatePattern', 'row', 11),
(48, 13, 'C:\\Users\\Zohaa Qamar\\Desktop\\For DP and Mallet\\StatePattern', 'actual', 6),
(49, 13, 'C:\\Users\\Zohaa Qamar\\Desktop\\For DP and Mallet\\StatePattern', 'append', 5),
(50, 13, 'C:\\Users\\Zohaa Qamar\\Desktop\\For DP and Mallet\\StatePattern', 'algorithm', 6),
(51, 13, 'C:\\Users\\Zohaa Qamar\\Desktop\\For DP and Mallet\\StatePattern', 'minimum', 8),
(52, 13, 'C:\\Users\\Zohaa Qamar\\Desktop\\For DP and Mallet\\StatePattern', 'chooser', 5),
(53, 13, 'C:\\Users\\Zohaa Qamar\\Desktop\\For DP and Mallet\\StatePattern', 'label', 13),
(54, 13, 'C:\\Users\\Zohaa Qamar\\Desktop\\For DP and Mallet\\StatePattern', 'object', 789),
(55, 13, 'C:\\Users\\Zohaa Qamar\\Desktop\\For DP and Mallet\\StatePattern', 'method', 757),
(56, 13, 'C:\\Users\\Zohaa Qamar\\Desktop\\For DP and Mallet\\StatePattern', 'filter', 6),
(57, 14, 'C:\\Users\\Zohaa Qamar\\Desktop\\For DP and Mallet\\DecoratorPattern', 'room', 37),
(58, 15, 'C:\\Users\\Zohaa Qamar\\Desktop\\For DP and Mallet\\CommandPattern', 'command', 15),
(59, 16, 'C:\\Users\\Zohaa Qamar\\Desktop\\For DP and Mallet\\dungeonmaster', 'dist', 3),
(60, 16, 'C:\\Users\\Zohaa Qamar\\Desktop\\For DP and Mallet\\dungeonmaster', 'removeknight', 1),
(61, 16, 'C:\\Users\\Zohaa Qamar\\Desktop\\For DP and Mallet\\dungeonmaster', 'set', 124),
(62, 16, 'C:\\Users\\Zohaa Qamar\\Desktop\\For DP and Mallet\\dungeonmaster', 'doingthi', 6),
(63, 16, 'C:\\Users\\Zohaa Qamar\\Desktop\\For DP and Mallet\\dungeonmaster', 'left', 8),
(64, 16, 'C:\\Users\\Zohaa Qamar\\Desktop\\For DP and Mallet\\dungeonmaster', 'stand', 11),
(65, 16, 'C:\\Users\\Zohaa Qamar\\Desktop\\For DP and Mallet\\dungeonmaster', 'affin', 10),
(66, 16, 'C:\\Users\\Zohaa Qamar\\Desktop\\For DP and Mallet\\dungeonmaster', 'interrupt', 3),
(67, 16, 'C:\\Users\\Zohaa Qamar\\Desktop\\For DP and Mallet\\dungeonmaster', 'ifdirect', 9),
(68, 17, 'C:\\Users\\Zohaa Qamar\\Desktop\\For DP and Mallet\\dungeonmaster', 'heightnul', 2),
(69, 17, 'C:\\Users\\Zohaa Qamar\\Desktop\\For DP and Mallet\\dungeonmaster', 'damag', 3),
(70, 17, 'C:\\Users\\Zohaa Qamar\\Desktop\\For DP and Mallet\\dungeonmaster', 'interrupt', 5),
(71, 17, 'C:\\Users\\Zohaa Qamar\\Desktop\\For DP and Mallet\\dungeonmaster', 'distancethi', 2),
(72, 17, 'C:\\Users\\Zohaa Qamar\\Desktop\\For DP and Mallet\\dungeonmaster', 'paint', 7),
(73, 17, 'C:\\Users\\Zohaa Qamar\\Desktop\\For DP and Mallet\\dungeonmaster', 'affin', 11),
(74, 17, 'C:\\Users\\Zohaa Qamar\\Desktop\\For DP and Mallet\\dungeonmaster', 'arrow', 4),
(75, 17, 'C:\\Users\\Zohaa Qamar\\Desktop\\For DP and Mallet\\dungeonmaster', 'damag', 5),
(76, 17, 'C:\\Users\\Zohaa Qamar\\Desktop\\For DP and Mallet\\dungeonmaster', 'attackabletru', 1),
(77, 17, 'C:\\Users\\Zohaa Qamar\\Desktop\\For DP and Mallet\\dungeonmaster', 'set', 126),
(78, 19, 'C:\\Users\\Zohaa Qamar\\Desktop\\For DP and Mallet\\dungeonmaster', 'bound', 14),
(79, 19, 'C:\\Users\\Zohaa Qamar\\Desktop\\For DP and Mallet\\dungeonmaster', 'shoot', 5),
(80, 19, 'C:\\Users\\Zohaa Qamar\\Desktop\\For DP and Mallet\\dungeonmaster', 'ifc', 7),
(81, 19, 'C:\\Users\\Zohaa Qamar\\Desktop\\For DP and Mallet\\dungeonmaster', 'time', 4),
(82, 19, 'C:\\Users\\Zohaa Qamar\\Desktop\\For DP and Mallet\\dungeonmaster', 'time', 9),
(83, 19, 'C:\\Users\\Zohaa Qamar\\Desktop\\For DP and Mallet\\dungeonmaster', 'containsitem', 1),
(84, 19, 'C:\\Users\\Zohaa Qamar\\Desktop\\For DP and Mallet\\dungeonmaster', 'transform', 2),
(85, 19, 'C:\\Users\\Zohaa Qamar\\Desktop\\For DP and Mallet\\dungeonmaster', 'frame', 13),
(86, 19, 'C:\\Users\\Zohaa Qamar\\Desktop\\For DP and Mallet\\dungeonmaster', 'swing', 3),
(87, 19, 'C:\\Users\\Zohaa Qamar\\Desktop\\For DP and Mallet\\dungeonmaster', 'set', 125),
(88, 20, 'C:\\Users\\Zohaa Qamar\\Desktop\\For DP and Mallet\\dungeonmaster', 'ifdirect', 2),
(89, 20, 'C:\\Users\\Zohaa Qamar\\Desktop\\For DP and Mallet\\dungeonmaster', 'stack', 2),
(90, 20, 'C:\\Users\\Zohaa Qamar\\Desktop\\For DP and Mallet\\dungeonmaster', 'charact', 9),
(91, 20, 'C:\\Users\\Zohaa Qamar\\Desktop\\For DP and Mallet\\dungeonmaster', 'whilec', 3),
(92, 20, 'C:\\Users\\Zohaa Qamar\\Desktop\\For DP and Mallet\\dungeonmaster', 'containsitem', 1),
(93, 20, 'C:\\Users\\Zohaa Qamar\\Desktop\\For DP and Mallet\\dungeonmaster', 'set', 127),
(94, 20, 'C:\\Users\\Zohaa Qamar\\Desktop\\For DP and Mallet\\dungeonmaster', 'link', 4),
(95, 20, 'C:\\Users\\Zohaa Qamar\\Desktop\\For DP and Mallet\\dungeonmaster', 'y-c', 2),
(96, 20, 'C:\\Users\\Zohaa Qamar\\Desktop\\For DP and Mallet\\dungeonmaster', 'vthi', 5),
(97, 20, 'C:\\Users\\Zohaa Qamar\\Desktop\\For DP and Mallet\\dungeonmaster', 'ifc', 2),
(98, 21, 'C:\\Users\\Zohaa Qamar\\Desktop\\For DP and Mallet\\dungeonmaster', 'swing', 9),
(99, 21, 'C:\\Users\\Zohaa Qamar\\Desktop\\For DP and Mallet\\dungeonmaster', 'ifi', 5),
(100, 21, 'C:\\Users\\Zohaa Qamar\\Desktop\\For DP and Mallet\\dungeonmaster', 'system', 5),
(101, 21, 'C:\\Users\\Zohaa Qamar\\Desktop\\For DP and Mallet\\dungeonmaster', 'transformnew', 5),
(102, 21, 'C:\\Users\\Zohaa Qamar\\Desktop\\For DP and Mallet\\dungeonmaster', 'trysleepc', 3),
(103, 21, 'C:\\Users\\Zohaa Qamar\\Desktop\\For DP and Mallet\\dungeonmaster', 'ifthi', 3),
(104, 21, 'C:\\Users\\Zohaa Qamar\\Desktop\\For DP and Mallet\\dungeonmaster', 'imagec', 2),
(105, 21, 'C:\\Users\\Zohaa Qamar\\Desktop\\For DP and Mallet\\dungeonmaster', 'set', 123),
(106, 21, 'C:\\Users\\Zohaa Qamar\\Desktop\\For DP and Mallet\\dungeonmaster', 'dist', 35),
(107, 21, 'C:\\Users\\Zohaa Qamar\\Desktop\\For DP and Mallet\\dungeonmaster', 'health', 6),
(108, 22, 'C:\\Users\\Zohaa Qamar\\Desktop\\For DP and Mallet\\dungeonmaster', 'trace', 2),
(109, 22, 'C:\\Users\\Zohaa Qamar\\Desktop\\For DP and Mallet\\dungeonmaster', 'ifi', 3),
(110, 22, 'C:\\Users\\Zohaa Qamar\\Desktop\\For DP and Mallet\\dungeonmaster', 'initi', 12),
(111, 22, 'C:\\Users\\Zohaa Qamar\\Desktop\\For DP and Mallet\\dungeonmaster', 'heightnul', 6),
(112, 22, 'C:\\Users\\Zohaa Qamar\\Desktop\\For DP and Mallet\\dungeonmaster', 'link', 10),
(113, 22, 'C:\\Users\\Zohaa Qamar\\Desktop\\For DP and Mallet\\dungeonmaster', 'set', 127),
(114, 22, 'C:\\Users\\Zohaa Qamar\\Desktop\\For DP and Mallet\\dungeonmaster', 'direct', 3),
(115, 22, 'C:\\Users\\Zohaa Qamar\\Desktop\\For DP and Mallet\\dungeonmaster', 'distanc', 24),
(116, 22, 'C:\\Users\\Zohaa Qamar\\Desktop\\For DP and Mallet\\dungeonmaster', 'shape', 7),
(117, 22, 'C:\\Users\\Zohaa Qamar\\Desktop\\For DP and Mallet\\dungeonmaster', 'ifdirect', 7),
(118, 23, 'C:\\Users\\Zohaa Qamar\\Desktop\\For DP and Mallet\\hallway-rush\\trunk', 'stack', 5),
(119, 23, 'C:\\Users\\Zohaa Qamar\\Desktop\\For DP and Mallet\\hallway-rush\\trunk', 'boss', 7),
(120, 23, 'C:\\Users\\Zohaa Qamar\\Desktop\\For DP and Mallet\\hallway-rush\\trunk', 'font', 12),
(121, 23, 'C:\\Users\\Zohaa Qamar\\Desktop\\For DP and Mallet\\hallway-rush\\trunk', 'bound', 27),
(122, 23, 'C:\\Users\\Zohaa Qamar\\Desktop\\For DP and Mallet\\hallway-rush\\trunk', 'sourc', 6),
(123, 23, 'C:\\Users\\Zohaa Qamar\\Desktop\\For DP and Mallet\\hallway-rush\\trunk', 'chest', 5),
(124, 23, 'C:\\Users\\Zohaa Qamar\\Desktop\\For DP and Mallet\\hallway-rush\\trunk', 'rand', 6),
(125, 23, 'C:\\Users\\Zohaa Qamar\\Desktop\\For DP and Mallet\\hallway-rush\\trunk', 'set', 99),
(126, 23, 'C:\\Users\\Zohaa Qamar\\Desktop\\For DP and Mallet\\hallway-rush\\trunk', 'arrai', 4),
(127, 23, 'C:\\Users\\Zohaa Qamar\\Desktop\\For DP and Mallet\\hallway-rush\\trunk', 'size', 8),
(128, 24, 'C:\\Users\\Zohaa Qamar\\Desktop\\For DP and Mallet\\hallway-rush\\trunk', 'game', 98),
(129, 24, 'C:\\Users\\Zohaa Qamar\\Desktop\\For DP and Mallet\\hallway-rush\\trunk', 'paint', 2),
(130, 24, 'C:\\Users\\Zohaa Qamar\\Desktop\\For DP and Mallet\\hallway-rush\\trunk', 'male', 7),
(131, 24, 'C:\\Users\\Zohaa Qamar\\Desktop\\For DP and Mallet\\hallway-rush\\trunk', 'run', 4),
(132, 24, 'C:\\Users\\Zohaa Qamar\\Desktop\\For DP and Mallet\\hallway-rush\\trunk', 'boss', 7),
(133, 24, 'C:\\Users\\Zohaa Qamar\\Desktop\\For DP and Mallet\\hallway-rush\\trunk', 'set', 3),
(134, 24, 'C:\\Users\\Zohaa Qamar\\Desktop\\For DP and Mallet\\hallway-rush\\trunk', 'color', 3),
(135, 24, 'C:\\Users\\Zohaa Qamar\\Desktop\\For DP and Mallet\\hallway-rush\\trunk', 'ambient', 5),
(136, 24, 'C:\\Users\\Zohaa Qamar\\Desktop\\For DP and Mallet\\hallway-rush\\trunk', 'mod', 2),
(137, 24, 'C:\\Users\\Zohaa Qamar\\Desktop\\For DP and Mallet\\hallway-rush\\trunk', 'panel', 14),
(138, 25, 'C:\\Users\\Zohaa Qamar\\Desktop\\For DP and Mallet\\hallway-rush\\trunk', 'set', 102),
(139, 25, 'C:\\Users\\Zohaa Qamar\\Desktop\\For DP and Mallet\\hallway-rush\\trunk', 'dynam', 8),
(140, 25, 'C:\\Users\\Zohaa Qamar\\Desktop\\For DP and Mallet\\hallway-rush\\trunk', 'hardcor', 1),
(141, 25, 'C:\\Users\\Zohaa Qamar\\Desktop\\For DP and Mallet\\hallway-rush\\trunk', 'size', 8),
(142, 25, 'C:\\Users\\Zohaa Qamar\\Desktop\\For DP and Mallet\\hallway-rush\\trunk', 'geti', 14),
(143, 25, 'C:\\Users\\Zohaa Qamar\\Desktop\\For DP and Mallet\\hallway-rush\\trunk', 'imagemain', 1),
(144, 25, 'C:\\Users\\Zohaa Qamar\\Desktop\\For DP and Mallet\\hallway-rush\\trunk', 'holder', 5),
(145, 25, 'C:\\Users\\Zohaa Qamar\\Desktop\\For DP and Mallet\\hallway-rush\\trunk', 'enemi', 7),
(146, 25, 'C:\\Users\\Zohaa Qamar\\Desktop\\For DP and Mallet\\hallway-rush\\trunk', 'addnight', 1),
(147, 25, 'C:\\Users\\Zohaa Qamar\\Desktop\\For DP and Mallet\\hallway-rush\\trunk', 'health', 8),
(148, 26, 'C:\\Users\\Zohaa Qamar\\Desktop\\For DP and Mallet\\hallway-rush\\trunk', 'group', 1),
(149, 26, 'C:\\Users\\Zohaa Qamar\\Desktop\\For DP and Mallet\\hallway-rush\\trunk', 'zombi', 6),
(150, 26, 'C:\\Users\\Zohaa Qamar\\Desktop\\For DP and Mallet\\hallway-rush\\trunk', 'set', 102),
(151, 26, 'C:\\Users\\Zohaa Qamar\\Desktop\\For DP and Mallet\\hallway-rush\\trunk', 'mob', 6),
(152, 26, 'C:\\Users\\Zohaa Qamar\\Desktop\\For DP and Mallet\\hallway-rush\\trunk', 'score', 25),
(153, 26, 'C:\\Users\\Zohaa Qamar\\Desktop\\For DP and Mallet\\hallway-rush\\trunk', 'frame', 4),
(154, 26, 'C:\\Users\\Zohaa Qamar\\Desktop\\For DP and Mallet\\hallway-rush\\trunk', 'background', 2),
(155, 26, 'C:\\Users\\Zohaa Qamar\\Desktop\\For DP and Mallet\\hallway-rush\\trunk', 'group', 3),
(156, 26, 'C:\\Users\\Zohaa Qamar\\Desktop\\For DP and Mallet\\hallway-rush\\trunk', 'system', 7),
(157, 26, 'C:\\Users\\Zohaa Qamar\\Desktop\\For DP and Mallet\\hallway-rush\\trunk', 'visibletru', 7),
(158, 27, 'C:\\Users\\Zohaa Qamar\\Desktop\\For DP and Mallet\\dungeonmaster', 'swing', 6),
(159, 27, 'C:\\Users\\Zohaa Qamar\\Desktop\\For DP and Mallet\\dungeonmaster', 'attack', 6),
(160, 27, 'C:\\Users\\Zohaa Qamar\\Desktop\\For DP and Mallet\\dungeonmaster', 'transformnew', 2),
(161, 27, 'C:\\Users\\Zohaa Qamar\\Desktop\\For DP and Mallet\\dungeonmaster', 'color', 7),
(162, 27, 'C:\\Users\\Zohaa Qamar\\Desktop\\For DP and Mallet\\dungeonmaster', 'initi', 9),
(163, 27, 'C:\\Users\\Zohaa Qamar\\Desktop\\For DP and Mallet\\dungeonmaster', 'distanc', 11),
(164, 27, 'C:\\Users\\Zohaa Qamar\\Desktop\\For DP and Mallet\\dungeonmaster', 'ifi', 5),
(165, 27, 'C:\\Users\\Zohaa Qamar\\Desktop\\For DP and Mallet\\dungeonmaster', 'acquir', 2),
(166, 27, 'C:\\Users\\Zohaa Qamar\\Desktop\\For DP and Mallet\\dungeonmaster', 'stand', 8),
(167, 27, 'C:\\Users\\Zohaa Qamar\\Desktop\\For DP and Mallet\\dungeonmaster', 'set', 124),
(168, 28, 'C:\\Users\\Zohaa Qamar\\Desktop\\For DP and Mallet\\dungeonmaster', 'imagethi', 5),
(169, 28, 'C:\\Users\\Zohaa Qamar\\Desktop\\For DP and Mallet\\dungeonmaster', 'item', 2),
(170, 28, 'C:\\Users\\Zohaa Qamar\\Desktop\\For DP and Mallet\\dungeonmaster', 'forint', 4),
(171, 28, 'C:\\Users\\Zohaa Qamar\\Desktop\\For DP and Mallet\\dungeonmaster', 'sleeper', 12),
(172, 28, 'C:\\Users\\Zohaa Qamar\\Desktop\\For DP and Mallet\\dungeonmaster', 'pick', 2),
(173, 28, 'C:\\Users\\Zohaa Qamar\\Desktop\\For DP and Mallet\\dungeonmaster', 'transform', 10),
(174, 28, 'C:\\Users\\Zohaa Qamar\\Desktop\\For DP and Mallet\\dungeonmaster', 'player', 11),
(175, 28, 'C:\\Users\\Zohaa Qamar\\Desktop\\For DP and Mallet\\dungeonmaster', 'removei', 2),
(176, 28, 'C:\\Users\\Zohaa Qamar\\Desktop\\For DP and Mallet\\dungeonmaster', 'ifc', 3),
(177, 28, 'C:\\Users\\Zohaa Qamar\\Desktop\\For DP and Mallet\\dungeonmaster', 'set', 124),
(178, 29, 'C:\\Users\\Zohaa Qamar\\Desktop\\For DP and Mallet\\hallway-rush\\trunk', 'system', 3),
(179, 29, 'C:\\Users\\Zohaa Qamar\\Desktop\\For DP and Mallet\\hallway-rush\\trunk', 'score', 2),
(180, 29, 'C:\\Users\\Zohaa Qamar\\Desktop\\For DP and Mallet\\hallway-rush\\trunk', 'score', 15),
(181, 29, 'C:\\Users\\Zohaa Qamar\\Desktop\\For DP and Mallet\\hallway-rush\\trunk', 'time', 4),
(182, 29, 'C:\\Users\\Zohaa Qamar\\Desktop\\For DP and Mallet\\hallway-rush\\trunk', 'game', 99),
(183, 29, 'C:\\Users\\Zohaa Qamar\\Desktop\\For DP and Mallet\\hallway-rush\\trunk', 'god', 4),
(184, 29, 'C:\\Users\\Zohaa Qamar\\Desktop\\For DP and Mallet\\hallway-rush\\trunk', 'updat', 2),
(185, 29, 'C:\\Users\\Zohaa Qamar\\Desktop\\For DP and Mallet\\hallway-rush\\trunk', 'print', 9),
(186, 29, 'C:\\Users\\Zohaa Qamar\\Desktop\\For DP and Mallet\\hallway-rush\\trunk', 'addhardcor', 2),
(187, 29, 'C:\\Users\\Zohaa Qamar\\Desktop\\For DP and Mallet\\hallway-rush\\trunk', 'vel', 22);

-- --------------------------------------------------------

--
-- Table structure for table `file_directory`
--

CREATE TABLE IF NOT EXISTS `file_directory` (
  `ID` int(100) NOT NULL,
  `Directory` text NOT NULL
) ENGINE=InnoDB AUTO_INCREMENT=31 DEFAULT CHARSET=latin1;

--
-- Dumping data for table `file_directory`
--

INSERT INTO `file_directory` (`ID`, `Directory`) VALUES
(1, 'C:\\Users\\Zohaa Qamar\\Desktop\\For DP and Mallet\\StatePattern'),
(2, 'C:\\Users\\Zohaa Qamar\\Desktop\\For DP and Mallet\\SingletonPattern'),
(3, 'C:\\Users\\Zohaa Qamar\\Desktop\\For DP and Mallet\\MultilingualWordEditor'),
(4, 'C:\\Users\\Zohaa Qamar\\Desktop\\For DP and Mallet\\FactoryPattern2'),
(5, 'C:\\Users\\Zohaa Qamar\\Desktop\\For DP and Mallet\\MissionCuriosity'),
(6, 'C:\\Users\\Zohaa Qamar\\Desktop\\For DP and Mallet\\DecoratorPattern'),
(7, 'C:\\Users\\Zohaa Qamar\\Desktop\\For DP and Mallet\\ChessGameFinalSubmission\\ChessGame\\ChessGame'),
(8, 'C:\\Users\\Zohaa Qamar\\Desktop\\For DP and Mallet\\CommandPattern'),
(9, 'C:\\Users\\Zohaa Qamar\\Desktop\\For DP and Mallet\\CompositePattern'),
(10, 'C:\\Users\\Zohaa Qamar\\Desktop\\For DP and Mallet\\ProjectPhase4\\ChessGame0.6'),
(11, 'C:\\Users\\Zohaa Qamar\\Desktop\\For DP and Mallet\\ChessGame\\ChessGame'),
(12, 'C:\\Users\\Zohaa Qamar\\Desktop\\For DP and Mallet\\DPD'),
(13, 'C:\\Users\\Zohaa Qamar\\Desktop\\For DP and Mallet\\StatePattern'),
(14, 'C:\\Users\\Zohaa Qamar\\Desktop\\For DP and Mallet\\DecoratorPattern'),
(15, 'C:\\Users\\Zohaa Qamar\\Desktop\\For DP and Mallet\\CommandPattern'),
(16, 'C:\\Users\\Zohaa Qamar\\Desktop\\For DP and Mallet\\dungeonmaster'),
(17, 'C:\\Users\\Zohaa Qamar\\Desktop\\For DP and Mallet\\dungeonmaster'),
(18, 'C:\\Users\\Zohaa Qamar\\Desktop\\For DP and Mallet'),
(19, 'C:\\Users\\Zohaa Qamar\\Desktop\\For DP and Mallet\\dungeonmaster'),
(20, 'C:\\Users\\Zohaa Qamar\\Desktop\\For DP and Mallet\\dungeonmaster'),
(21, 'C:\\Users\\Zohaa Qamar\\Desktop\\For DP and Mallet\\dungeonmaster'),
(22, 'C:\\Users\\Zohaa Qamar\\Desktop\\For DP and Mallet\\dungeonmaster'),
(23, 'C:\\Users\\Zohaa Qamar\\Desktop\\For DP and Mallet\\hallway-rush\\trunk'),
(24, 'C:\\Users\\Zohaa Qamar\\Desktop\\For DP and Mallet\\hallway-rush\\trunk'),
(25, 'C:\\Users\\Zohaa Qamar\\Desktop\\For DP and Mallet\\hallway-rush\\trunk'),
(26, 'C:\\Users\\Zohaa Qamar\\Desktop\\For DP and Mallet\\hallway-rush\\trunk'),
(27, 'C:\\Users\\Zohaa Qamar\\Desktop\\For DP and Mallet\\dungeonmaster'),
(28, 'C:\\Users\\Zohaa Qamar\\Desktop\\For DP and Mallet\\dungeonmaster'),
(29, 'C:\\Users\\Zohaa Qamar\\Desktop\\For DP and Mallet\\hallway-rush\\trunk'),
(30, 'C:\\Users\\Zohaa Qamar\\Desktop\\For DP and Mallet\\hallway-rush\\trunk');

-- --------------------------------------------------------

--
-- Table structure for table `lookupwords`
--

CREATE TABLE IF NOT EXISTS `lookupwords` (
  `WordId` int(11) NOT NULL,
  `Word` varchar(10000) NOT NULL
) ENGINE=InnoDB DEFAULT CHARSET=latin1;

-- --------------------------------------------------------

--
-- Table structure for table `methodnames`
--

CREATE TABLE IF NOT EXISTS `methodnames` (
  `patternInstanceID` int(100) NOT NULL,
  `roleName` varchar(200) NOT NULL,
  `methodName` varchar(200) NOT NULL,
  `className` varchar(200) NOT NULL
) ENGINE=InnoDB DEFAULT CHARSET=latin1;

--
-- Dumping data for table `methodnames`
--

INSERT INTO `methodnames` (`patternInstanceID`, `roleName`, `methodName`, `className`) VALUES
(10, 'FactoryMethod', 'edit', 'AbstractFactory.EditConfigurations'),
(10, 'FactoryMethod', 'font', 'AbstractFactory.EditConfigurations'),
(10, 'FactoryMethod', 'spellChecker', 'AbstractFactory.EditConfigurations'),
(10, 'FactoryMethod', 'thesaurus', 'AbstractFactory.EditConfigurations'),
(10, 'FactoryMethod', 'editingEnvironment(java.lang.String)', 'AbstractFactory.EditorLanguages'),
(10, 'FactoryMethod', 'editingEnvironment(java.lang.String)', 'Factory.EditorLanguages'),
(36, 'Request/Execute', 'method', 'AbstractFactory.LanguageEdit'),
(36, 'Request/Execute', 'method', 'AbstractFactory.LanguageFont'),
(36, 'Request/Execute', 'method', 'AbstractFactory.LanguageSpellchecker'),
(36, 'Request/Execute', 'method', 'AbstractFactory.LanguageThesaurus'),
(36, 'Request/Execute', 'setTextToTranslate', 'Adapter.CustomAdapter'),
(36, 'Request/Execute', 'translateLanguage', 'Adapter.CustomAdapter'),
(36, 'Request/Execute', 'setInputText', 'Adapter.ThirdPartyToolAdapter'),
(36, 'Request/Execute', 'performTranslation', 'Adapter.ThirdPartyToolAdapter'),
(41, 'TemplateMethod', 'performSpellChecking', 'Template.SpellChecker'),
(49, 'Request/Execute', 'execute', 'Command.MoveBackwardCommand'),
(49, 'Request/Execute', 'execute', 'Command.MoveForwardCommand'),
(49, 'Request/Execute', 'execute', 'Command.RotateLeftCommand'),
(49, 'Request/Execute', 'execute', 'Command.RotateRightCommand'),
(49, 'Request/Execute', 'execute', 'Command.TakePictureCommand'),
(49, 'Request/Execute', 'execute', 'Command.TakeSampleCommand'),
(52, 'Notify', 'notifyObservers', 'EnvironmentalDataObserver.RoverREMSSubject'),
(52, 'Notify', 'notifyObservers', 'ObstaclesObserver.HazCams'),
(61, 'Operation', 'showRoom', 'org.arpit.javapostsforlearning.designpattern.RoomDecorator'),
(72, 'Request/Execute', 'execute', 'ChessGameKenai.LoadGameCommand'),
(72, 'Request/Execute', 'execute', 'ChessGameKenai.ClosePromptCommand'),
(72, 'Request/Execute', 'execute', 'ChessGameKenai.LoadFromFileCommand'),
(72, 'Request/Execute', 'execute', 'ChessGameKenai.NewGameCommand'),
(72, 'Request/Execute', 'execute', 'ChessGameKenai.NewGameWithComputer'),
(72, 'Request/Execute', 'execute', 'ChessGameKenai.RestartCommand'),
(72, 'Request/Execute', 'execute', 'ChessGameKenai.SaveAsCommand'),
(72, 'Request/Execute', 'execute', 'ChessGameKenai.SetPlayerNameCommand'),
(72, 'Request/Execute', 'redraw', 'ChessGameKenai.FlipBoardStrategy'),
(72, 'Request/Execute', 'redraw', 'ChessGameKenai.NormalBoardStrategy'),
(76, 'TemplateMethod', 'move(int, int, java.util.List, java.util.List)', 'ChessGameKenai.NonVisualPiece'),
(77, 'Request/Execute', 'execute', 'com.javapapers.designpattern.command.OnCommand'),
(80, 'Operation', 'print', 'org.arpit.javapostsforlearning.designpatterns.Manager'),
(86, 'TemplateMethod', 'getPossibleMoves(java.util.ArrayList)', 'org.lums.chess.NonVisualPiece'),
(90, 'Request/Execute', 'detectionFinished(gr.uom.java.pattern.gui.progress.DetectionFinishedEvent)', 'gr.uom.java.pattern.gui.MatrixFrame'),
(90, 'Request/Execute', 'construct', 'gr.uom.java.pattern.gui.LongTask$1'),
(94, 'Operation', 'showRoom', 'org.arpit.javapostsforlearning.designpattern.RoomDecorator'),
(95, 'Request/Execute', 'execute', 'com.javapapers.designpattern.command.OnCommand'),
(104, 'Operation', 'addLayoutComponent(java.awt.Component, java.lang.Object)', 'com.intellij.uiDesigner.core.AbstractLayout'),
(109, 'Request/Execute', 'layoutContainer(java.awt.Container)', 'com.intellij.uiDesigner.core.GridLayoutManager'),
(109, 'Request/Execute', 'layoutContainer(java.awt.Container)', 'com.intellij.uiDesigner.core.GridLayoutManager'),
(111, 'TemplateMethod', 'calcCellSizePolicy(int)', 'com.intellij.uiDesigner.core.DimensionInfo'),
(111, 'TemplateMethod', 'getCellSizePolicyFromInheriting(int)', 'com.intellij.uiDesigner.core.DimensionInfo'),
(112, 'Operation', 'addLayoutComponent(java.awt.Component, java.lang.Object)', 'com.intellij.uiDesigner.core.AbstractLayout'),
(117, 'Request/Execute', 'layoutContainer(java.awt.Container)', 'com.intellij.uiDesigner.core.GridLayoutManager'),
(117, 'Request/Execute', 'layoutContainer(java.awt.Container)', 'com.intellij.uiDesigner.core.GridLayoutManager'),
(119, 'TemplateMethod', 'calcCellSizePolicy(int)', 'com.intellij.uiDesigner.core.DimensionInfo'),
(119, 'TemplateMethod', 'getCellSizePolicyFromInheriting(int)', 'com.intellij.uiDesigner.core.DimensionInfo'),
(120, 'Operation', 'addLayoutComponent(java.awt.Component, java.lang.Object)', 'com.intellij.uiDesigner.core.AbstractLayout'),
(125, 'Request/Execute', 'layoutContainer(java.awt.Container)', 'com.intellij.uiDesigner.core.GridLayoutManager'),
(125, 'Request/Execute', 'layoutContainer(java.awt.Container)', 'com.intellij.uiDesigner.core.GridLayoutManager'),
(127, 'TemplateMethod', 'calcCellSizePolicy(int)', 'com.intellij.uiDesigner.core.DimensionInfo'),
(127, 'TemplateMethod', 'getCellSizePolicyFromInheriting(int)', 'com.intellij.uiDesigner.core.DimensionInfo'),
(128, 'Operation', 'addLayoutComponent(java.awt.Component, java.lang.Object)', 'com.intellij.uiDesigner.core.AbstractLayout'),
(133, 'Request/Execute', 'layoutContainer(java.awt.Container)', 'com.intellij.uiDesigner.core.GridLayoutManager'),
(133, 'Request/Execute', 'layoutContainer(java.awt.Container)', 'com.intellij.uiDesigner.core.GridLayoutManager'),
(135, 'TemplateMethod', 'calcCellSizePolicy(int)', 'com.intellij.uiDesigner.core.DimensionInfo'),
(135, 'TemplateMethod', 'getCellSizePolicyFromInheriting(int)', 'com.intellij.uiDesigner.core.DimensionInfo'),
(138, 'Operation', 'addLayoutComponent(java.awt.Component, java.lang.Object)', 'com.intellij.uiDesigner.core.AbstractLayout'),
(143, 'Request/Execute', 'layoutContainer(java.awt.Container)', 'com.intellij.uiDesigner.core.GridLayoutManager'),
(143, 'Request/Execute', 'layoutContainer(java.awt.Container)', 'com.intellij.uiDesigner.core.GridLayoutManager'),
(145, 'TemplateMethod', 'calcCellSizePolicy(int)', 'com.intellij.uiDesigner.core.DimensionInfo'),
(145, 'TemplateMethod', 'getCellSizePolicyFromInheriting(int)', 'com.intellij.uiDesigner.core.DimensionInfo');

-- --------------------------------------------------------

--
-- Table structure for table `patterninstance`
--

CREATE TABLE IF NOT EXISTS `patterninstance` (
  `patternID` int(11) NOT NULL,
  `patternInstanceID` int(100) NOT NULL,
  `instanceClass` text NOT NULL,
  `projectName` text NOT NULL,
  `projectID` int(11) NOT NULL
) ENGINE=InnoDB AUTO_INCREMENT=146 DEFAULT CHARSET=latin1;

--
-- Dumping data for table `patterninstance`
--

INSERT INTO `patterninstance` (`patternID`, `patternInstanceID`, `instanceClass`, `projectName`, `projectID`) VALUES
(8, 1, 'Context: com.javapapers.designpatterns.state.AlertStateContext | State/Strategy: com.javapapers.designpatterns.state.MobileAlertState | ', 'C:\\Users\\Zohaa Qamar\\Desktop\\For DP and Mallet\\StatePattern', 1),
(3, 2, 'Singleton: com.javacodegeeks.patterns.singletonpattern.Singleton | uniqueInstance: private static com.javacodegeeks.patterns.singletonpattern.Singleton sc | ', 'C:\\Users\\Zohaa Qamar\\Desktop\\For DP and Mallet\\SingletonPattern', 2),
(3, 3, 'Singleton: com.javacodegeeks.patterns.singletonpattern.SingletonEager | uniqueInstance: private static com.javacodegeeks.patterns.singletonpattern.SingletonEager sc | ', 'C:\\Users\\Zohaa Qamar\\Desktop\\For DP and Mallet\\SingletonPattern', 2),
(3, 4, 'Singleton: com.javacodegeeks.patterns.singletonpattern.SingletoneEnum$SingleEnum | uniqueInstance: public static com.javacodegeeks.patterns.singletonpattern.SingletoneEnum$SingleEnum SINGLETON_ENUM | ', 'C:\\Users\\Zohaa Qamar\\Desktop\\For DP and Mallet\\SingletonPattern', 2),
(3, 5, 'Singleton: com.javacodegeeks.patterns.singletonpattern.SingletonLazy | uniqueInstance: private static com.javacodegeeks.patterns.singletonpattern.SingletonLazy sc | ', 'C:\\Users\\Zohaa Qamar\\Desktop\\For DP and Mallet\\SingletonPattern', 2),
(3, 6, 'Singleton: com.javacodegeeks.patterns.singletonpattern.SingletonLazyDoubleCheck | uniqueInstance: private static com.javacodegeeks.patterns.singletonpattern.SingletonLazyDoubleCheck sc | ', 'C:\\Users\\Zohaa Qamar\\Desktop\\For DP and Mallet\\SingletonPattern', 2),
(3, 7, 'Singleton: com.javacodegeeks.patterns.singletonpattern.SingletonLazyMultithreaded | uniqueInstance: private static com.javacodegeeks.patterns.singletonpattern.SingletonLazyMultithreaded sc | ', 'C:\\Users\\Zohaa Qamar\\Desktop\\For DP and Mallet\\SingletonPattern', 2),
(1, 8, 'Creator: AbstractFactory.EditConfigurations | FactoryMethod(): AbstractFactory.EditConfigurations::edit():AbstractFactory.EditMode | FactoryMethod(): AbstractFactory.EditConfigurations::font():AbstractFactory.FontSelect | FactoryMethod(): AbstractFactory.EditConfigurations::spellChecker():AbstractFactory.SpellCheckerUtility | FactoryMethod(): AbstractFactory.EditConfigurations::thesaurus():AbstractFactory.ThesaurusActivate | ', 'C:\\Users\\Zohaa Qamar\\Desktop\\For DP and Mallet\\MultilingualWordEditor', 3),
(1, 9, 'Creator: AbstractFactory.EditorLanguages | FactoryMethod(): AbstractFactory.EditorLanguages::editingEnvironment(java.lang.String):AbstractFactory.Configurations | ', 'C:\\Users\\Zohaa Qamar\\Desktop\\For DP and Mallet\\MultilingualWordEditor', 3),
(1, 10, 'Creator: Factory.EditorLanguages | FactoryMethod(): Factory.EditorLanguages::editingEnvironment(java.lang.String):Factory.Configurations | ', 'C:\\Users\\Zohaa Qamar\\Desktop\\For DP and Mallet\\MultilingualWordEditor', 3),
(3, 11, 'Singleton: Singleton.ArabicEditSingleton | uniqueInstance: private static Singleton.ArabicEditSingleton uniqueInstance | ', 'C:\\Users\\Zohaa Qamar\\Desktop\\For DP and Mallet\\MultilingualWordEditor', 3),
(3, 12, 'Singleton: Singleton.ArabicFontSingleton | uniqueInstance: private static Singleton.ArabicFontSingleton uniqueInstance | ', 'C:\\Users\\Zohaa Qamar\\Desktop\\For DP and Mallet\\MultilingualWordEditor', 3),
(3, 13, 'Singleton: Singleton.ArabicLanguageSingleton | uniqueInstance: private static Singleton.ArabicLanguageSingleton uniqueInstance | ', 'C:\\Users\\Zohaa Qamar\\Desktop\\For DP and Mallet\\MultilingualWordEditor', 3),
(3, 14, 'Singleton: Singleton.ArabicSpellCheckerSingleton | uniqueInstance: private static Singleton.ArabicSpellCheckerSingleton uniqueInstance | ', 'C:\\Users\\Zohaa Qamar\\Desktop\\For DP and Mallet\\MultilingualWordEditor', 3),
(3, 15, 'Singleton: Singleton.ArabicThesaurusSingleton | uniqueInstance: private static Singleton.ArabicThesaurusSingleton uniqueInstance | ', 'C:\\Users\\Zohaa Qamar\\Desktop\\For DP and Mallet\\MultilingualWordEditor', 3),
(3, 16, 'Singleton: Singleton.EnglishEditSingleton | uniqueInstance: private static Singleton.EnglishEditSingleton uniqueInstance | ', 'C:\\Users\\Zohaa Qamar\\Desktop\\For DP and Mallet\\MultilingualWordEditor', 3),
(3, 17, 'Singleton: Singleton.EnglishFontSingleton | uniqueInstance: private static Singleton.EnglishFontSingleton uniqueInstance | ', 'C:\\Users\\Zohaa Qamar\\Desktop\\For DP and Mallet\\MultilingualWordEditor', 3),
(3, 18, 'Singleton: Singleton.EnglishLanguageSingleton | uniqueInstance: private static Singleton.EnglishLanguageSingleton uniqueInstance | ', 'C:\\Users\\Zohaa Qamar\\Desktop\\For DP and Mallet\\MultilingualWordEditor', 3),
(3, 19, 'Singleton: Singleton.EnglishSpellCheckerSingleton | uniqueInstance: private static Singleton.EnglishSpellCheckerSingleton uniqueInstance | ', 'C:\\Users\\Zohaa Qamar\\Desktop\\For DP and Mallet\\MultilingualWordEditor', 3),
(3, 20, 'Singleton: Singleton.EnglishThesaurusSingleton | uniqueInstance: private static Singleton.EnglishThesaurusSingleton uniqueInstance | ', 'C:\\Users\\Zohaa Qamar\\Desktop\\For DP and Mallet\\MultilingualWordEditor', 3),
(3, 21, 'Singleton: Singleton.JapaneseEditSingleton | uniqueInstance: private static Singleton.JapaneseEditSingleton uniqueInstance | ', 'C:\\Users\\Zohaa Qamar\\Desktop\\For DP and Mallet\\MultilingualWordEditor', 3),
(3, 22, 'Singleton: Singleton.JapaneseFontSingleton | uniqueInstance: private static Singleton.JapaneseFontSingleton uniqueInstance | ', 'C:\\Users\\Zohaa Qamar\\Desktop\\For DP and Mallet\\MultilingualWordEditor', 3),
(3, 23, 'Singleton: Singleton.JapaneseLanguageSingleton | uniqueInstance: private static Singleton.JapaneseLanguageSingleton uniqueInstance | ', 'C:\\Users\\Zohaa Qamar\\Desktop\\For DP and Mallet\\MultilingualWordEditor', 3),
(3, 24, 'Singleton: Singleton.JapaneseSpellCheckerSingleton | uniqueInstance: private static Singleton.JapaneseSpellCheckerSingleton uniqueInstance | ', 'C:\\Users\\Zohaa Qamar\\Desktop\\For DP and Mallet\\MultilingualWordEditor', 3),
(3, 25, 'Singleton: Singleton.JapaneseThesaurusSingleton | uniqueInstance: private static Singleton.JapaneseThesaurusSingleton uniqueInstance | ', 'C:\\Users\\Zohaa Qamar\\Desktop\\For DP and Mallet\\MultilingualWordEditor', 3),
(3, 26, 'Singleton: Singleton.UrduEditSingleton | uniqueInstance: private static Singleton.UrduEditSingleton uniqueInstance | ', 'C:\\Users\\Zohaa Qamar\\Desktop\\For DP and Mallet\\MultilingualWordEditor', 3),
(3, 27, 'Singleton: Singleton.UrduFontSingleton | uniqueInstance: private static Singleton.UrduFontSingleton uniqueInstance | ', 'C:\\Users\\Zohaa Qamar\\Desktop\\For DP and Mallet\\MultilingualWordEditor', 3),
(3, 28, 'Singleton: Singleton.UrduLanguageSingleton | uniqueInstance: private static Singleton.UrduLanguageSingleton uniqueInstance | ', 'C:\\Users\\Zohaa Qamar\\Desktop\\For DP and Mallet\\MultilingualWordEditor', 3),
(3, 29, 'Singleton: Singleton.UrduSpellCheckerSingleton | uniqueInstance: private static Singleton.UrduSpellCheckerSingleton uniqueInstance | ', 'C:\\Users\\Zohaa Qamar\\Desktop\\For DP and Mallet\\MultilingualWordEditor', 3),
(3, 30, 'Singleton: Singleton.UrduThesaurusSingleton | uniqueInstance: private static Singleton.UrduThesaurusSingleton uniqueInstance | ', 'C:\\Users\\Zohaa Qamar\\Desktop\\For DP and Mallet\\MultilingualWordEditor', 3),
(4, 31, 'Adaptee/Receiver: AbstractFactory.EditConfigurations | Adapter/ConcreteCommand: AbstractFactory.LanguageEdit | Request()/Execute(): AbstractFactory.LanguageEdit::method():void | ', 'C:\\Users\\Zohaa Qamar\\Desktop\\For DP and Mallet\\MultilingualWordEditor', 3),
(4, 32, 'Adaptee/Receiver: AbstractFactory.EditConfigurations | Adapter/ConcreteCommand: AbstractFactory.LanguageFont | Request()/Execute(): AbstractFactory.LanguageFont::method():void | ', 'C:\\Users\\Zohaa Qamar\\Desktop\\For DP and Mallet\\MultilingualWordEditor', 3),
(4, 33, 'Adaptee/Receiver: AbstractFactory.EditConfigurations | Adapter/ConcreteCommand: AbstractFactory.LanguageSpellchecker | Request()/Execute(): AbstractFactory.LanguageSpellchecker::method():void | ', 'C:\\Users\\Zohaa Qamar\\Desktop\\For DP and Mallet\\MultilingualWordEditor', 3),
(4, 34, 'Adaptee/Receiver: AbstractFactory.EditConfigurations | Adapter/ConcreteCommand: AbstractFactory.LanguageThesaurus | Request()/Execute(): AbstractFactory.LanguageThesaurus::method():void | ', 'C:\\Users\\Zohaa Qamar\\Desktop\\For DP and Mallet\\MultilingualWordEditor', 3),
(4, 35, 'Adaptee/Receiver: Adapter.E2UCustomTranslator | Adapter/ConcreteCommand: Adapter.CustomAdapter | Request()/Execute(): Adapter.CustomAdapter::setTextToTranslate():void | Request()/Execute(): Adapter.CustomAdapter::translateLanguage():void | ', 'C:\\Users\\Zohaa Qamar\\Desktop\\For DP and Mallet\\MultilingualWordEditor', 3),
(4, 36, 'Adaptee/Receiver: Adapter.ThirdPartyTranslatorTool | Adapter/ConcreteCommand: Adapter.ThirdPartyToolAdapter | Request()/Execute(): Adapter.ThirdPartyToolAdapter::setInputText():void | Request()/Execute(): Adapter.ThirdPartyToolAdapter::performTranslation():void | ', 'C:\\Users\\Zohaa Qamar\\Desktop\\For DP and Mallet\\MultilingualWordEditor', 3),
(8, 37, 'Context: AbstractFactory.LanguageEdit | State/Strategy: AbstractFactory.EditConfigurations | ', 'C:\\Users\\Zohaa Qamar\\Desktop\\For DP and Mallet\\MultilingualWordEditor', 3),
(8, 38, 'Context: AbstractFactory.LanguageFont | State/Strategy: AbstractFactory.EditConfigurations | ', 'C:\\Users\\Zohaa Qamar\\Desktop\\For DP and Mallet\\MultilingualWordEditor', 3),
(8, 39, 'Context: AbstractFactory.LanguageSpellchecker | State/Strategy: AbstractFactory.EditConfigurations | ', 'C:\\Users\\Zohaa Qamar\\Desktop\\For DP and Mallet\\MultilingualWordEditor', 3),
(8, 40, 'Context: AbstractFactory.LanguageThesaurus | State/Strategy: AbstractFactory.EditConfigurations | ', 'C:\\Users\\Zohaa Qamar\\Desktop\\For DP and Mallet\\MultilingualWordEditor', 3),
(9, 41, 'AbstractClass: Template.SpellChecker | TemplateMethod(): Template.SpellChecker::performSpellChecking():void | ', 'C:\\Users\\Zohaa Qamar\\Desktop\\For DP and Mallet\\MultilingualWordEditor', 3),
(3, 42, 'Singleton: com.byteslounge.logger.factory.LoggerFactory$LoggerType | uniqueInstance: public static com.byteslounge.logger.factory.LoggerFactory$LoggerType DATABASE | uniqueInstance: public static com.byteslounge.logger.factory.LoggerFactory$LoggerType FILE | ', 'C:\\Users\\Zohaa Qamar\\Desktop\\For DP and Mallet\\FactoryPattern2', 4),
(8, 43, 'Context: com.byteslounge.Application | State/Strategy: com.byteslounge.logger.Logger | ', 'C:\\Users\\Zohaa Qamar\\Desktop\\For DP and Mallet\\FactoryPattern2', 4),
(4, 44, 'Adapter/ConcreteCommand: Command.MoveBackwardCommand | Adaptee/Receiver: Command.Operations | Request()/Execute(): Command.MoveBackwardCommand::execute():void | ', 'C:\\Users\\Zohaa Qamar\\Desktop\\For DP and Mallet\\MissionCuriosity', 5),
(4, 45, 'Adapter/ConcreteCommand: Command.MoveForwardCommand | Adaptee/Receiver: Command.Operations | Request()/Execute(): Command.MoveForwardCommand::execute():void | ', 'C:\\Users\\Zohaa Qamar\\Desktop\\For DP and Mallet\\MissionCuriosity', 5),
(4, 46, 'Adapter/ConcreteCommand: Command.RotateLeftCommand | Adaptee/Receiver: Command.Operations | Request()/Execute(): Command.RotateLeftCommand::execute():void | ', 'C:\\Users\\Zohaa Qamar\\Desktop\\For DP and Mallet\\MissionCuriosity', 5),
(4, 47, 'Adapter/ConcreteCommand: Command.RotateRightCommand | Adaptee/Receiver: Command.Operations | Request()/Execute(): Command.RotateRightCommand::execute():void | ', 'C:\\Users\\Zohaa Qamar\\Desktop\\For DP and Mallet\\MissionCuriosity', 5),
(4, 48, 'Adapter/ConcreteCommand: Command.TakePictureCommand | Adaptee/Receiver: Command.Operations | Request()/Execute(): Command.TakePictureCommand::execute():void | ', 'C:\\Users\\Zohaa Qamar\\Desktop\\For DP and Mallet\\MissionCuriosity', 5),
(4, 49, 'Adapter/ConcreteCommand: Command.TakeSampleCommand | Adaptee/Receiver: Command.Operations | Request()/Execute(): Command.TakeSampleCommand::execute():void | ', 'C:\\Users\\Zohaa Qamar\\Desktop\\For DP and Mallet\\MissionCuriosity', 5),
(6, 50, 'Component: Decorator.AbstractMarsRover | Decorator: Decorator.ExplorationActivity | component: protected Decorator.AbstractMarsRover marsRover | ', 'C:\\Users\\Zohaa Qamar\\Desktop\\For DP and Mallet\\MissionCuriosity', 5),
(7, 51, 'Observer: EnvironmentalDataObserver.Observer | Subject: EnvironmentalDataObserver.RoverREMSSubject | Notify(): EnvironmentalDataObserver.RoverREMSSubject::notifyObservers():void | ', 'C:\\Users\\Zohaa Qamar\\Desktop\\For DP and Mallet\\MissionCuriosity', 5),
(7, 52, 'Observer: ObstaclesObserver.Observer | Subject: ObstaclesObserver.HazCams | Notify(): ObstaclesObserver.HazCams::notifyObservers():void | ', 'C:\\Users\\Zohaa Qamar\\Desktop\\For DP and Mallet\\MissionCuriosity', 5),
(8, 53, 'Context: Command.RemoteControl | State/Strategy: Command.Command | ', 'C:\\Users\\Zohaa Qamar\\Desktop\\For DP and Mallet\\MissionCuriosity', 5),
(8, 54, 'Context: Command.MoveBackwardCommand | State/Strategy: Command.Operations | ', 'C:\\Users\\Zohaa Qamar\\Desktop\\For DP and Mallet\\MissionCuriosity', 5),
(8, 55, 'Context: Command.MoveForwardCommand | State/Strategy: Command.Operations | ', 'C:\\Users\\Zohaa Qamar\\Desktop\\For DP and Mallet\\MissionCuriosity', 5),
(8, 56, 'Context: Command.RotateLeftCommand | State/Strategy: Command.Operations | ', 'C:\\Users\\Zohaa Qamar\\Desktop\\For DP and Mallet\\MissionCuriosity', 5),
(8, 57, 'Context: Command.RotateRightCommand | State/Strategy: Command.Operations | ', 'C:\\Users\\Zohaa Qamar\\Desktop\\For DP and Mallet\\MissionCuriosity', 5),
(8, 58, 'Context: Command.TakePictureCommand | State/Strategy: Command.Operations | ', 'C:\\Users\\Zohaa Qamar\\Desktop\\For DP and Mallet\\MissionCuriosity', 5),
(8, 59, 'Context: Command.TakeSampleCommand | State/Strategy: Command.Operations | ', 'C:\\Users\\Zohaa Qamar\\Desktop\\For DP and Mallet\\MissionCuriosity', 5),
(8, 60, 'Context: Strategy.MarsRoverContext | State/Strategy: Strategy.MarsRoverBehavior | ', 'C:\\Users\\Zohaa Qamar\\Desktop\\For DP and Mallet\\MissionCuriosity', 5),
(6, 61, 'Component: org.arpit.javapostsforlearning.designpattern.Room | Decorator: org.arpit.javapostsforlearning.designpattern.RoomDecorator | component: protected org.arpit.javapostsforlearning.designpattern.Room specialRoom | Operation(): org.arpit.javapostsforlearning.designpattern.RoomDecorator::showRoom():java.lang.String | ', 'C:\\Users\\Zohaa Qamar\\Desktop\\For DP and Mallet\\DecoratorPattern', 6),
(3, 62, 'Singleton: ChessGameKenai.GameLoader | uniqueInstance: private static ChessGameKenai.GameLoader _instance | ', 'C:\\Users\\Zohaa Qamar\\Desktop\\For DP and Mallet\\ChessGameFinalSubmission\\ChessGame\\ChessGame', 7),
(4, 63, 'Adapter/ConcreteCommand: ChessGameKenai.LoadGameCommand | Adaptee/Receiver: ChessGameKenai.ChessBoardView | Request()/Execute(): ChessGameKenai.LoadGameCommand::execute():void | ', 'C:\\Users\\Zohaa Qamar\\Desktop\\For DP and Mallet\\ChessGameFinalSubmission\\ChessGame\\ChessGame', 7),
(4, 64, 'Adapter/ConcreteCommand: ChessGameKenai.ClosePromptCommand | Adaptee/Receiver: ChessGameKenai.ChessBoardView | Request()/Execute(): ChessGameKenai.ClosePromptCommand::execute():void | ', 'C:\\Users\\Zohaa Qamar\\Desktop\\For DP and Mallet\\ChessGameFinalSubmission\\ChessGame\\ChessGame', 7),
(4, 65, 'Adapter/ConcreteCommand: ChessGameKenai.LoadFromFileCommand | Adaptee/Receiver: ChessGameKenai.ChessBoardView | Request()/Execute(): ChessGameKenai.LoadFromFileCommand::execute():void | ', 'C:\\Users\\Zohaa Qamar\\Desktop\\For DP and Mallet\\ChessGameFinalSubmission\\ChessGame\\ChessGame', 7),
(4, 66, 'Adapter/ConcreteCommand: ChessGameKenai.NewGameCommand | Adaptee/Receiver: ChessGameKenai.ChessBoardView | Request()/Execute(): ChessGameKenai.NewGameCommand::execute():void | ', 'C:\\Users\\Zohaa Qamar\\Desktop\\For DP and Mallet\\ChessGameFinalSubmission\\ChessGame\\ChessGame', 7),
(4, 67, 'Adapter/ConcreteCommand: ChessGameKenai.NewGameWithComputer | Adaptee/Receiver: ChessGameKenai.ChessBoardView | Request()/Execute(): ChessGameKenai.NewGameWithComputer::execute():void | ', 'C:\\Users\\Zohaa Qamar\\Desktop\\For DP and Mallet\\ChessGameFinalSubmission\\ChessGame\\ChessGame', 7),
(4, 68, 'Adapter/ConcreteCommand: ChessGameKenai.RestartCommand | Adaptee/Receiver: ChessGameKenai.ChessBoardView | Request()/Execute(): ChessGameKenai.RestartCommand::execute():void | ', 'C:\\Users\\Zohaa Qamar\\Desktop\\For DP and Mallet\\ChessGameFinalSubmission\\ChessGame\\ChessGame', 7),
(4, 69, 'Adapter/ConcreteCommand: ChessGameKenai.SaveAsCommand | Adaptee/Receiver: ChessGameKenai.ChessBoardView | Request()/Execute(): ChessGameKenai.SaveAsCommand::execute():void | ', 'C:\\Users\\Zohaa Qamar\\Desktop\\For DP and Mallet\\ChessGameFinalSubmission\\ChessGame\\ChessGame', 7),
(4, 70, 'Adapter/ConcreteCommand: ChessGameKenai.SetPlayerNameCommand | Adaptee/Receiver: ChessGameKenai.ChessBoardView | Request()/Execute(): ChessGameKenai.SetPlayerNameCommand::execute():void | ', 'C:\\Users\\Zohaa Qamar\\Desktop\\For DP and Mallet\\ChessGameFinalSubmission\\ChessGame\\ChessGame', 7),
(4, 71, 'Adaptee/Receiver: ChessGameKenai.Board | Adapter/ConcreteCommand: ChessGameKenai.FlipBoardStrategy | Request()/Execute(): ChessGameKenai.FlipBoardStrategy::redraw():void | ', 'C:\\Users\\Zohaa Qamar\\Desktop\\For DP and Mallet\\ChessGameFinalSubmission\\ChessGame\\ChessGame', 7),
(4, 72, 'Adaptee/Receiver: ChessGameKenai.Board | Adapter/ConcreteCommand: ChessGameKenai.NormalBoardStrategy | Request()/Execute(): ChessGameKenai.NormalBoardStrategy::redraw():void | ', 'C:\\Users\\Zohaa Qamar\\Desktop\\For DP and Mallet\\ChessGameFinalSubmission\\ChessGame\\ChessGame', 7),
(8, 73, 'Context: ChessGameKenai.Adapter | State/Strategy: ChessGameKenai.Command | ', 'C:\\Users\\Zohaa Qamar\\Desktop\\For DP and Mallet\\ChessGameFinalSubmission\\ChessGame\\ChessGame', 7),
(8, 74, 'Context: ChessGameKenai.ChessData | State/Strategy: ChessGameKenai.NonVisualPiece | ', 'C:\\Users\\Zohaa Qamar\\Desktop\\For DP and Mallet\\ChessGameFinalSubmission\\ChessGame\\ChessGame', 7),
(8, 75, 'Context: ChessGameKenai.Board | State/Strategy: ChessGameKenai.IFlipStrategy | ', 'C:\\Users\\Zohaa Qamar\\Desktop\\For DP and Mallet\\ChessGameFinalSubmission\\ChessGame\\ChessGame', 7),
(9, 76, 'AbstractClass: ChessGameKenai.NonVisualPiece | TemplateMethod(): ChessGameKenai.NonVisualPiece::move(int, int, java.util.List, java.util.List):void | ', 'C:\\Users\\Zohaa Qamar\\Desktop\\For DP and Mallet\\ChessGameFinalSubmission\\ChessGame\\ChessGame', 7),
(4, 77, 'Adaptee/Receiver: com.javapapers.designpattern.command.ConsumerElectronics | Adapter/ConcreteCommand: com.javapapers.designpattern.command.OnCommand | Request()/Execute(): com.javapapers.designpattern.command.OnCommand::execute():void | ', 'C:\\Users\\Zohaa Qamar\\Desktop\\For DP and Mallet\\CommandPattern', 8),
(8, 78, 'Context: com.javapapers.designpattern.command.Button | State/Strategy: com.javapapers.designpattern.command.Command | ', 'C:\\Users\\Zohaa Qamar\\Desktop\\For DP and Mallet\\CommandPattern', 8),
(8, 79, 'Context: com.javapapers.designpattern.command.OnCommand | State/Strategy: com.javapapers.designpattern.command.ConsumerElectronics | ', 'C:\\Users\\Zohaa Qamar\\Desktop\\For DP and Mallet\\CommandPattern', 8),
(5, 80, 'Component: org.arpit.javapostsforlearning.designpatterns.Employee | Composite: org.arpit.javapostsforlearning.designpatterns.Manager | Operation(): org.arpit.javapostsforlearning.designpatterns.Manager::print():void | ', 'C:\\Users\\Zohaa Qamar\\Desktop\\For DP and Mallet\\CompositePattern', 9),
(3, 81, 'Singleton: ChessGameKenai.ChessBoardView | uniqueInstance: private static ChessGameKenai.ChessBoardView _instance | ', 'C:\\Users\\Zohaa Qamar\\Desktop\\For DP and Mallet\\ProjectPhase4\\ChessGame0.6', 10),
(3, 82, 'Singleton: ChessGameKenai.Chess_Data | uniqueInstance: private static ChessGameKenai.Chess_Data _instance | ', 'C:\\Users\\Zohaa Qamar\\Desktop\\For DP and Mallet\\ProjectPhase4\\ChessGame0.6', 10),
(8, 83, 'Context: ChessGameKenai.ChessBoardView | State/Strategy: ChessGameKenai.Board | ', 'C:\\Users\\Zohaa Qamar\\Desktop\\For DP and Mallet\\ProjectPhase4\\ChessGame0.6', 10),
(3, 84, 'Singleton: org.lums.chess.Board | uniqueInstance: private static org.lums.chess.Board board | ', 'C:\\Users\\Zohaa Qamar\\Desktop\\For DP and Mallet\\ChessGame\\ChessGame', 11),
(8, 85, 'Context: org.lums.chess.ChessData | State/Strategy: org.lums.chess.NonVisualPiece | ', 'C:\\Users\\Zohaa Qamar\\Desktop\\For DP and Mallet\\ChessGame\\ChessGame', 11),
(9, 86, 'AbstractClass: org.lums.chess.NonVisualPiece | TemplateMethod(): org.lums.chess.NonVisualPiece::getPossibleMoves(java.util.ArrayList):java.util.ArrayList | ', 'C:\\Users\\Zohaa Qamar\\Desktop\\For DP and Mallet\\ChessGame\\ChessGame', 11),
(3, 87, 'Singleton: gr.uom.java.bytecode.Access | uniqueInstance: public static gr.uom.java.bytecode.Access NONE | uniqueInstance: public static gr.uom.java.bytecode.Access PUBLIC | uniqueInstance: public static gr.uom.java.bytecode.Access PRIVATE | uniqueInstance: public static gr.uom.java.bytecode.Access PROTECTED | ', 'C:\\Users\\Zohaa Qamar\\Desktop\\For DP and Mallet\\DPD', 12),
(3, 88, 'Singleton: gr.uom.java.pattern.PatternEnum | uniqueInstance: public static gr.uom.java.pattern.PatternEnum FACTORY_METHOD | uniqueInstance: public static gr.uom.java.pattern.PatternEnum PROTOTYPE | uniqueInstance: public static gr.uom.java.pattern.PatternEnum SINGLETON | uniqueInstance: public static gr.uom.java.pattern.PatternEnum ADAPTER_COMMAND | uniqueInstance: public static gr.uom.java.pattern.PatternEnum COMPOSITE | uniqueInstance: public static gr.uom.java.pattern.PatternEnum DECORATOR | uniqueInstance: public static gr.uom.java.pattern.PatternEnum OBSERVER | uniqueInstance: public static gr.uom.java.pattern.PatternEnum STATE_STRATEGY | uniqueInstance: public static gr.uom.java.pattern.PatternEnum TEMPLATE_METHOD | uniqueInstance: public static gr.uom.java.pattern.PatternEnum VISITOR | uniqueInstance: public static gr.uom.java.pattern.PatternEnum PROXY | uniqueInstance: public static gr.uom.java.pattern.PatternEnum PROXY2 | ', 'C:\\Users\\Zohaa Qamar\\Desktop\\For DP and Mallet\\DPD', 12),
(4, 89, 'Adapter/ConcreteCommand: gr.uom.java.pattern.gui.MatrixFrame | Adaptee/Receiver: gr.uom.java.pattern.gui.MatrixInternalFrame | Request()/Execute(): gr.uom.java.pattern.gui.MatrixFrame::detectionFinished(gr.uom.java.pattern.gui.progress.DetectionFinishedEvent):void | ', 'C:\\Users\\Zohaa Qamar\\Desktop\\For DP and Mallet\\DPD', 12),
(4, 90, 'Adaptee/Receiver: gr.uom.java.pattern.gui.LongTask | Adapter/ConcreteCommand: gr.uom.java.pattern.gui.LongTask$1 | Request()/Execute(): gr.uom.java.pattern.gui.LongTask$1::construct():java.lang.Object | ', 'C:\\Users\\Zohaa Qamar\\Desktop\\For DP and Mallet\\DPD', 12),
(8, 91, 'Context: gr.uom.java.pattern.gui.SwingWorker$2 | State/Strategy: gr.uom.java.pattern.gui.SwingWorker | ', 'C:\\Users\\Zohaa Qamar\\Desktop\\For DP and Mallet\\DPD', 12),
(8, 92, 'State/Strategy: gr.uom.java.pattern.inheritance.Enumeratable | Context: gr.uom.java.pattern.SystemGenerator | ', 'C:\\Users\\Zohaa Qamar\\Desktop\\For DP and Mallet\\DPD', 12),
(8, 93, 'Context: com.javapapers.designpatterns.state.AlertStateContext | State/Strategy: com.javapapers.designpatterns.state.MobileAlertState | ', 'C:\\Users\\Zohaa Qamar\\Desktop\\For DP and Mallet\\StatePattern', 13),
(6, 94, 'Component: org.arpit.javapostsforlearning.designpattern.Room | Decorator: org.arpit.javapostsforlearning.designpattern.RoomDecorator | component: protected org.arpit.javapostsforlearning.designpattern.Room specialRoom | Operation(): org.arpit.javapostsforlearning.designpattern.RoomDecorator::showRoom():java.lang.String | ', 'C:\\Users\\Zohaa Qamar\\Desktop\\For DP and Mallet\\DecoratorPattern', 14),
(4, 95, 'Adaptee/Receiver: com.javapapers.designpattern.command.ConsumerElectronics | Adapter/ConcreteCommand: com.javapapers.designpattern.command.OnCommand | Request()/Execute(): com.javapapers.designpattern.command.OnCommand::execute():void | ', 'C:\\Users\\Zohaa Qamar\\Desktop\\For DP and Mallet\\CommandPattern', 15),
(8, 96, 'Context: com.javapapers.designpattern.command.Button | State/Strategy: com.javapapers.designpattern.command.Command | ', 'C:\\Users\\Zohaa Qamar\\Desktop\\For DP and Mallet\\CommandPattern', 15),
(8, 97, 'Context: com.javapapers.designpattern.command.OnCommand | State/Strategy: com.javapapers.designpattern.command.ConsumerElectronics | ', 'C:\\Users\\Zohaa Qamar\\Desktop\\For DP and Mallet\\CommandPattern', 15),
(8, 98, 'State/Strategy: Character | Context: DungeonMaster | ', 'C:\\Users\\Zohaa Qamar\\Desktop\\For DP and Mallet\\dungeonmaster', 16),
(8, 99, 'State/Strategy: Character | Context: DungeonMaster | ', 'C:\\Users\\Zohaa Qamar\\Desktop\\For DP and Mallet\\dungeonmaster', 17),
(8, 100, 'State/Strategy: Character | Context: DungeonMaster | ', 'C:\\Users\\Zohaa Qamar\\Desktop\\For DP and Mallet\\dungeonmaster', 19),
(8, 101, 'State/Strategy: Character | Context: DungeonMaster | ', 'C:\\Users\\Zohaa Qamar\\Desktop\\For DP and Mallet\\dungeonmaster', 20),
(8, 102, 'State/Strategy: Character | Context: DungeonMaster | ', 'C:\\Users\\Zohaa Qamar\\Desktop\\For DP and Mallet\\dungeonmaster', 21),
(8, 103, 'State/Strategy: Character | Context: DungeonMaster | ', 'C:\\Users\\Zohaa Qamar\\Desktop\\For DP and Mallet\\dungeonmaster', 22),
(2, 104, 'Client: com.intellij.uiDesigner.core.AbstractLayout | Prototype: com.intellij.uiDesigner.core.GridConstraints | Operation(): com.intellij.uiDesigner.core.AbstractLayout::addLayoutComponent(java.awt.Component, java.lang.Object):void | ', 'C:\\Users\\Zohaa Qamar\\Desktop\\For DP and Mallet\\hallway-rush\\trunk', 23),
(3, 105, 'Singleton: GameCore.GameEngine | uniqueInstance: private static GameCore.GameEngine game | ', 'C:\\Users\\Zohaa Qamar\\Desktop\\For DP and Mallet\\hallway-rush\\trunk', 23),
(3, 106, 'Singleton: GameElements.MainCharacter | uniqueInstance: private static GameElements.MainCharacter player | ', 'C:\\Users\\Zohaa Qamar\\Desktop\\For DP and Mallet\\hallway-rush\\trunk', 23),
(3, 107, 'Singleton: GameElements.PowerUpType | uniqueInstance: public static GameElements.PowerUpType hallwayrage | uniqueInstance: public static GameElements.PowerUpType health | uniqueInstance: public static GameElements.PowerUpType pushback | uniqueInstance: public static GameElements.PowerUpType acidPuddle | ', 'C:\\Users\\Zohaa Qamar\\Desktop\\For DP and Mallet\\hallway-rush\\trunk', 23),
(4, 108, 'Adaptee/Receiver: com.intellij.uiDesigner.core.DimensionInfo | Adapter/ConcreteCommand: com.intellij.uiDesigner.core.GridLayoutManager | Request()/Execute(): com.intellij.uiDesigner.core.GridLayoutManager::layoutContainer(java.awt.Container):void | ', 'C:\\Users\\Zohaa Qamar\\Desktop\\For DP and Mallet\\hallway-rush\\trunk', 23),
(4, 109, 'Adaptee/Receiver: com.intellij.uiDesigner.core.LayoutState | Adapter/ConcreteCommand: com.intellij.uiDesigner.core.GridLayoutManager | Request()/Execute(): com.intellij.uiDesigner.core.GridLayoutManager::layoutContainer(java.awt.Container):void | ', 'C:\\Users\\Zohaa Qamar\\Desktop\\For DP and Mallet\\hallway-rush\\trunk', 23),
(8, 110, 'Context: com.intellij.uiDesigner.core.GridLayoutManager | State/Strategy: com.intellij.uiDesigner.core.DimensionInfo | ', 'C:\\Users\\Zohaa Qamar\\Desktop\\For DP and Mallet\\hallway-rush\\trunk', 23),
(9, 111, 'AbstractClass: com.intellij.uiDesigner.core.DimensionInfo | TemplateMethod(): com.intellij.uiDesigner.core.DimensionInfo::calcCellSizePolicy(int):int | TemplateMethod(): com.intellij.uiDesigner.core.DimensionInfo::getCellSizePolicyFromInheriting(int):int | ', 'C:\\Users\\Zohaa Qamar\\Desktop\\For DP and Mallet\\hallway-rush\\trunk', 23),
(2, 112, 'Client: com.intellij.uiDesigner.core.AbstractLayout | Prototype: com.intellij.uiDesigner.core.GridConstraints | Operation(): com.intellij.uiDesigner.core.AbstractLayout::addLayoutComponent(java.awt.Component, java.lang.Object):void | ', 'C:\\Users\\Zohaa Qamar\\Desktop\\For DP and Mallet\\hallway-rush\\trunk', 24),
(3, 113, 'Singleton: GameCore.GameEngine | uniqueInstance: private static GameCore.GameEngine game | ', 'C:\\Users\\Zohaa Qamar\\Desktop\\For DP and Mallet\\hallway-rush\\trunk', 24),
(3, 114, 'Singleton: GameElements.MainCharacter | uniqueInstance: private static GameElements.MainCharacter player | ', 'C:\\Users\\Zohaa Qamar\\Desktop\\For DP and Mallet\\hallway-rush\\trunk', 24),
(3, 115, 'Singleton: GameElements.PowerUpType | uniqueInstance: public static GameElements.PowerUpType hallwayrage | uniqueInstance: public static GameElements.PowerUpType health | uniqueInstance: public static GameElements.PowerUpType pushback | uniqueInstance: public static GameElements.PowerUpType acidPuddle | ', 'C:\\Users\\Zohaa Qamar\\Desktop\\For DP and Mallet\\hallway-rush\\trunk', 24),
(4, 116, 'Adaptee/Receiver: com.intellij.uiDesigner.core.DimensionInfo | Adapter/ConcreteCommand: com.intellij.uiDesigner.core.GridLayoutManager | Request()/Execute(): com.intellij.uiDesigner.core.GridLayoutManager::layoutContainer(java.awt.Container):void | ', 'C:\\Users\\Zohaa Qamar\\Desktop\\For DP and Mallet\\hallway-rush\\trunk', 24),
(4, 117, 'Adaptee/Receiver: com.intellij.uiDesigner.core.LayoutState | Adapter/ConcreteCommand: com.intellij.uiDesigner.core.GridLayoutManager | Request()/Execute(): com.intellij.uiDesigner.core.GridLayoutManager::layoutContainer(java.awt.Container):void | ', 'C:\\Users\\Zohaa Qamar\\Desktop\\For DP and Mallet\\hallway-rush\\trunk', 24),
(8, 118, 'Context: com.intellij.uiDesigner.core.GridLayoutManager | State/Strategy: com.intellij.uiDesigner.core.DimensionInfo | ', 'C:\\Users\\Zohaa Qamar\\Desktop\\For DP and Mallet\\hallway-rush\\trunk', 24),
(9, 119, 'AbstractClass: com.intellij.uiDesigner.core.DimensionInfo | TemplateMethod(): com.intellij.uiDesigner.core.DimensionInfo::calcCellSizePolicy(int):int | TemplateMethod(): com.intellij.uiDesigner.core.DimensionInfo::getCellSizePolicyFromInheriting(int):int | ', 'C:\\Users\\Zohaa Qamar\\Desktop\\For DP and Mallet\\hallway-rush\\trunk', 24),
(2, 120, 'Client: com.intellij.uiDesigner.core.AbstractLayout | Prototype: com.intellij.uiDesigner.core.GridConstraints | Operation(): com.intellij.uiDesigner.core.AbstractLayout::addLayoutComponent(java.awt.Component, java.lang.Object):void | ', 'C:\\Users\\Zohaa Qamar\\Desktop\\For DP and Mallet\\hallway-rush\\trunk', 25),
(3, 121, 'Singleton: GameCore.GameEngine | uniqueInstance: private static GameCore.GameEngine game | ', 'C:\\Users\\Zohaa Qamar\\Desktop\\For DP and Mallet\\hallway-rush\\trunk', 25),
(3, 122, 'Singleton: GameElements.MainCharacter | uniqueInstance: private static GameElements.MainCharacter player | ', 'C:\\Users\\Zohaa Qamar\\Desktop\\For DP and Mallet\\hallway-rush\\trunk', 25),
(3, 123, 'Singleton: GameElements.PowerUpType | uniqueInstance: public static GameElements.PowerUpType hallwayrage | uniqueInstance: public static GameElements.PowerUpType health | uniqueInstance: public static GameElements.PowerUpType pushback | uniqueInstance: public static GameElements.PowerUpType acidPuddle | ', 'C:\\Users\\Zohaa Qamar\\Desktop\\For DP and Mallet\\hallway-rush\\trunk', 25),
(4, 124, 'Adaptee/Receiver: com.intellij.uiDesigner.core.DimensionInfo | Adapter/ConcreteCommand: com.intellij.uiDesigner.core.GridLayoutManager | Request()/Execute(): com.intellij.uiDesigner.core.GridLayoutManager::layoutContainer(java.awt.Container):void | ', 'C:\\Users\\Zohaa Qamar\\Desktop\\For DP and Mallet\\hallway-rush\\trunk', 25),
(4, 125, 'Adaptee/Receiver: com.intellij.uiDesigner.core.LayoutState | Adapter/ConcreteCommand: com.intellij.uiDesigner.core.GridLayoutManager | Request()/Execute(): com.intellij.uiDesigner.core.GridLayoutManager::layoutContainer(java.awt.Container):void | ', 'C:\\Users\\Zohaa Qamar\\Desktop\\For DP and Mallet\\hallway-rush\\trunk', 25),
(8, 126, 'Context: com.intellij.uiDesigner.core.GridLayoutManager | State/Strategy: com.intellij.uiDesigner.core.DimensionInfo | ', 'C:\\Users\\Zohaa Qamar\\Desktop\\For DP and Mallet\\hallway-rush\\trunk', 25),
(9, 127, 'AbstractClass: com.intellij.uiDesigner.core.DimensionInfo | TemplateMethod(): com.intellij.uiDesigner.core.DimensionInfo::calcCellSizePolicy(int):int | TemplateMethod(): com.intellij.uiDesigner.core.DimensionInfo::getCellSizePolicyFromInheriting(int):int | ', 'C:\\Users\\Zohaa Qamar\\Desktop\\For DP and Mallet\\hallway-rush\\trunk', 25),
(2, 128, 'Client: com.intellij.uiDesigner.core.AbstractLayout | Prototype: com.intellij.uiDesigner.core.GridConstraints | Operation(): com.intellij.uiDesigner.core.AbstractLayout::addLayoutComponent(java.awt.Component, java.lang.Object):void | ', 'C:\\Users\\Zohaa Qamar\\Desktop\\For DP and Mallet\\hallway-rush\\trunk', 26),
(3, 129, 'Singleton: GameCore.GameEngine | uniqueInstance: private static GameCore.GameEngine game | ', 'C:\\Users\\Zohaa Qamar\\Desktop\\For DP and Mallet\\hallway-rush\\trunk', 26),
(3, 130, 'Singleton: GameElements.MainCharacter | uniqueInstance: private static GameElements.MainCharacter player | ', 'C:\\Users\\Zohaa Qamar\\Desktop\\For DP and Mallet\\hallway-rush\\trunk', 26),
(3, 131, 'Singleton: GameElements.PowerUpType | uniqueInstance: public static GameElements.PowerUpType hallwayrage | uniqueInstance: public static GameElements.PowerUpType health | uniqueInstance: public static GameElements.PowerUpType pushback | uniqueInstance: public static GameElements.PowerUpType acidPuddle | ', 'C:\\Users\\Zohaa Qamar\\Desktop\\For DP and Mallet\\hallway-rush\\trunk', 26),
(4, 132, 'Adaptee/Receiver: com.intellij.uiDesigner.core.DimensionInfo | Adapter/ConcreteCommand: com.intellij.uiDesigner.core.GridLayoutManager | Request()/Execute(): com.intellij.uiDesigner.core.GridLayoutManager::layoutContainer(java.awt.Container):void | ', 'C:\\Users\\Zohaa Qamar\\Desktop\\For DP and Mallet\\hallway-rush\\trunk', 26),
(4, 133, 'Adaptee/Receiver: com.intellij.uiDesigner.core.LayoutState | Adapter/ConcreteCommand: com.intellij.uiDesigner.core.GridLayoutManager | Request()/Execute(): com.intellij.uiDesigner.core.GridLayoutManager::layoutContainer(java.awt.Container):void | ', 'C:\\Users\\Zohaa Qamar\\Desktop\\For DP and Mallet\\hallway-rush\\trunk', 26),
(8, 134, 'Context: com.intellij.uiDesigner.core.GridLayoutManager | State/Strategy: com.intellij.uiDesigner.core.DimensionInfo | ', 'C:\\Users\\Zohaa Qamar\\Desktop\\For DP and Mallet\\hallway-rush\\trunk', 26),
(9, 135, 'AbstractClass: com.intellij.uiDesigner.core.DimensionInfo | TemplateMethod(): com.intellij.uiDesigner.core.DimensionInfo::calcCellSizePolicy(int):int | TemplateMethod(): com.intellij.uiDesigner.core.DimensionInfo::getCellSizePolicyFromInheriting(int):int | ', 'C:\\Users\\Zohaa Qamar\\Desktop\\For DP and Mallet\\hallway-rush\\trunk', 26),
(8, 136, 'State/Strategy: Character | Context: DungeonMaster | ', 'C:\\Users\\Zohaa Qamar\\Desktop\\For DP and Mallet\\dungeonmaster', 27),
(8, 137, 'State/Strategy: Character | Context: DungeonMaster | ', 'C:\\Users\\Zohaa Qamar\\Desktop\\For DP and Mallet\\dungeonmaster', 28),
(2, 138, 'Client: com.intellij.uiDesigner.core.AbstractLayout | Prototype: com.intellij.uiDesigner.core.GridConstraints | Operation(): com.intellij.uiDesigner.core.AbstractLayout::addLayoutComponent(java.awt.Component, java.lang.Object):void | ', 'C:\\Users\\Zohaa Qamar\\Desktop\\For DP and Mallet\\hallway-rush\\trunk', 29),
(3, 139, 'Singleton: GameCore.GameEngine | uniqueInstance: private static GameCore.GameEngine game | ', 'C:\\Users\\Zohaa Qamar\\Desktop\\For DP and Mallet\\hallway-rush\\trunk', 29),
(3, 140, 'Singleton: GameElements.MainCharacter | uniqueInstance: private static GameElements.MainCharacter player | ', 'C:\\Users\\Zohaa Qamar\\Desktop\\For DP and Mallet\\hallway-rush\\trunk', 29),
(3, 141, 'Singleton: GameElements.PowerUpType | uniqueInstance: public static GameElements.PowerUpType hallwayrage | uniqueInstance: public static GameElements.PowerUpType health | uniqueInstance: public static GameElements.PowerUpType pushback | uniqueInstance: public static GameElements.PowerUpType acidPuddle | ', 'C:\\Users\\Zohaa Qamar\\Desktop\\For DP and Mallet\\hallway-rush\\trunk', 29),
(4, 142, 'Adaptee/Receiver: com.intellij.uiDesigner.core.DimensionInfo | Adapter/ConcreteCommand: com.intellij.uiDesigner.core.GridLayoutManager | Request()/Execute(): com.intellij.uiDesigner.core.GridLayoutManager::layoutContainer(java.awt.Container):void | ', 'C:\\Users\\Zohaa Qamar\\Desktop\\For DP and Mallet\\hallway-rush\\trunk', 29),
(4, 143, 'Adaptee/Receiver: com.intellij.uiDesigner.core.LayoutState | Adapter/ConcreteCommand: com.intellij.uiDesigner.core.GridLayoutManager | Request()/Execute(): com.intellij.uiDesigner.core.GridLayoutManager::layoutContainer(java.awt.Container):void | ', 'C:\\Users\\Zohaa Qamar\\Desktop\\For DP and Mallet\\hallway-rush\\trunk', 29),
(8, 144, 'Context: com.intellij.uiDesigner.core.GridLayoutManager | State/Strategy: com.intellij.uiDesigner.core.DimensionInfo | ', 'C:\\Users\\Zohaa Qamar\\Desktop\\For DP and Mallet\\hallway-rush\\trunk', 29),
(9, 145, 'AbstractClass: com.intellij.uiDesigner.core.DimensionInfo | TemplateMethod(): com.intellij.uiDesigner.core.DimensionInfo::calcCellSizePolicy(int):int | TemplateMethod(): com.intellij.uiDesigner.core.DimensionInfo::getCellSizePolicyFromInheriting(int):int | ', 'C:\\Users\\Zohaa Qamar\\Desktop\\For DP and Mallet\\hallway-rush\\trunk', 29);

-- --------------------------------------------------------

--
-- Table structure for table `patterns`
--

CREATE TABLE IF NOT EXISTS `patterns` (
  `name` text NOT NULL,
  `patternID` int(11) NOT NULL
) ENGINE=InnoDB AUTO_INCREMENT=13 DEFAULT CHARSET=latin1;

--
-- Dumping data for table `patterns`
--

INSERT INTO `patterns` (`name`, `patternID`) VALUES
('Factory Method', 1),
('Prototype', 2),
('Singleton', 3),
('(Object)Adapter-Command', 4),
('Composite', 5),
('Decorator', 6),
('Observer', 7),
('State-Strategy', 8),
('Template Method', 9),
('Visitor', 10),
('Proxy', 11),
('Proxy2', 12);

--
-- Indexes for dumped tables
--

--
-- Indexes for table `classnames`
--
ALTER TABLE `classnames`
  ADD KEY `className` (`className`),
  ADD KEY `elementName` (`roleName`),
  ADD KEY `className_2` (`className`),
  ADD KEY `className_3` (`className`),
  ADD KEY `ID_2` (`roleName`,`className`);

--
-- Indexes for table `domaintokeywords`
--
ALTER TABLE `domaintokeywords`
  ADD PRIMARY KEY (`keywordID`);

--
-- Indexes for table `domaintopics`
--
ALTER TABLE `domaintopics`
  ADD PRIMARY KEY (`topicID`);

--
-- Indexes for table `file_directory`
--
ALTER TABLE `file_directory`
  ADD PRIMARY KEY (`ID`);

--
-- Indexes for table `lookupwords`
--
ALTER TABLE `lookupwords`
  ADD PRIMARY KEY (`WordId`);

--
-- Indexes for table `methodnames`
--
ALTER TABLE `methodnames`
  ADD KEY `methodName` (`methodName`),
  ADD KEY `rollName_2` (`roleName`),
  ADD FULLTEXT KEY `rollName` (`roleName`,`methodName`);

--
-- Indexes for table `patterninstance`
--
ALTER TABLE `patterninstance`
  ADD PRIMARY KEY (`patternInstanceID`);

--
-- Indexes for table `patterns`
--
ALTER TABLE `patterns`
  ADD PRIMARY KEY (`patternID`),
  ADD UNIQUE KEY `patternID` (`patternID`);

--
-- AUTO_INCREMENT for dumped tables
--

--
-- AUTO_INCREMENT for table `domaintokeywords`
--
ALTER TABLE `domaintokeywords`
  MODIFY `keywordID` int(100) NOT NULL AUTO_INCREMENT,AUTO_INCREMENT=1005;
--
-- AUTO_INCREMENT for table `domaintopics`
--
ALTER TABLE `domaintopics`
  MODIFY `topicID` int(100) NOT NULL AUTO_INCREMENT,AUTO_INCREMENT=188;
--
-- AUTO_INCREMENT for table `file_directory`
--
ALTER TABLE `file_directory`
  MODIFY `ID` int(100) NOT NULL AUTO_INCREMENT,AUTO_INCREMENT=31;
--
-- AUTO_INCREMENT for table `lookupwords`
--
ALTER TABLE `lookupwords`
  MODIFY `WordId` int(11) NOT NULL AUTO_INCREMENT;
--
-- AUTO_INCREMENT for table `patterninstance`
--
ALTER TABLE `patterninstance`
  MODIFY `patternInstanceID` int(100) NOT NULL AUTO_INCREMENT,AUTO_INCREMENT=146;
--
-- AUTO_INCREMENT for table `patterns`
--
ALTER TABLE `patterns`
  MODIFY `patternID` int(11) NOT NULL AUTO_INCREMENT,AUTO_INCREMENT=13;
/*!40101 SET CHARACTER_SET_CLIENT=@OLD_CHARACTER_SET_CLIENT */;
/*!40101 SET CHARACTER_SET_RESULTS=@OLD_CHARACTER_SET_RESULTS */;
/*!40101 SET COLLATION_CONNECTION=@OLD_COLLATION_CONNECTION */;
