-- phpMyAdmin SQL Dump
-- version 4.5.0.2
-- http://www.phpmyadmin.net
--
-- Host: 127.0.0.1
-- Generation Time: Nov 13, 2015 at 09:53 PM
-- Server version: 10.0.17-MariaDB
-- PHP Version: 5.6.14

SET SQL_MODE = "NO_AUTO_VALUE_ON_ZERO";
SET time_zone = "+00:00";


/*!40101 SET @OLD_CHARACTER_SET_CLIENT=@@CHARACTER_SET_CLIENT */;
/*!40101 SET @OLD_CHARACTER_SET_RESULTS=@@CHARACTER_SET_RESULTS */;
/*!40101 SET @OLD_COLLATION_CONNECTION=@@COLLATION_CONNECTION */;
/*!40101 SET NAMES utf8mb4 */;

--
-- Database: `designpatternrepo`
--

-- --------------------------------------------------------

--
-- Table structure for table `classnames`
--

CREATE TABLE `classnames` (
  `patterID` int(100) NOT NULL,
  `rollName` varchar(100) NOT NULL COMMENT 'Element Name',
  `className` varchar(100) NOT NULL
) ENGINE=InnoDB DEFAULT CHARSET=latin1;

--
-- Dumping data for table `classnames`
--

INSERT INTO `classnames` (`patterID`, `rollName`, `className`) VALUES
(3, 'dsff', 'dgdfg'),
(5, 'Component', 'Entity'),
(5, 'Composite', 'Box'),
(5, 'Component', 'Entity'),
(5, 'Composite', 'Box'),
(5, 'Component', 'Entity'),
(5, 'Composite', 'Box'),
(5, 'Component', 'Component'),
(5, 'Composite', 'Composite'),
(10, 'ConcreteElement', 'Composite'),
(10, 'Visitor', 'Visitor'),
(10, 'ConcreteElement', 'Leaf'),
(10, 'Visitor', 'Visitor'),
(4, 'Adaptee/Receiver', 'Fan'),
(4, 'Adapter/ConcreteCommand', 'FanOffCommand'),
(4, 'Adaptee/Receiver', 'Fan'),
(4, 'Adapter/ConcreteCommand', 'FanOnCommand'),
(4, 'Adaptee/Receiver', 'Light'),
(4, 'Adapter/ConcreteCommand', 'LightOffCommand'),
(4, 'Adaptee/Receiver', 'Light'),
(4, 'Adapter/ConcreteCommand', 'LightOnCommand'),
(8, 'Context', 'StrategyDemo'),
(8, 'State/Strategy', 'Strategy'),
(9, 'AbstractClass', 'TemplateMethod1'),
(9, 'AbstractClass', 'TemplateMethod2'),
(1, 'Creator', 'Creator'),
(2, 'Client', 'PrototypesModule'),
(2, 'Prototype', 'Prototype'),
(3, 'Singleton', 'ClassicSingleton'),
(3, 'uniqueInstance', 'private static ClassicSingleton instance'),
(4, 'Adaptee/Receiver', 'Fan'),
(4, 'Adapter/ConcreteCommand', 'FanOffCommand'),
(4, 'Adaptee/Receiver', 'Fan'),
(4, 'Adapter/ConcreteCommand', 'FanOnCommand'),
(4, 'Adaptee/Receiver', 'Light'),
(4, 'Adapter/ConcreteCommand', 'LightOffCommand'),
(4, 'Adaptee/Receiver', 'Light'),
(4, 'Adapter/ConcreteCommand', 'LightOnCommand'),
(5, 'Component', 'Entity'),
(5, 'Composite', 'Box'),
(5, 'Component', 'Component'),
(5, 'Composite', 'Composite'),
(6, 'Component', 'Widget'),
(6, 'Decorator', 'Decorator'),
(6, 'component', 'private Widget wid'),
(7, 'Observer', 'Prototype'),
(7, 'Subject', 'PrototypesModule'),
(7, 'Observer', 'AlarmListener'),
(7, 'Subject', 'SensorSystem'),
(8, 'Context', 'Switch'),
(8, 'State/Strategy', 'Command'),
(8, 'Context', 'FSM'),
(8, 'State/Strategy', 'State'),
(8, 'Context', 'PrototypesModule'),
(8, 'State/Strategy', 'Prototype'),
(8, 'Context', 'StrategyDemo'),
(8, 'State/Strategy', 'Strategy'),
(9, 'AbstractClass', 'Creator'),
(9, 'AbstractClass', 'TemplateMethod1'),
(9, 'AbstractClass', 'TemplateMethod2'),
(9, 'AbstractClass', 'Generalization'),
(9, 'AbstractClass', 'Specialization'),
(10, 'ConcreteElement', 'Composite'),
(10, 'Visitor', 'Visitor'),
(10, 'ConcreteElement', 'Leaf'),
(10, 'Visitor', 'Visitor'),
(11, 'Proxy', 'ProxyImage'),
(11, 'RealSubject', 'RealImage'),
(4, 'Adaptee/Receiver', 'Fan'),
(4, 'Adapter/ConcreteCommand', 'FanOffCommand'),
(4, 'Adaptee/Receiver', 'Fan'),
(4, 'Adapter/ConcreteCommand', 'FanOnCommand'),
(4, 'Adaptee/Receiver', 'Light'),
(4, 'Adapter/ConcreteCommand', 'LightOffCommand'),
(4, 'Adaptee/Receiver', 'Light'),
(4, 'Adapter/ConcreteCommand', 'LightOnCommand'),
(8, 'Context', 'Switch'),
(8, 'State/Strategy', 'Command'),
(4, 'Adaptee/Receiver', 'Fan'),
(4, 'Adapter/ConcreteCommand', 'FanOffCommand'),
(4, 'Adaptee/Receiver', 'Fan'),
(4, 'Adapter/ConcreteCommand', 'FanOnCommand'),
(4, 'Adaptee/Receiver', 'Light'),
(4, 'Adapter/ConcreteCommand', 'LightOffCommand'),
(4, 'Adaptee/Receiver', 'Light'),
(4, 'Adapter/ConcreteCommand', 'LightOnCommand'),
(8, 'Context', 'Switch'),
(8, 'State/Strategy', 'Command'),
(4, 'Adaptee/Receiver', 'Fan'),
(4, 'Adapter/ConcreteCommand', 'FanOffCommand'),
(4, 'Adaptee/Receiver', 'Fan'),
(4, 'Adapter/ConcreteCommand', 'FanOnCommand'),
(4, 'Adaptee/Receiver', 'Light'),
(4, 'Adapter/ConcreteCommand', 'LightOffCommand'),
(4, 'Adaptee/Receiver', 'Light'),
(4, 'Adapter/ConcreteCommand', 'LightOnCommand'),
(8, 'Context', 'Switch'),
(8, 'State/Strategy', 'Command'),
(4, 'Adaptee/Receiver', 'Fan'),
(4, 'Adapter/ConcreteCommand', 'FanOffCommand'),
(4, 'Adaptee/Receiver', 'Fan'),
(4, 'Adapter/ConcreteCommand', 'FanOnCommand'),
(4, 'Adaptee/Receiver', 'Light'),
(4, 'Adapter/ConcreteCommand', 'LightOffCommand'),
(4, 'Adaptee/Receiver', 'Light'),
(4, 'Adapter/ConcreteCommand', 'LightOnCommand'),
(8, 'Context', 'Switch'),
(8, 'State/Strategy', 'Command'),
(1, 'Creator', 'Creator'),
(2, 'Client', 'PrototypesModule'),
(2, 'Prototype', 'Prototype'),
(3, 'Singleton', 'ClassicSingleton'),
(3, 'uniqueInstance', 'private static ClassicSingleton instance'),
(4, 'Adaptee/Receiver', 'Fan'),
(4, 'Adapter/ConcreteCommand', 'FanOffCommand'),
(4, 'Adaptee/Receiver', 'Fan'),
(4, 'Adapter/ConcreteCommand', 'FanOnCommand'),
(4, 'Adaptee/Receiver', 'Light'),
(4, 'Adapter/ConcreteCommand', 'LightOffCommand'),
(4, 'Adaptee/Receiver', 'Light'),
(4, 'Adapter/ConcreteCommand', 'LightOnCommand'),
(5, 'Component', 'Entity'),
(5, 'Composite', 'Box'),
(5, 'Component', 'Component'),
(5, 'Composite', 'Composite'),
(6, 'Component', 'Widget'),
(6, 'Decorator', 'Decorator'),
(6, 'component', 'private Widget wid'),
(7, 'Observer', 'Prototype'),
(7, 'Subject', 'PrototypesModule'),
(7, 'Observer', 'AlarmListener'),
(7, 'Subject', 'SensorSystem'),
(8, 'Context', 'Switch'),
(8, 'State/Strategy', 'Command'),
(8, 'Context', 'FSM'),
(8, 'State/Strategy', 'State'),
(8, 'Context', 'PrototypesModule'),
(8, 'State/Strategy', 'Prototype'),
(8, 'Context', 'StrategyDemo'),
(8, 'State/Strategy', 'Strategy'),
(9, 'AbstractClass', 'Creator'),
(9, 'AbstractClass', 'TemplateMethod1'),
(9, 'AbstractClass', 'TemplateMethod2'),
(9, 'AbstractClass', 'Generalization'),
(9, 'AbstractClass', 'Specialization'),
(10, 'ConcreteElement', 'Composite'),
(10, 'Visitor', 'Visitor'),
(10, 'ConcreteElement', 'Leaf'),
(10, 'Visitor', 'Visitor'),
(11, 'Proxy', 'ProxyImage'),
(11, 'RealSubject', 'RealImage'),
(4, 'Adaptee/Receiver', 'Fan'),
(4, 'Adapter/ConcreteCommand', 'FanOffCommand'),
(4, 'Adaptee/Receiver', 'Fan'),
(4, 'Adapter/ConcreteCommand', 'FanOffCommand'),
(8, 'Context', 'Switch'),
(8, 'State/Strategy', 'Command'),
(1, 'Creator', 'Creator'),
(2, 'Client', 'PrototypesModule'),
(2, 'Prototype', 'Prototype'),
(3, 'Singleton', 'ClassicSingleton'),
(3, 'uniqueInstance', 'private static ClassicSingleton instance'),
(4, 'Adaptee/Receiver', 'Fan'),
(4, 'Adapter/ConcreteCommand', 'FanOffCommand'),
(5, 'Component', 'Entity'),
(5, 'Composite', 'Box'),
(6, 'Component', 'Widget'),
(6, 'Decorator', 'Decorator'),
(6, 'component', 'private Widget wid'),
(7, 'Observer', 'Prototype'),
(7, 'Subject', 'PrototypesModule'),
(8, 'Context', 'Switch'),
(8, 'State/Strategy', 'Command'),
(8, 'Context', 'FSM'),
(8, 'State/Strategy', 'State'),
(8, 'Context', 'PrototypesModule'),
(8, 'State/Strategy', 'Prototype'),
(8, 'Context', 'StrategyDemo'),
(8, 'State/Strategy', 'Strategy'),
(9, 'AbstractClass', 'Creator'),
(10, 'ConcreteElement', 'Composite'),
(10, 'Visitor', 'Visitor'),
(11, 'Proxy', 'ProxyImage'),
(11, 'RealSubject', 'RealImage'),
(1, 'Creator', 'Creator'),
(2, 'Client', 'PrototypesModule'),
(2, 'Prototype', 'Prototype'),
(3, 'Singleton', 'ClassicSingleton'),
(3, 'uniqueInstance', 'private static ClassicSingleton instance'),
(4, 'Adaptee/Receiver', 'Fan'),
(4, 'Adapter/ConcreteCommand', 'FanOffCommand'),
(4, 'Adaptee/Receiver', 'Fan'),
(4, 'Adapter/ConcreteCommand', 'FanOnCommand'),
(4, 'Adaptee/Receiver', 'Light'),
(4, 'Adapter/ConcreteCommand', 'LightOffCommand'),
(4, 'Adaptee/Receiver', 'Light'),
(4, 'Adapter/ConcreteCommand', 'LightOnCommand'),
(5, 'Component', 'Entity'),
(5, 'Composite', 'Box'),
(5, 'Component', 'Component'),
(5, 'Composite', 'Composite'),
(6, 'Component', 'Widget'),
(6, 'Decorator', 'Decorator'),
(6, 'component', 'private Widget wid'),
(7, 'Observer', 'Prototype'),
(7, 'Subject', 'PrototypesModule'),
(7, 'Observer', 'AlarmListener'),
(7, 'Subject', 'SensorSystem'),
(8, 'Context', 'Switch'),
(8, 'State/Strategy', 'Command'),
(8, 'Context', 'FSM'),
(8, 'State/Strategy', 'State'),
(8, 'Context', 'PrototypesModule'),
(8, 'State/Strategy', 'Prototype'),
(8, 'Context', 'StrategyDemo'),
(8, 'State/Strategy', 'Strategy'),
(9, 'AbstractClass', 'Creator'),
(9, 'AbstractClass', 'TemplateMethod1'),
(9, 'AbstractClass', 'TemplateMethod2'),
(9, 'AbstractClass', 'Generalization'),
(9, 'AbstractClass', 'Specialization'),
(10, 'ConcreteElement', 'Composite'),
(10, 'Visitor', 'Visitor'),
(10, 'ConcreteElement', 'Leaf'),
(10, 'Visitor', 'Visitor'),
(11, 'Proxy', 'ProxyImage'),
(11, 'RealSubject', 'RealImage'),
(1, 'Creator', 'Creator'),
(2, 'Client', 'PrototypesModule'),
(2, 'Prototype', 'Prototype'),
(3, 'Singleton', 'ClassicSingleton'),
(3, 'uniqueInstance', 'private static ClassicSingleton instance'),
(4, 'Adaptee/Receiver', 'Fan'),
(4, 'Adapter/ConcreteCommand', 'FanOffCommand'),
(4, 'Adaptee/Receiver', 'Fan'),
(4, 'Adapter/ConcreteCommand', 'FanOnCommand'),
(4, 'Adaptee/Receiver', 'Light'),
(4, 'Adapter/ConcreteCommand', 'LightOffCommand'),
(4, 'Adaptee/Receiver', 'Light'),
(4, 'Adapter/ConcreteCommand', 'LightOnCommand'),
(5, 'Component', 'Entity'),
(5, 'Composite', 'Box'),
(5, 'Component', 'Component'),
(5, 'Composite', 'Composite'),
(6, 'Component', 'Widget'),
(6, 'Decorator', 'Decorator'),
(6, 'component', 'private Widget wid'),
(7, 'Observer', 'Prototype'),
(7, 'Subject', 'PrototypesModule'),
(7, 'Observer', 'AlarmListener'),
(7, 'Subject', 'SensorSystem'),
(8, 'Context', 'Switch'),
(8, 'State/Strategy', 'Command'),
(8, 'Context', 'FSM'),
(8, 'State/Strategy', 'State'),
(8, 'Context', 'PrototypesModule'),
(8, 'State/Strategy', 'Prototype'),
(8, 'Context', 'StrategyDemo'),
(8, 'State/Strategy', 'Strategy'),
(9, 'AbstractClass', 'Creator'),
(9, 'AbstractClass', 'TemplateMethod1'),
(9, 'AbstractClass', 'TemplateMethod2'),
(9, 'AbstractClass', 'Generalization'),
(9, 'AbstractClass', 'Specialization'),
(10, 'ConcreteElement', 'Composite'),
(10, 'Visitor', 'Visitor'),
(10, 'ConcreteElement', 'Leaf'),
(10, 'Visitor', 'Visitor'),
(11, 'Proxy', 'ProxyImage'),
(11, 'RealSubject', 'RealImage'),
(1, 'Creator', 'Creator'),
(2, 'Client', 'PrototypesModule'),
(2, 'Prototype', 'Prototype'),
(3, 'Singleton', 'ClassicSingleton'),
(3, 'uniqueInstance', 'private static ClassicSingleton instance'),
(4, 'Adaptee/Receiver', 'Fan'),
(4, 'Adapter/ConcreteCommand', 'FanOffCommand'),
(4, 'Adaptee/Receiver', 'Fan'),
(4, 'Adapter/ConcreteCommand', 'FanOnCommand'),
(4, 'Adaptee/Receiver', 'Light'),
(4, 'Adapter/ConcreteCommand', 'LightOffCommand'),
(4, 'Adaptee/Receiver', 'Light'),
(4, 'Adapter/ConcreteCommand', 'LightOnCommand'),
(5, 'Component', 'Entity'),
(5, 'Composite', 'Box'),
(5, 'Component', 'Component'),
(5, 'Composite', 'Composite'),
(6, 'Component', 'Widget'),
(6, 'Decorator', 'Decorator'),
(6, 'component', 'private Widget wid'),
(7, 'Observer', 'Prototype'),
(7, 'Subject', 'PrototypesModule'),
(7, 'Observer', 'AlarmListener'),
(7, 'Subject', 'SensorSystem'),
(8, 'Context', 'Switch'),
(8, 'State/Strategy', 'Command'),
(8, 'Context', 'FSM'),
(8, 'State/Strategy', 'State'),
(8, 'Context', 'PrototypesModule'),
(8, 'State/Strategy', 'Prototype'),
(8, 'Context', 'StrategyDemo'),
(8, 'State/Strategy', 'Strategy'),
(9, 'AbstractClass', 'Creator'),
(9, 'AbstractClass', 'TemplateMethod1'),
(9, 'AbstractClass', 'TemplateMethod2'),
(9, 'AbstractClass', 'Generalization'),
(9, 'AbstractClass', 'Specialization'),
(10, 'ConcreteElement', 'Composite'),
(10, 'Visitor', 'Visitor'),
(10, 'ConcreteElement', 'Leaf'),
(10, 'Visitor', 'Visitor'),
(11, 'Proxy', 'ProxyImage'),
(11, 'RealSubject', 'RealImage'),
(1, 'Creator', 'Creator'),
(2, 'Client', 'PrototypesModule'),
(2, 'Prototype', 'Prototype'),
(3, 'Singleton', 'ClassicSingleton'),
(3, 'uniqueInstance', 'private static ClassicSingleton instance'),
(4, 'Adaptee/Receiver', 'Fan'),
(4, 'Adapter/ConcreteCommand', 'FanOffCommand'),
(4, 'Adaptee/Receiver', 'Fan'),
(4, 'Adapter/ConcreteCommand', 'FanOnCommand'),
(4, 'Adaptee/Receiver', 'Light'),
(4, 'Adapter/ConcreteCommand', 'LightOffCommand'),
(4, 'Adaptee/Receiver', 'Light'),
(4, 'Adapter/ConcreteCommand', 'LightOnCommand'),
(5, 'Component', 'Entity'),
(5, 'Composite', 'Box'),
(5, 'Component', 'Component'),
(5, 'Composite', 'Composite'),
(6, 'Component', 'Widget'),
(6, 'Decorator', 'Decorator'),
(6, 'component', 'private Widget wid'),
(7, 'Observer', 'Prototype'),
(7, 'Subject', 'PrototypesModule'),
(7, 'Observer', 'AlarmListener'),
(7, 'Subject', 'SensorSystem'),
(8, 'Context', 'Switch'),
(8, 'State/Strategy', 'Command'),
(8, 'Context', 'FSM'),
(8, 'State/Strategy', 'State'),
(8, 'Context', 'PrototypesModule'),
(8, 'State/Strategy', 'Prototype'),
(8, 'Context', 'StrategyDemo'),
(8, 'State/Strategy', 'Strategy'),
(9, 'AbstractClass', 'Creator'),
(9, 'AbstractClass', 'TemplateMethod1'),
(9, 'AbstractClass', 'TemplateMethod2'),
(9, 'AbstractClass', 'Generalization'),
(9, 'AbstractClass', 'Specialization'),
(10, 'ConcreteElement', 'Composite'),
(10, 'Visitor', 'Visitor'),
(10, 'ConcreteElement', 'Leaf'),
(10, 'Visitor', 'Visitor'),
(11, 'Proxy', 'ProxyImage'),
(11, 'RealSubject', 'RealImage'),
(4, 'Adaptee/Receiver', 'com.javapapers.designpattern.command.ConsumerElectronics'),
(4, 'Adapter/ConcreteCommand', 'com.javapapers.designpattern.command.OnCommand'),
(8, 'Context', 'com.javapapers.designpattern.command.Button'),
(8, 'State/Strategy', 'com.javapapers.designpattern.command.Command'),
(8, 'Context', 'com.javapapers.designpattern.command.OnCommand'),
(8, 'State/Strategy', 'com.javapapers.designpattern.command.ConsumerElectronics'),
(5, 'Component', 'org.arpit.javapostsforlearning.designpatterns.Employee'),
(5, 'Composite', 'org.arpit.javapostsforlearning.designpatterns.Manager'),
(4, 'Adaptee/Receiver', 'com.javapapers.designpattern.command.ConsumerElectronics'),
(4, 'Adapter/ConcreteCommand', 'com.javapapers.designpattern.command.OnCommand'),
(4, 'Adaptee/Receiver', 'com.javapapers.designpattern.command.ConsumerElectronics'),
(4, 'Adapter/ConcreteCommand', 'com.javapapers.designpattern.command.OnCommand'),
(8, 'Context', 'com.javapapers.designpattern.command.Button'),
(8, 'State/Strategy', 'com.javapapers.designpattern.command.Command'),
(8, 'Context', 'com.javapapers.designpattern.command.OnCommand'),
(8, 'State/Strategy', 'com.javapapers.designpattern.command.ConsumerElectronics'),
(4, 'Adaptee/Receiver', 'com.javapapers.designpattern.command.ConsumerElectronics'),
(4, 'Adapter/ConcreteCommand', 'com.javapapers.designpattern.command.OnCommand'),
(8, 'Context', 'com.javapapers.designpattern.command.Button'),
(8, 'State/Strategy', 'com.javapapers.designpattern.command.Command'),
(8, 'Context', 'com.javapapers.designpattern.command.OnCommand'),
(8, 'State/Strategy', 'com.javapapers.designpattern.command.ConsumerElectronics'),
(4, 'Adaptee/Receiver', 'com.javapapers.designpattern.command.ConsumerElectronics'),
(4, 'Adapter/ConcreteCommand', 'com.javapapers.designpattern.command.OnCommand'),
(8, 'Context', 'com.javapapers.designpattern.command.Button'),
(8, 'State/Strategy', 'com.javapapers.designpattern.command.Command'),
(8, 'Context', 'com.javapapers.designpattern.command.OnCommand'),
(8, 'State/Strategy', 'com.javapapers.designpattern.command.ConsumerElectronics'),
(4, 'Adaptee/Receiver', 'com.javapapers.designpattern.command.ConsumerElectronics'),
(4, 'Adapter/ConcreteCommand', 'com.javapapers.designpattern.command.OnCommand'),
(8, 'Context', 'com.javapapers.designpattern.command.Button'),
(8, 'State/Strategy', 'com.javapapers.designpattern.command.Command'),
(8, 'Context', 'com.javapapers.designpattern.command.OnCommand'),
(8, 'State/Strategy', 'com.javapapers.designpattern.command.ConsumerElectronics'),
(5, 'Component', 'org.arpit.javapostsforlearning.designpatterns.Employee'),
(5, 'Composite', 'org.arpit.javapostsforlearning.designpatterns.Manager');

-- --------------------------------------------------------

--
-- Table structure for table `commentstopattern`
--

CREATE TABLE `commentstopattern` (
  `patterID` int(100) NOT NULL,
  `WordID` int(100) NOT NULL,
  `Word` varchar(10000) NOT NULL
) ENGINE=InnoDB DEFAULT CHARSET=latin1;

--
-- Dumping data for table `commentstopattern`
--

INSERT INTO `commentstopattern` (`patterID`, `WordID`, `Word`) VALUES
(4, 1, 'FileWriter'),
(4, 2, 'fileWritter'),
(4, 3, 'FileWriter(outfileName,true)'),
(4, 4, 'BufferedWriter'),
(4, 5, 'writer'),
(4, 6, 'BufferedWriter(fileWritter);'),
(4, 7, 'OnCommand'),
(4, 8, 'instantiated'),
(4, 9, 'based'),
(4, 10, 'active'),
(4, 11, 'device'),
(4, 12, 'supplied'),
(4, 13, 'Remote'),
(4, 14, 'Accesing'),
(4, 15, 'driver'),
(4, 16, 'from'),
(4, 17, 'file'),
(4, 18, 'Creating'),
(4, 19, 'variable'),
(4, 20, 'connection'),
(4, 21, 'localhost:3306derp","root","");'),
(4, 22, 'jdbc:mysql:localhost:3306derp->is'),
(4, 23, 'database'),
(4, 24, 'root'),
(4, 25, 'username'),
(4, 26, 'password'),
(4, 18, 'creating'),
(4, 27, 'query'),
(4, 28, 'executing'),
(4, 29, 'comment'),
(4, 30, 'first'),
(4, 29, 'comment'),
(4, 31, 'CONSTRUCTOR'),
(4, 32, 'long'),
(4, 33, 'another'),
(4, 34, 'single'),
(4, 35, 'line'),
(4, 36, 'Also'),
(4, 37, 'more'),
(4, 38, 'javadoc'),
(4, 39, 'cmnt'),
(4, 40, 'trick'),
(4, 41, 'help'),
(4, 42, 'debugging'),
(4, 31, 'Constructor'),
(4, 43, 'turn'),
(4, 44, 'Default'),
(4, 31, 'constructor'),
(4, 45, 'Invokes'),
(4, 46, 'parameter'),
(4, 47, 'Point2D'),
(4, 48, 'Note'),
(4, 49, 'this()'),
(4, 50, 'invocation'),
(4, 51, 'must'),
(4, 52, 'BEGINNING'),
(4, 53, 'statement'),
(4, 54, 'body'),
(4, 33, 'Another'),
(4, 55, 'consructor'),
(4, 56, 'better'),
(4, 57, 'method'),
(4, 58, 'would'),
(4, 59, 'replace'),
(4, 60, 'above'),
(4, 61, 'code'),
(4, 62, '(pt.getX(),'),
(4, 63, 'pt.getY());'),
(4, 64, 'especially'),
(4, 65, 'since'),
(4, 66, 'does'),
(4, 67, 'initialize'),
(4, 19, 'variable'),
(4, 68, 'debug.'),
(4, 69, 'reusing'),
(4, 70, 'already'),
(4, 71, 'working.'),
(4, 72, 'print'),
(4, 73, 'string'),
(4, 74, 'only'),
(4, 75, '"debug"'),
(4, 76, 'data'),
(4, 77, 'member'),
(4, 78, 'true'),
(4, 79, 'check'),
(4, 80, 'dprint()'),
(4, 81, 'coordinates'),
(4, 82, 'point--instance'),
(4, 83, 'variables'),
(4, 84, 'have'),
(4, 85, 'complex'),
(4, 86, 'electronic'),
(4, 87, 'circuit'),
(4, 88, 'maintain'),
(4, 89, 'current'),
(4, 11, 'device'),
(8, 1, 'FileWriter'),
(8, 2, 'fileWritter'),
(8, 3, 'FileWriter(outfileName,true)'),
(8, 4, 'BufferedWriter'),
(8, 5, 'writer'),
(8, 6, 'BufferedWriter(fileWritter);'),
(8, 7, 'OnCommand'),
(8, 8, 'instantiated'),
(8, 9, 'based'),
(8, 10, 'active'),
(8, 11, 'device'),
(8, 12, 'supplied'),
(8, 13, 'Remote'),
(8, 14, 'Accesing'),
(8, 15, 'driver'),
(8, 16, 'from'),
(8, 17, 'file'),
(8, 18, 'Creating'),
(8, 19, 'variable'),
(8, 20, 'connection'),
(8, 21, 'localhost:3306derp","root","");'),
(8, 22, 'jdbc:mysql:localhost:3306derp->is'),
(8, 23, 'database'),
(8, 24, 'root'),
(8, 25, 'username'),
(8, 26, 'password'),
(8, 18, 'creating'),
(8, 27, 'query'),
(8, 28, 'executing'),
(8, 29, 'comment'),
(8, 30, 'first'),
(8, 29, 'comment'),
(8, 31, 'CONSTRUCTOR'),
(8, 32, 'long'),
(8, 33, 'another'),
(8, 34, 'single'),
(8, 35, 'line'),
(8, 36, 'Also'),
(8, 37, 'more'),
(8, 38, 'javadoc'),
(8, 39, 'cmnt'),
(8, 40, 'trick'),
(8, 41, 'help'),
(8, 42, 'debugging'),
(8, 31, 'Constructor'),
(8, 43, 'turn'),
(8, 44, 'Default'),
(8, 31, 'constructor'),
(8, 45, 'Invokes'),
(8, 46, 'parameter'),
(8, 47, 'Point2D'),
(8, 48, 'Note'),
(8, 49, 'this()'),
(8, 50, 'invocation'),
(8, 51, 'must'),
(8, 52, 'BEGINNING'),
(8, 53, 'statement'),
(8, 54, 'body'),
(8, 33, 'Another'),
(8, 55, 'consructor'),
(8, 56, 'better'),
(8, 57, 'method'),
(8, 58, 'would'),
(8, 59, 'replace'),
(8, 60, 'above'),
(8, 61, 'code'),
(8, 62, '(pt.getX(),'),
(8, 63, 'pt.getY());'),
(8, 64, 'especially'),
(8, 65, 'since'),
(8, 66, 'does'),
(8, 67, 'initialize'),
(8, 19, 'variable'),
(8, 68, 'debug.'),
(8, 69, 'reusing'),
(8, 70, 'already'),
(8, 71, 'working.'),
(8, 72, 'print'),
(8, 73, 'string'),
(8, 74, 'only'),
(8, 75, '"debug"'),
(8, 76, 'data'),
(8, 77, 'member'),
(8, 78, 'true'),
(8, 79, 'check'),
(8, 80, 'dprint()'),
(8, 81, 'coordinates'),
(8, 82, 'point--instance'),
(8, 83, 'variables'),
(8, 84, 'have'),
(8, 85, 'complex'),
(8, 86, 'electronic'),
(8, 87, 'circuit'),
(8, 88, 'maintain'),
(8, 89, 'current'),
(8, 11, 'device'),
(4, 1, 'FileWriter'),
(4, 2, 'fileWritter'),
(4, 3, 'FileWriter(outfileName,true)'),
(4, 4, 'BufferedWriter'),
(4, 5, 'writer'),
(4, 6, 'BufferedWriter(fileWritter);'),
(4, 7, 'OnCommand'),
(4, 8, 'instantiated'),
(4, 9, 'based'),
(4, 10, 'active'),
(4, 11, 'device'),
(4, 12, 'supplied'),
(4, 13, 'Remote'),
(4, 14, 'Accesing'),
(4, 15, 'driver'),
(4, 16, 'from'),
(4, 17, 'file'),
(4, 18, 'Creating'),
(4, 19, 'variable'),
(4, 20, 'connection'),
(4, 21, 'localhost:3306derp","root","");'),
(4, 22, 'jdbc:mysql:localhost:3306derp->is'),
(4, 23, 'database'),
(4, 24, 'root'),
(4, 25, 'username'),
(4, 26, 'password'),
(4, 18, 'creating'),
(4, 27, 'query'),
(4, 28, 'executing'),
(4, 29, 'comment'),
(4, 30, 'first'),
(4, 29, 'comment'),
(4, 31, 'CONSTRUCTOR'),
(4, 32, 'long'),
(4, 33, 'another'),
(4, 34, 'single'),
(4, 35, 'line'),
(4, 36, 'Also'),
(4, 37, 'more'),
(4, 38, 'javadoc'),
(4, 39, 'cmnt'),
(4, 40, 'trick'),
(4, 41, 'help'),
(4, 42, 'debugging'),
(4, 31, 'Constructor'),
(4, 43, 'turn'),
(4, 44, 'Default'),
(4, 31, 'constructor'),
(4, 45, 'Invokes'),
(4, 46, 'parameter'),
(4, 47, 'Point2D'),
(4, 48, 'Note'),
(4, 49, 'this()'),
(4, 50, 'invocation'),
(4, 51, 'must'),
(4, 52, 'BEGINNING'),
(4, 53, 'statement'),
(4, 54, 'body'),
(4, 33, 'Another'),
(4, 55, 'consructor'),
(4, 56, 'better'),
(4, 57, 'method'),
(4, 58, 'would'),
(4, 59, 'replace'),
(4, 60, 'above'),
(4, 61, 'code'),
(4, 62, '(pt.getX(),'),
(4, 63, 'pt.getY());'),
(4, 64, 'especially'),
(4, 65, 'since'),
(4, 66, 'does'),
(4, 67, 'initialize'),
(4, 19, 'variable'),
(4, 68, 'debug.'),
(4, 69, 'reusing'),
(4, 70, 'already'),
(4, 71, 'working.'),
(4, 72, 'print'),
(4, 73, 'string'),
(4, 74, 'only'),
(4, 75, '"debug"'),
(4, 76, 'data'),
(4, 77, 'member'),
(4, 78, 'true'),
(4, 79, 'check'),
(4, 80, 'dprint()'),
(4, 81, 'coordinates'),
(4, 82, 'point--instance'),
(4, 83, 'variables'),
(4, 84, 'have'),
(4, 85, 'complex'),
(4, 86, 'electronic'),
(4, 87, 'circuit'),
(4, 88, 'maintain'),
(4, 89, 'current'),
(4, 11, 'device'),
(8, 1, 'FileWriter'),
(8, 2, 'fileWritter'),
(8, 3, 'FileWriter(outfileName,true)'),
(8, 4, 'BufferedWriter'),
(8, 5, 'writer'),
(8, 6, 'BufferedWriter(fileWritter);'),
(8, 7, 'OnCommand'),
(8, 8, 'instantiated'),
(8, 9, 'based'),
(8, 10, 'active'),
(8, 11, 'device'),
(8, 12, 'supplied'),
(8, 13, 'Remote'),
(8, 14, 'Accesing'),
(8, 15, 'driver'),
(8, 16, 'from'),
(8, 17, 'file'),
(8, 18, 'Creating'),
(8, 19, 'variable'),
(8, 20, 'connection'),
(8, 21, 'localhost:3306derp","root","");'),
(8, 22, 'jdbc:mysql:localhost:3306derp->is'),
(8, 23, 'database'),
(8, 24, 'root'),
(8, 25, 'username'),
(8, 26, 'password'),
(8, 18, 'creating'),
(8, 27, 'query'),
(8, 28, 'executing'),
(8, 29, 'comment'),
(8, 30, 'first'),
(8, 29, 'comment'),
(8, 31, 'CONSTRUCTOR'),
(8, 32, 'long'),
(8, 33, 'another'),
(8, 34, 'single'),
(8, 35, 'line'),
(8, 36, 'Also'),
(8, 37, 'more'),
(8, 38, 'javadoc'),
(8, 39, 'cmnt'),
(8, 40, 'trick'),
(8, 41, 'help'),
(8, 42, 'debugging'),
(8, 31, 'Constructor'),
(8, 43, 'turn'),
(8, 44, 'Default'),
(8, 31, 'constructor'),
(8, 45, 'Invokes'),
(8, 46, 'parameter'),
(8, 47, 'Point2D'),
(8, 48, 'Note'),
(8, 49, 'this()'),
(8, 50, 'invocation'),
(8, 51, 'must'),
(8, 52, 'BEGINNING'),
(8, 53, 'statement'),
(8, 54, 'body'),
(8, 33, 'Another'),
(8, 55, 'consructor'),
(8, 56, 'better'),
(8, 57, 'method'),
(8, 58, 'would'),
(8, 59, 'replace'),
(8, 60, 'above'),
(8, 61, 'code'),
(8, 62, '(pt.getX(),'),
(8, 63, 'pt.getY());'),
(8, 64, 'especially'),
(8, 65, 'since'),
(8, 66, 'does'),
(8, 67, 'initialize'),
(8, 19, 'variable'),
(8, 68, 'debug.'),
(8, 69, 'reusing'),
(8, 70, 'already'),
(8, 71, 'working.'),
(8, 72, 'print'),
(8, 73, 'string'),
(8, 74, 'only'),
(8, 75, '"debug"'),
(8, 76, 'data'),
(8, 77, 'member'),
(8, 78, 'true'),
(8, 79, 'check'),
(8, 80, 'dprint()'),
(8, 81, 'coordinates'),
(8, 82, 'point--instance'),
(8, 83, 'variables'),
(8, 84, 'have'),
(8, 85, 'complex'),
(8, 86, 'electronic'),
(8, 87, 'circuit'),
(8, 88, 'maintain'),
(8, 89, 'current'),
(8, 11, 'device'),
(5, 1, 'FileWriter'),
(5, 2, 'fileWritter'),
(5, 3, 'FileWriter(outfileName,true)'),
(5, 4, 'BufferedWriter'),
(5, 5, 'writer'),
(5, 6, 'BufferedWriter(fileWritter);'),
(5, 7, 'OnCommand'),
(5, 8, 'instantiated'),
(5, 9, 'based'),
(5, 10, 'active'),
(5, 11, 'device'),
(5, 12, 'supplied'),
(5, 13, 'Remote'),
(5, 90, 'leaf'),
(5, 91, 'node'),
(5, 57, 'method'),
(5, 92, 'applicable'),
(5, 93, 'class.'),
(5, 94, 'class,there'),
(5, 95, 'many'),
(5, 96, 'methods'),
(5, 97, 'which'),
(5, 98, 'developer'),
(5, 99, 'because'),
(5, 100, 'node.'),
(5, 14, 'Accesing'),
(5, 15, 'driver'),
(5, 16, 'from'),
(5, 17, 'file'),
(5, 18, 'Creating'),
(5, 19, 'variable'),
(5, 20, 'connection'),
(5, 21, 'localhost:3306derp","root","");'),
(5, 22, 'jdbc:mysql:localhost:3306derp->is'),
(5, 23, 'database'),
(5, 24, 'root'),
(5, 25, 'username'),
(5, 26, 'password'),
(5, 18, 'creating'),
(5, 27, 'query'),
(5, 28, 'executing'),
(5, 29, 'comment'),
(5, 30, 'first'),
(5, 29, 'comment'),
(5, 31, 'CONSTRUCTOR'),
(5, 32, 'long'),
(5, 33, 'another'),
(5, 34, 'single'),
(5, 35, 'line'),
(5, 36, 'Also'),
(5, 37, 'more'),
(5, 38, 'javadoc'),
(5, 39, 'cmnt'),
(5, 40, 'trick'),
(5, 41, 'help'),
(5, 42, 'debugging'),
(5, 31, 'Constructor'),
(5, 43, 'turn'),
(5, 44, 'Default'),
(5, 31, 'constructor'),
(5, 45, 'Invokes'),
(5, 46, 'parameter'),
(5, 47, 'Point2D'),
(5, 48, 'Note'),
(5, 49, 'this()'),
(5, 50, 'invocation'),
(5, 51, 'must'),
(5, 52, 'BEGINNING'),
(5, 53, 'statement'),
(5, 54, 'body'),
(5, 33, 'Another'),
(5, 55, 'consructor'),
(5, 56, 'better'),
(5, 57, 'method'),
(5, 58, 'would'),
(5, 59, 'replace'),
(5, 60, 'above'),
(5, 61, 'code'),
(5, 62, '(pt.getX(),'),
(5, 63, 'pt.getY());'),
(5, 64, 'especially'),
(5, 65, 'since'),
(5, 66, 'does'),
(5, 67, 'initialize'),
(5, 19, 'variable'),
(5, 68, 'debug.'),
(5, 69, 'reusing'),
(5, 70, 'already'),
(5, 71, 'working.'),
(5, 72, 'print'),
(5, 73, 'string'),
(5, 74, 'only'),
(5, 75, '"debug"'),
(5, 76, 'data'),
(5, 77, 'member'),
(5, 78, 'true'),
(5, 79, 'check'),
(5, 80, 'dprint()'),
(5, 81, 'coordinates'),
(5, 82, 'point--instance'),
(5, 83, 'variables'),
(5, 84, 'have'),
(5, 85, 'complex'),
(5, 86, 'electronic'),
(5, 87, 'circuit'),
(5, 88, 'maintain'),
(5, 89, 'current'),
(5, 11, 'device');

-- --------------------------------------------------------

--
-- Table structure for table `file_directory`
--

CREATE TABLE `file_directory` (
  `ID` int(100) NOT NULL,
  `Directory` text NOT NULL
) ENGINE=InnoDB DEFAULT CHARSET=latin1;

--
-- Dumping data for table `file_directory`
--

INSERT INTO `file_directory` (`ID`, `Directory`) VALUES
(1, 'gfdg'),
(2, 'D:\\DPSS\\Example Code\\huston\\Composite'),
(3, 'D:\\DPSS\\Example Code\\huston\\Command'),
(4, 'D:\\DPSS\\Example Code\\huston\\Command'),
(5, 'C:\\Users\\Natasha Khan\\Downloads\\huston'),
(6, 'C:\\Users\\Natasha Khan\\Downloads\\huston'),
(7, 'C:\\Users\\Natasha Khan\\Downloads\\huston'),
(8, 'C:\\Users\\Natasha Khan\\Downloads\\huston\\huston\\Composite'),
(9, 'C:\\Users\\Natasha Khan\\Downloads\\huston\\huston\\Composite'),
(10, 'C:\\Users\\Natasha Khan\\Downloads\\huston\\huston\\Composite'),
(11, 'C:\\Users\\Natasha Khan\\Downloads\\huston\\huston\\Command'),
(12, 'C:\\Users\\Natasha Khan\\Downloads\\huston\\huston\\Command'),
(13, 'C:\\Users\\Natasha Khan\\Downloads\\huston\\huston\\Command'),
(14, 'C:\\Users\\Natasha Khan\\Downloads\\huston\\huston\\Command'),
(15, 'C:\\Users\\Natasha Khan\\Downloads\\huston\\huston\\Command'),
(16, 'C:\\Users\\Natasha Khan\\Downloads\\huston\\huston\\Command'),
(17, 'C:\\Users\\Natasha Khan\\Downloads\\huston\\huston\\Command'),
(18, 'C:\\Users\\Natasha Khan\\Downloads\\huston\\huston\\Command'),
(19, 'C:\\Users\\Natasha Khan\\Downloads\\huston\\huston\\Command'),
(20, 'C:\\Users\\Natasha Khan\\Downloads\\huston\\huston\\Command'),
(21, 'C:\\Users\\Natasha Khan\\Downloads\\huston\\huston\\Command'),
(22, 'C:\\Users\\Natasha Khan\\Documents'),
(23, 'C:\\Users\\Natasha Khan\\Downloads\\huston\\huston\\Command'),
(24, 'C:\\Users\\Natasha Khan\\Downloads\\huston\\huston\\Command'),
(25, 'C:\\Users\\Natasha Khan\\Downloads\\huston\\huston\\Command'),
(26, 'C:\\Users\\Natasha Khan\\Downloads'),
(27, 'C:\\Users\\Natasha Khan\\Downloads\\huston\\huston\\Command'),
(28, 'C:\\Users\\Natasha Khan\\Downloads\\huston\\huston\\Command'),
(29, 'C:\\Users\\Natasha Khan\\Downloads\\huston\\huston\\Command'),
(30, 'C:\\Users\\Natasha Khan\\Downloads\\huston\\huston\\Command'),
(31, 'C:\\Users\\Natasha Khan\\Documents'),
(32, 'C:\\Users\\Natasha Khan\\Downloads\\huston\\huston\\Template_Method'),
(33, 'C:\\Users\\Natasha Khan\\Downloads\\huston\\huston\\Observer'),
(34, 'C:\\Users\\Natasha Khan\\Downloads\\huston\\huston\\Decorator'),
(35, 'C:\\Users\\Natasha Khan\\Downloads\\huston\\huston\\Command'),
(36, 'C:\\Users\\Natasha Khan\\Downloads\\huston\\huston\\Command'),
(37, 'C:\\Users\\Natasha Khan\\Downloads\\huston\\huston\\Command'),
(38, 'C:\\Users\\Natasha Khan\\Downloads\\huston\\huston\\Command'),
(39, 'C:\\Users\\Natasha Khan\\Downloads\\huston\\huston\\Command'),
(40, 'C:\\Users\\Natasha Khan\\Downloads\\huston\\huston\\Command'),
(41, 'C:\\Users\\Natasha Khan\\Downloads\\huston\\huston\\Command'),
(42, 'C:\\Users\\Natasha Khan\\Downloads\\huston\\huston\\Strategy+Template_Method'),
(43, 'C:\\Users\\Natasha Khan\\Downloads\\huston\\huston'),
(44, 'C:\\Users\\Natasha Khan\\Downloads\\huston\\huston\\Command'),
(45, 'C:\\Users\\Natasha Khan\\Downloads\\huston\\huston\\Command'),
(46, 'C:\\Users\\Natasha Khan\\Downloads\\huston\\huston\\Command'),
(47, 'C:\\Users\\Natasha Khan\\Downloads\\huston\\huston\\Command'),
(48, 'C:\\Users\\Natasha Khan\\Downloads\\huston\\huston'),
(49, 'C:\\Users\\Natasha Khan\\Downloads\\huston\\huston\\Command'),
(50, 'C:\\Users\\Natasha Khan\\Downloads\\huston\\huston\\Command'),
(51, 'C:\\Users\\Natasha Khan\\Downloads\\huston\\huston\\Command'),
(52, 'C:\\Users\\Natasha Khan\\Downloads\\huston'),
(53, 'C:\\Users\\Natasha Khan\\Downloads\\huston\\huston'),
(54, 'C:\\Users\\Natasha Khan\\Downloads\\huston\\huston'),
(55, 'C:\\Users\\Natasha Khan\\Downloads\\huston\\huston'),
(56, 'C:\\Users\\Natasha Khan\\Documents'),
(57, 'C:\\Users\\Natasha Khan\\Documents\\CommandPattern'),
(58, 'C:\\Users\\Natasha Khan\\Documents\\CompositePattern'),
(59, 'C:\\Users\\Natasha Khan\\Documents\\CompositePattern'),
(60, 'C:\\Users\\Natasha Khan\\Documents\\ProxyPattern'),
(61, 'C:\\Users\\Natasha Khan\\Documents\\FactoryPattern'),
(62, 'C:\\Users\\Natasha Khan\\Documents\\DecoratorPattern'),
(63, 'C:\\Users\\Natasha Khan\\Documents\\CommandPattern'),
(64, 'C:\\Users\\Natasha Khan\\Documents\\CommandPattern'),
(65, 'C:\\Users\\Natasha Khan\\Documents\\CommandPattern'),
(66, 'C:\\Users\\Natasha Khan\\Documents\\CompositePattern'),
(67, 'C:\\Users\\Natasha Khan\\Documents\\CommandPattern'),
(68, 'C:\\Users\\Natasha Khan\\Documents\\CommandPattern'),
(69, 'C:\\Users\\Natasha Khan\\Documents\\CompositePattern'),
(70, 'C:\\Users\\Natasha Khan\\Documents\\CommandPattern'),
(71, 'C:\\Users\\Natasha Khan\\Documents\\CompositePattern'),
(72, 'C:\\Users\\Natasha Khan\\Documents\\CompositePattern'),
(73, 'C:\\Users\\Natasha Khan\\Documents\\CommandPattern'),
(74, 'C:\\Users\\Natasha Khan\\Documents\\CommandPattern'),
(75, 'C:\\Users\\Natasha Khan\\Documents\\CommandPattern'),
(76, 'C:\\Users\\Natasha Khan\\Documents\\CommandPattern'),
(77, 'C:\\Users\\Natasha Khan\\Documents\\CommandPattern'),
(78, 'C:\\Users\\Natasha Khan\\Documents\\CommandPattern'),
(79, 'C:\\Users\\Natasha Khan\\Documents\\CommandPattern'),
(80, 'C:\\Users\\Natasha Khan\\Documents\\CommandPattern'),
(81, 'C:\\Users\\Natasha Khan\\Documents\\CommandPattern'),
(82, 'C:\\Users\\Natasha Khan\\Documents\\CommandPattern'),
(83, 'C:\\Users\\Natasha Khan\\Documents\\CommandPattern'),
(84, 'C:\\Users\\Natasha Khan\\Documents\\CommandPattern'),
(85, 'C:\\Users\\Natasha Khan\\Documents\\CommandPattern'),
(86, 'C:\\Users\\Natasha Khan\\Documents\\CommandPattern'),
(87, 'C:\\Users\\Natasha Khan\\Documents\\CommandPattern'),
(88, 'C:\\Users\\Natasha Khan\\Documents\\CommandPattern'),
(89, 'C:\\Users\\Natasha Khan\\Documents\\CommandPattern'),
(90, 'C:\\Users\\Natasha Khan\\Documents\\CommandPattern'),
(91, 'C:\\Users\\Natasha Khan\\Documents\\CompositePattern');

-- --------------------------------------------------------

--
-- Table structure for table `lookupwords`
--

CREATE TABLE `lookupwords` (
  `WordId` int(11) NOT NULL,
  `Word` varchar(10000) NOT NULL
) ENGINE=InnoDB DEFAULT CHARSET=latin1;

--
-- Dumping data for table `lookupwords`
--

INSERT INTO `lookupwords` (`WordId`, `Word`) VALUES
(1, 'FileWriter'),
(2, 'fileWritter'),
(3, 'FileWriter(outfileName,true)'),
(4, 'BufferedWriter'),
(5, 'writer'),
(6, 'BufferedWriter(fileWritter);'),
(7, 'OnCommand'),
(8, 'instantiated'),
(9, 'based'),
(10, 'active'),
(11, 'device'),
(12, 'supplied'),
(13, 'Remote'),
(14, 'Accesing'),
(15, 'driver'),
(16, 'from'),
(17, 'file'),
(18, 'Creating'),
(19, 'variable'),
(20, 'connection'),
(21, 'localhost:3306derp","root","");'),
(22, 'jdbc:mysql:localhost:3306derp->is'),
(23, 'database'),
(24, 'root'),
(25, 'username'),
(26, 'password'),
(27, 'query'),
(28, 'executing'),
(29, 'comment'),
(30, 'first'),
(31, 'CONSTRUCTOR'),
(32, 'long'),
(33, 'another'),
(34, 'single'),
(35, 'line'),
(36, 'Also'),
(37, 'more'),
(38, 'javadoc'),
(39, 'cmnt'),
(40, 'trick'),
(41, 'help'),
(42, 'debugging'),
(43, 'turn'),
(44, 'Default'),
(45, 'Invokes'),
(46, 'parameter'),
(47, 'Point2D'),
(48, 'Note'),
(49, 'this()'),
(50, 'invocation'),
(51, 'must'),
(52, 'BEGINNING'),
(53, 'statement'),
(54, 'body'),
(55, 'consructor'),
(56, 'better'),
(57, 'method'),
(58, 'would'),
(59, 'replace'),
(60, 'above'),
(61, 'code'),
(62, '(pt.getX(),'),
(63, 'pt.getY());'),
(64, 'especially'),
(65, 'since'),
(66, 'does'),
(67, 'initialize'),
(68, 'debug.'),
(69, 'reusing'),
(70, 'already'),
(71, 'working.'),
(72, 'print'),
(73, 'string'),
(74, 'only'),
(75, '"debug"'),
(76, 'data'),
(77, 'member'),
(78, 'true'),
(79, 'check'),
(80, 'dprint()'),
(81, 'coordinates'),
(82, 'point--instance'),
(83, 'variables'),
(84, 'have'),
(85, 'complex'),
(86, 'electronic'),
(87, 'circuit'),
(88, 'maintain'),
(89, 'current'),
(90, 'leaf'),
(91, 'node'),
(92, 'applicable'),
(93, 'class.'),
(94, 'class,there'),
(95, 'many'),
(96, 'methods'),
(97, 'which'),
(98, 'developer'),
(99, 'because'),
(100, 'node.');

-- --------------------------------------------------------

--
-- Table structure for table `methodnames`
--

CREATE TABLE `methodnames` (
  `patterID` int(100) NOT NULL,
  `rollName` varchar(200) NOT NULL,
  `methodName` varchar(200) NOT NULL,
  `className` varchar(200) NOT NULL
) ENGINE=InnoDB DEFAULT CHARSET=latin1;

--
-- Dumping data for table `methodnames`
--

INSERT INTO `methodnames` (`patterID`, `rollName`, `methodName`, `className`) VALUES
(1, 'FactoryMethod()', 'factoryMethod', 'Creator'),
(2, 'Operation()', 'findAndClone(java.lang.String)', 'PrototypesModule'),
(4, 'Request()/Execute()', 'execute', 'FanOffCommand'),
(4, 'Request()/Execute()', 'execute', 'FanOnCommand'),
(4, 'Request()/Execute()', 'execute', 'LightOffCommand'),
(4, 'Request()/Execute()', 'execute', 'LightOnCommand'),
(5, 'Operation()', 'traverse', 'Box'),
(5, 'Operation()', 'traverse', 'Composite'),
(5, 'Operation()', 'accept(Visitor)', 'Composite'),
(6, 'Operation()', 'draw', 'Decorator'),
(7, 'Notify()', 'findAndClone(java.lang.String)', 'PrototypesModule'),
(7, 'Notify()', 'soundTheAlarm', 'SensorSystem'),
(9, 'TemplateMethod()', 'anOperation', 'Creator'),
(9, 'TemplateMethod()', 'solve', 'TemplateMethod1'),
(9, 'TemplateMethod()', 'solve', 'TemplateMethod2'),
(9, 'TemplateMethod()', 'findSolution', 'Generalization'),
(9, 'TemplateMethod()', 'stepThr', 'Specialization'),
(10, 'Accept()', 'accept(Visitor)', 'Composite'),
(10, 'Accept()', 'accept(Visitor)', 'Leaf'),
(11, 'Request()', 'displayImage', 'ProxyImage'),
(1, 'FactoryMethod', 'factoryMethod', 'Creator'),
(2, 'Operation', 'findAndClone(java.lang.String)', 'PrototypesModule'),
(4, 'Request/Execute', 'execute', 'FanOffCommand'),
(4, 'Request/Execute', 'execute', 'FanOnCommand'),
(4, 'Request/Execute', 'execute', 'LightOffCommand'),
(4, 'Request/Execute', 'execute', 'LightOnCommand'),
(5, 'Operation', 'traverse', 'Box'),
(5, 'Operation', 'traverse', 'Composite'),
(5, 'Operation', 'accept(Visitor)', 'Composite'),
(6, 'Operation', 'draw', 'Decorator'),
(7, 'Notify', 'findAndClone(java.lang.String)', 'PrototypesModule'),
(7, 'Notify', 'soundTheAlarm', 'SensorSystem'),
(9, 'TemplateMethod', 'anOperation', 'Creator'),
(9, 'TemplateMethod', 'solve', 'TemplateMethod1'),
(9, 'TemplateMethod', 'solve', 'TemplateMethod2'),
(9, 'TemplateMethod', 'findSolution', 'Generalization'),
(9, 'TemplateMethod', 'stepThr', 'Specialization'),
(10, 'Accept', 'accept(Visitor)', 'Composite'),
(10, 'Accept', 'accept(Visitor)', 'Leaf'),
(11, 'Request', 'displayImage', 'ProxyImage'),
(4, 'Request/Execute', 'execute', 'com.javapapers.designpattern.command.OnCommand'),
(5, 'Operation', 'print', 'org.arpit.javapostsforlearning.designpatterns.Manager'),
(4, 'Request/Execute', 'execute', 'com.javapapers.designpattern.command.OnCommand'),
(4, 'Request/Execute', 'execute', 'com.javapapers.designpattern.command.OnCommand'),
(4, 'Request/Execute', 'execute', 'com.javapapers.designpattern.command.OnCommand'),
(4, 'Request/Execute', 'execute', 'com.javapapers.designpattern.command.OnCommand'),
(4, 'Request/Execute', 'execute', 'com.javapapers.designpattern.command.OnCommand'),
(5, 'Operation', 'print', 'org.arpit.javapostsforlearning.designpatterns.Manager');

-- --------------------------------------------------------

--
-- Table structure for table `patterninstance`
--

CREATE TABLE `patterninstance` (
  `patterID` int(11) NOT NULL,
  `instanceClass` text NOT NULL,
  `projectName` text NOT NULL
) ENGINE=InnoDB DEFAULT CHARSET=latin1;

--
-- Dumping data for table `patterninstance`
--

INSERT INTO `patterninstance` (`patterID`, `instanceClass`, `projectName`) VALUES
(1, '2', ''),
(5, '[Component: Entity | Composite: Box | Operation(): Box::traverse():void | ]', ''),
(7, '[Observer: AlarmListener | Subject: SensorSystem | Notify(): SensorSystem::soundTheAlarm():void | ]', ''),
(5, '[Component: Entity | Composite: Box | Operation(): Box::traverse():void | ]', ''),
(5, '[Component: Entity | Composite: Box | Operation(): Box::traverse():void | ]', 'hello'),
(5, '[Component: Entity | Composite: Box | Operation(): Box::traverse():void | ]', 'hello'),
(5, '[Component: Entity | Composite: Box | Operation(): Box::traverse():void | ]', 'hello'),
(5, '[Component: Entity | Composite: Box | Operation(): Box::traverse():void | ]', 'hello'),
(5, '[Component: Component | Composite: Composite | Operation(): Composite::traverse():void | Operation(): Composite::accept(Visitor):void | ]', 'hello'),
(10, '[ConcreteElement: Composite | Visitor: Visitor | Accept(): Composite::accept(Visitor):void | , ConcreteElement: Leaf | Visitor: Visitor | Accept(): Leaf::accept(Visitor):void | ]', 'hello'),
(8, '[Context: StrategyDemo | State/Strategy: Strategy | ]', 'hello'),
(9, '[AbstractClass: TemplateMethod1 | TemplateMethod(): TemplateMethod1::solve():void | , AbstractClass: TemplateMethod2 | TemplateMethod(): TemplateMethod2::solve():void | ]', 'hello'),
(5, '[Component: Entity | Composite: Box | Operation(): Box::traverse():void | ]', 'hello'),
(1, '[Creator: Creator | FactoryMethod(): Creator::factoryMethod():Product | ]', 'hello'),
(2, '[Client: PrototypesModule | Prototype: Prototype | Operation(): PrototypesModule::findAndClone(java.lang.String):java.lang.Object | ]', 'hello'),
(3, '[Singleton: ClassicSingleton | uniqueInstance: private static ClassicSingleton instance | ]', 'hello'),
(4, '[Adaptee/Receiver: Fan | Adapter/ConcreteCommand: FanOffCommand | Request()/Execute(): FanOffCommand::execute():void | , Adaptee/Receiver: Fan | Adapter/ConcreteCommand: FanOnCommand | Request()/Execute(): FanOnCommand::execute():void | , Adaptee/Receiver: Light | Adapter/ConcreteCommand: LightOffCommand | Request()/Execute(): LightOffCommand::execute():void | , Adaptee/Receiver: Light | Adapter/ConcreteCommand: LightOnCommand | Request()/Execute(): LightOnCommand::execute():void | ]', 'hello'),
(5, '[Component: Entity | Composite: Box | Operation(): Box::traverse():void | , Component: Component | Composite: Composite | Operation(): Composite::traverse():void | Operation(): Composite::accept(Visitor):void | ]', 'hello'),
(6, '[Component: Widget | Decorator: Decorator | component: private Widget wid | Operation(): Decorator::draw():void | ]', 'hello'),
(7, '[Observer: Prototype | Subject: PrototypesModule | Notify(): PrototypesModule::findAndClone(java.lang.String):java.lang.Object | , Observer: AlarmListener | Subject: SensorSystem | Notify(): SensorSystem::soundTheAlarm():void | ]', 'hello'),
(8, '[Context: Switch | State/Strategy: Command | , Context: FSM | State/Strategy: State | , Context: PrototypesModule | State/Strategy: Prototype | , Context: StrategyDemo | State/Strategy: Strategy | ]', 'hello'),
(9, '[AbstractClass: Creator | TemplateMethod(): Creator::anOperation():void | , AbstractClass: TemplateMethod1 | TemplateMethod(): TemplateMethod1::solve():void | , AbstractClass: TemplateMethod2 | TemplateMethod(): TemplateMethod2::solve():void | , AbstractClass: Generalization | TemplateMethod(): Generalization::findSolution():void | , AbstractClass: Specialization | TemplateMethod(): Specialization::stepThr():void | ]', 'hello'),
(10, '[ConcreteElement: Composite | Visitor: Visitor | Accept(): Composite::accept(Visitor):void | , ConcreteElement: Leaf | Visitor: Visitor | Accept(): Leaf::accept(Visitor):void | ]', 'hello'),
(11, '[Proxy: ProxyImage | RealSubject: RealImage | Request(): ProxyImage::displayImage():void | ]', 'hello'),
(1, '[Creator: Creator | FactoryMethod(): Creator::factoryMethod():Product | ]', 'hello'),
(2, '[Client: PrototypesModule | Prototype: Prototype | Operation(): PrototypesModule::findAndClone(java.lang.String):java.lang.Object | ]', 'hello'),
(3, '[Singleton: ClassicSingleton | uniqueInstance: private static ClassicSingleton instance | ]', 'hello'),
(4, '[Adaptee/Receiver: Fan | Adapter/ConcreteCommand: FanOffCommand | Request()/Execute(): FanOffCommand::execute():void | , Adaptee/Receiver: Fan | Adapter/ConcreteCommand: FanOnCommand | Request()/Execute(): FanOnCommand::execute():void | , Adaptee/Receiver: Light | Adapter/ConcreteCommand: LightOffCommand | Request()/Execute(): LightOffCommand::execute():void | , Adaptee/Receiver: Light | Adapter/ConcreteCommand: LightOnCommand | Request()/Execute(): LightOnCommand::execute():void | ]', 'hello'),
(5, '[Component: Entity | Composite: Box | Operation(): Box::traverse():void | , Component: Component | Composite: Composite | Operation(): Composite::traverse():void | Operation(): Composite::accept(Visitor):void | ]', 'hello'),
(6, '[Component: Widget | Decorator: Decorator | component: private Widget wid | Operation(): Decorator::draw():void | ]', 'hello'),
(1, '[Creator: Creator | FactoryMethod(): Creator::factoryMethod():Product | ]', 'hello'),
(2, '[Client: PrototypesModule | Prototype: Prototype | Operation(): PrototypesModule::findAndClone(java.lang.String):java.lang.Object | ]', 'hello'),
(3, '[Singleton: ClassicSingleton | uniqueInstance: private static ClassicSingleton instance | ]', 'hello'),
(4, '[Adaptee/Receiver: Fan | Adapter/ConcreteCommand: FanOffCommand | Request()/Execute(): FanOffCommand::execute():void | , Adaptee/Receiver: Fan | Adapter/ConcreteCommand: FanOnCommand | Request()/Execute(): FanOnCommand::execute():void | , Adaptee/Receiver: Light | Adapter/ConcreteCommand: LightOffCommand | Request()/Execute(): LightOffCommand::execute():void | , Adaptee/Receiver: Light | Adapter/ConcreteCommand: LightOnCommand | Request()/Execute(): LightOnCommand::execute():void | ]', 'hello'),
(5, '[Component: Entity | Composite: Box | Operation(): Box::traverse():void | , Component: Component | Composite: Composite | Operation(): Composite::traverse():void | Operation(): Composite::accept(Visitor):void | ]', 'hello'),
(6, '[Component: Widget | Decorator: Decorator | component: private Widget wid | Operation(): Decorator::draw():void | ]', 'hello'),
(7, '[Observer: Prototype | Subject: PrototypesModule | Notify(): PrototypesModule::findAndClone(java.lang.String):java.lang.Object | , Observer: AlarmListener | Subject: SensorSystem | Notify(): SensorSystem::soundTheAlarm():void | ]', 'hello'),
(8, '[Context: Switch | State/Strategy: Command | , Context: FSM | State/Strategy: State | , Context: PrototypesModule | State/Strategy: Prototype | , Context: StrategyDemo | State/Strategy: Strategy | ]', 'hello'),
(9, '[AbstractClass: Creator | TemplateMethod(): Creator::anOperation():void | , AbstractClass: TemplateMethod1 | TemplateMethod(): TemplateMethod1::solve():void | , AbstractClass: TemplateMethod2 | TemplateMethod(): TemplateMethod2::solve():void | , AbstractClass: Generalization | TemplateMethod(): Generalization::findSolution():void | , AbstractClass: Specialization | TemplateMethod(): Specialization::stepThr():void | ]', 'hello'),
(10, '[ConcreteElement: Composite | Visitor: Visitor | Accept(): Composite::accept(Visitor):void | , ConcreteElement: Leaf | Visitor: Visitor | Accept(): Leaf::accept(Visitor):void | ]', 'hello'),
(11, '[Proxy: ProxyImage | RealSubject: RealImage | Request(): ProxyImage::displayImage():void | ]', 'hello'),
(5, '[Component: Entity | Composite: Box | Operation(): Box::traverse():void | ]', 'hello'),
(6, '[Component: Widget | Decorator: Decorator | component: private Widget wid | Operation(): Decorator::draw():void | ]', 'hello'),
(1, '[Creator: Creator | FactoryMethod(): Creator::factoryMethod():Product | ]', 'hello'),
(5, '[Component: Entity | Composite: Box | Operation(): Box::traverse():void | ]', 'hello'),
(5, '[Component: Entity | Composite: Box | Operation(): Box::traverse():void | ]', 'hello'),
(5, '[Component: Entity | Composite: Box | Operation(): Box::traverse():void | ]', 'hello'),
(5, '[Component: Entity | Composite: Box | Operation(): Box::traverse():void | ]', 'hello'),
(5, '[Component: Entity | Composite: Box | Operation(): Box::traverse():void | ]', 'huston'),
(5, '[Component: Entity | Composite: Box | Operation(): Box::traverse():void | ]', 'huston'),
(5, '[Component: Entity | Composite: Box | Operation(): Box::traverse():void | ]', 'huston'),
(5, '[Component: Entity | Composite: Box | Operation(): Box::traverse():void | ]', 'huston'),
(5, '[Component: Component | Composite: Composite | Operation(): Composite::traverse():void | Operation(): Composite::accept(Visitor):void | ]', 'huston'),
(10, '[ConcreteElement: Composite | Visitor: Visitor | Accept(): Composite::accept(Visitor):void | , ConcreteElement: Leaf | Visitor: Visitor | Accept(): Leaf::accept(Visitor):void | ]', 'huston'),
(4, '[Adaptee/Receiver: Fan | Adapter/ConcreteCommand: FanOffCommand | Request()/Execute(): FanOffCommand::execute():void | , Adaptee/Receiver: Fan | Adapter/ConcreteCommand: FanOnCommand | Request()/Execute(): FanOnCommand::execute():void | , Adaptee/Receiver: Light | Adapter/ConcreteCommand: LightOffCommand | Request()/Execute(): LightOffCommand::execute():void | , Adaptee/Receiver: Light | Adapter/ConcreteCommand: LightOnCommand | Request()/Execute(): LightOnCommand::execute():void | ]', 'Hello'),
(8, '[Context: StrategyDemo | State/Strategy: Strategy | ]', 'Hello'),
(9, '[AbstractClass: TemplateMethod1 | TemplateMethod(): TemplateMethod1::solve():void | , AbstractClass: TemplateMethod2 | TemplateMethod(): TemplateMethod2::solve():void | ]', 'Hello'),
(1, '[Creator: Creator | FactoryMethod(): Creator::factoryMethod():Product | ]', 'C:\\Users\\Natasha Khan\\Downloads\\huston\\huston'),
(2, '[Client: PrototypesModule | Prototype: Prototype | Operation(): PrototypesModule::findAndClone(java.lang.String):java.lang.Object | ]', 'C:\\Users\\Natasha Khan\\Downloads\\huston\\huston'),
(3, '[Singleton: ClassicSingleton | uniqueInstance: private static ClassicSingleton instance | ]', 'C:\\Users\\Natasha Khan\\Downloads\\huston\\huston'),
(4, '[Adaptee/Receiver: Fan | Adapter/ConcreteCommand: FanOffCommand | Request()/Execute(): FanOffCommand::execute():void | , Adaptee/Receiver: Fan | Adapter/ConcreteCommand: FanOnCommand | Request()/Execute(): FanOnCommand::execute():void | , Adaptee/Receiver: Light | Adapter/ConcreteCommand: LightOffCommand | Request()/Execute(): LightOffCommand::execute():void | , Adaptee/Receiver: Light | Adapter/ConcreteCommand: LightOnCommand | Request()/Execute(): LightOnCommand::execute():void | ]', 'C:\\Users\\Natasha Khan\\Downloads\\huston\\huston'),
(5, '[Component: Entity | Composite: Box | Operation(): Box::traverse():void | , Component: Component | Composite: Composite | Operation(): Composite::traverse():void | Operation(): Composite::accept(Visitor):void | ]', 'C:\\Users\\Natasha Khan\\Downloads\\huston\\huston'),
(6, '[Component: Widget | Decorator: Decorator | component: private Widget wid | Operation(): Decorator::draw():void | ]', 'C:\\Users\\Natasha Khan\\Downloads\\huston\\huston'),
(7, '[Observer: Prototype | Subject: PrototypesModule | Notify(): PrototypesModule::findAndClone(java.lang.String):java.lang.Object | , Observer: AlarmListener | Subject: SensorSystem | Notify(): SensorSystem::soundTheAlarm():void | ]', 'C:\\Users\\Natasha Khan\\Downloads\\huston\\huston'),
(8, '[Context: Switch | State/Strategy: Command | , Context: FSM | State/Strategy: State | , Context: PrototypesModule | State/Strategy: Prototype | , Context: StrategyDemo | State/Strategy: Strategy | ]', 'C:\\Users\\Natasha Khan\\Downloads\\huston\\huston'),
(9, '[AbstractClass: Creator | TemplateMethod(): Creator::anOperation():void | , AbstractClass: TemplateMethod1 | TemplateMethod(): TemplateMethod1::solve():void | , AbstractClass: TemplateMethod2 | TemplateMethod(): TemplateMethod2::solve():void | , AbstractClass: Generalization | TemplateMethod(): Generalization::findSolution():void | , AbstractClass: Specialization | TemplateMethod(): Specialization::stepThr():void | ]', 'C:\\Users\\Natasha Khan\\Downloads\\huston\\huston'),
(10, '[ConcreteElement: Composite | Visitor: Visitor | Accept(): Composite::accept(Visitor):void | , ConcreteElement: Leaf | Visitor: Visitor | Accept(): Leaf::accept(Visitor):void | ]', 'C:\\Users\\Natasha Khan\\Downloads\\huston\\huston'),
(11, '[Proxy: ProxyImage | RealSubject: RealImage | Request(): ProxyImage::displayImage():void | ]', 'C:\\Users\\Natasha Khan\\Downloads\\huston\\huston'),
(4, '[Adaptee/Receiver: Fan | Adapter/ConcreteCommand: FanOffCommand | Request()/Execute(): FanOffCommand::execute():void | , Adaptee/Receiver: Fan | Adapter/ConcreteCommand: FanOnCommand | Request()/Execute(): FanOnCommand::execute():void | , Adaptee/Receiver: Light | Adapter/ConcreteCommand: LightOffCommand | Request()/Execute(): LightOffCommand::execute():void | , Adaptee/Receiver: Light | Adapter/ConcreteCommand: LightOnCommand | Request()/Execute(): LightOnCommand::execute():void | ]', 'C:\\Users\\Natasha Khan\\Downloads\\huston\\huston\\Command'),
(8, '[Context: Switch | State/Strategy: Command | ]', 'C:\\Users\\Natasha Khan\\Downloads\\huston\\huston\\Command'),
(4, '[Adaptee/Receiver: Fan | Adapter/ConcreteCommand: FanOffCommand | Request()/Execute(): FanOffCommand::execute():void | , Adaptee/Receiver: Fan | Adapter/ConcreteCommand: FanOnCommand | Request()/Execute(): FanOnCommand::execute():void | , Adaptee/Receiver: Light | Adapter/ConcreteCommand: LightOffCommand | Request()/Execute(): LightOffCommand::execute():void | , Adaptee/Receiver: Light | Adapter/ConcreteCommand: LightOnCommand | Request()/Execute(): LightOnCommand::execute():void | ]', 'C:\\Users\\Natasha Khan\\Downloads\\huston\\huston\\Command'),
(8, '[Context: Switch | State/Strategy: Command | ]', 'C:\\Users\\Natasha Khan\\Downloads\\huston\\huston\\Command'),
(4, '[Adaptee/Receiver: Fan | Adapter/ConcreteCommand: FanOffCommand | Request()/Execute(): FanOffCommand::execute():void | , Adaptee/Receiver: Fan | Adapter/ConcreteCommand: FanOnCommand | Request()/Execute(): FanOnCommand::execute():void | , Adaptee/Receiver: Light | Adapter/ConcreteCommand: LightOffCommand | Request()/Execute(): LightOffCommand::execute():void | , Adaptee/Receiver: Light | Adapter/ConcreteCommand: LightOnCommand | Request()/Execute(): LightOnCommand::execute():void | ]', 'C:\\Users\\Natasha Khan\\Downloads\\huston\\huston\\Command'),
(8, '[Context: Switch | State/Strategy: Command | ]', 'C:\\Users\\Natasha Khan\\Downloads\\huston\\huston\\Command'),
(4, '[Adaptee/Receiver: Fan | Adapter/ConcreteCommand: FanOffCommand | Request()/Execute(): FanOffCommand::execute():void | , Adaptee/Receiver: Fan | Adapter/ConcreteCommand: FanOnCommand | Request()/Execute(): FanOnCommand::execute():void | , Adaptee/Receiver: Light | Adapter/ConcreteCommand: LightOffCommand | Request()/Execute(): LightOffCommand::execute():void | , Adaptee/Receiver: Light | Adapter/ConcreteCommand: LightOnCommand | Request()/Execute(): LightOnCommand::execute():void | ]', 'C:\\Users\\Natasha Khan\\Downloads\\huston\\huston\\Command'),
(8, '[Context: Switch | State/Strategy: Command | ]', 'C:\\Users\\Natasha Khan\\Downloads\\huston\\huston\\Command'),
(1, '[Creator: Creator | FactoryMethod(): Creator::factoryMethod():Product | ]', 'C:\\Users\\Natasha Khan\\Downloads\\huston\\huston'),
(2, '[Client: PrototypesModule | Prototype: Prototype | Operation(): PrototypesModule::findAndClone(java.lang.String):java.lang.Object | ]', 'C:\\Users\\Natasha Khan\\Downloads\\huston\\huston'),
(3, '[Singleton: ClassicSingleton | uniqueInstance: private static ClassicSingleton instance | ]', 'C:\\Users\\Natasha Khan\\Downloads\\huston\\huston'),
(4, '[Adaptee/Receiver: Fan | Adapter/ConcreteCommand: FanOffCommand | Request()/Execute(): FanOffCommand::execute():void | , Adaptee/Receiver: Fan | Adapter/ConcreteCommand: FanOnCommand | Request()/Execute(): FanOnCommand::execute():void | , Adaptee/Receiver: Light | Adapter/ConcreteCommand: LightOffCommand | Request()/Execute(): LightOffCommand::execute():void | , Adaptee/Receiver: Light | Adapter/ConcreteCommand: LightOnCommand | Request()/Execute(): LightOnCommand::execute():void | ]', 'C:\\Users\\Natasha Khan\\Downloads\\huston\\huston'),
(5, '[Component: Entity | Composite: Box | Operation(): Box::traverse():void | , Component: Component | Composite: Composite | Operation(): Composite::traverse():void | Operation(): Composite::accept(Visitor):void | ]', 'C:\\Users\\Natasha Khan\\Downloads\\huston\\huston'),
(6, '[Component: Widget | Decorator: Decorator | component: private Widget wid | Operation(): Decorator::draw():void | ]', 'C:\\Users\\Natasha Khan\\Downloads\\huston\\huston'),
(7, '[Observer: Prototype | Subject: PrototypesModule | Notify(): PrototypesModule::findAndClone(java.lang.String):java.lang.Object | , Observer: AlarmListener | Subject: SensorSystem | Notify(): SensorSystem::soundTheAlarm():void | ]', 'C:\\Users\\Natasha Khan\\Downloads\\huston\\huston'),
(8, '[Context: Switch | State/Strategy: Command | , Context: FSM | State/Strategy: State | , Context: PrototypesModule | State/Strategy: Prototype | , Context: StrategyDemo | State/Strategy: Strategy | ]', 'C:\\Users\\Natasha Khan\\Downloads\\huston\\huston'),
(9, '[AbstractClass: Creator | TemplateMethod(): Creator::anOperation():void | , AbstractClass: TemplateMethod1 | TemplateMethod(): TemplateMethod1::solve():void | , AbstractClass: TemplateMethod2 | TemplateMethod(): TemplateMethod2::solve():void | , AbstractClass: Generalization | TemplateMethod(): Generalization::findSolution():void | , AbstractClass: Specialization | TemplateMethod(): Specialization::stepThr():void | ]', 'C:\\Users\\Natasha Khan\\Downloads\\huston\\huston'),
(10, '[ConcreteElement: Composite | Visitor: Visitor | Accept(): Composite::accept(Visitor):void | , ConcreteElement: Leaf | Visitor: Visitor | Accept(): Leaf::accept(Visitor):void | ]', 'C:\\Users\\Natasha Khan\\Downloads\\huston\\huston'),
(11, '[Proxy: ProxyImage | RealSubject: RealImage | Request(): ProxyImage::displayImage():void | ]', 'C:\\Users\\Natasha Khan\\Downloads\\huston\\huston'),
(4, '[Adaptee/Receiver: Fan | Adapter/ConcreteCommand: FanOffCommand | Request()/Execute(): FanOffCommand::execute():void | , Adaptee/Receiver: Fan | Adapter/ConcreteCommand: FanOnCommand | Request()/Execute(): FanOnCommand::execute():void | , Adaptee/Receiver: Light | Adapter/ConcreteCommand: LightOffCommand | Request()/Execute(): LightOffCommand::execute():void | , Adaptee/Receiver: Light | Adapter/ConcreteCommand: LightOnCommand | Request()/Execute(): LightOnCommand::execute():void | ]', 'C:\\Users\\Natasha Khan\\Downloads\\huston\\huston\\Command'),
(4, '[Adaptee/Receiver: Fan | Adapter/ConcreteCommand: FanOffCommand | Request()/Execute(): FanOffCommand::execute():void | , Adaptee/Receiver: Fan | Adapter/ConcreteCommand: FanOnCommand | Request()/Execute(): FanOnCommand::execute():void | , Adaptee/Receiver: Light | Adapter/ConcreteCommand: LightOffCommand | Request()/Execute(): LightOffCommand::execute():void | , Adaptee/Receiver: Light | Adapter/ConcreteCommand: LightOnCommand | Request()/Execute(): LightOnCommand::execute():void | ]', 'C:\\Users\\Natasha Khan\\Downloads\\huston\\huston\\Command'),
(8, '[Context: Switch | State/Strategy: Command | ]', 'C:\\Users\\Natasha Khan\\Downloads\\huston\\huston\\Command'),
(1, '[Creator: Creator | FactoryMethod(): Creator::factoryMethod():Product | ]', 'C:\\Users\\Natasha Khan\\Downloads\\huston'),
(2, '[Client: PrototypesModule | Prototype: Prototype | Operation(): PrototypesModule::findAndClone(java.lang.String):java.lang.Object | ]', 'C:\\Users\\Natasha Khan\\Downloads\\huston'),
(3, '[Singleton: ClassicSingleton | uniqueInstance: private static ClassicSingleton instance | ]', 'C:\\Users\\Natasha Khan\\Downloads\\huston'),
(4, '[Adaptee/Receiver: Fan | Adapter/ConcreteCommand: FanOffCommand | Request()/Execute(): FanOffCommand::execute():void | , Adaptee/Receiver: Fan | Adapter/ConcreteCommand: FanOnCommand | Request()/Execute(): FanOnCommand::execute():void | , Adaptee/Receiver: Light | Adapter/ConcreteCommand: LightOffCommand | Request()/Execute(): LightOffCommand::execute():void | , Adaptee/Receiver: Light | Adapter/ConcreteCommand: LightOnCommand | Request()/Execute(): LightOnCommand::execute():void | ]', 'C:\\Users\\Natasha Khan\\Downloads\\huston'),
(5, '[Component: Entity | Composite: Box | Operation(): Box::traverse():void | , Component: Component | Composite: Composite | Operation(): Composite::traverse():void | Operation(): Composite::accept(Visitor):void | ]', 'C:\\Users\\Natasha Khan\\Downloads\\huston'),
(6, '[Component: Widget | Decorator: Decorator | component: private Widget wid | Operation(): Decorator::draw():void | ]', 'C:\\Users\\Natasha Khan\\Downloads\\huston'),
(7, '[Observer: Prototype | Subject: PrototypesModule | Notify(): PrototypesModule::findAndClone(java.lang.String):java.lang.Object | , Observer: AlarmListener | Subject: SensorSystem | Notify(): SensorSystem::soundTheAlarm():void | ]', 'C:\\Users\\Natasha Khan\\Downloads\\huston'),
(8, '[Context: Switch | State/Strategy: Command | , Context: FSM | State/Strategy: State | , Context: PrototypesModule | State/Strategy: Prototype | , Context: StrategyDemo | State/Strategy: Strategy | ]', 'C:\\Users\\Natasha Khan\\Downloads\\huston'),
(9, '[AbstractClass: Creator | TemplateMethod(): Creator::anOperation():void | , AbstractClass: TemplateMethod1 | TemplateMethod(): TemplateMethod1::solve():void | , AbstractClass: TemplateMethod2 | TemplateMethod(): TemplateMethod2::solve():void | , AbstractClass: Generalization | TemplateMethod(): Generalization::findSolution():void | , AbstractClass: Specialization | TemplateMethod(): Specialization::stepThr():void | ]', 'C:\\Users\\Natasha Khan\\Downloads\\huston'),
(10, '[ConcreteElement: Composite | Visitor: Visitor | Accept(): Composite::accept(Visitor):void | , ConcreteElement: Leaf | Visitor: Visitor | Accept(): Leaf::accept(Visitor):void | ]', 'C:\\Users\\Natasha Khan\\Downloads\\huston'),
(11, '[Proxy: ProxyImage | RealSubject: RealImage | Request(): ProxyImage::displayImage():void | ]', 'C:\\Users\\Natasha Khan\\Downloads\\huston'),
(1, '[Creator: Creator | FactoryMethod(): Creator::factoryMethod():Product | ]', 'C:\\Users\\Natasha Khan\\Downloads\\huston\\huston'),
(2, '[Client: PrototypesModule | Prototype: Prototype | Operation(): PrototypesModule::findAndClone(java.lang.String):java.lang.Object | ]', 'C:\\Users\\Natasha Khan\\Downloads\\huston\\huston'),
(3, '[Singleton: ClassicSingleton | uniqueInstance: private static ClassicSingleton instance | ]', 'C:\\Users\\Natasha Khan\\Downloads\\huston\\huston'),
(4, '[Adaptee/Receiver: Fan | Adapter/ConcreteCommand: FanOffCommand | Request()/Execute(): FanOffCommand::execute():void | , Adaptee/Receiver: Fan | Adapter/ConcreteCommand: FanOnCommand | Request()/Execute(): FanOnCommand::execute():void | , Adaptee/Receiver: Light | Adapter/ConcreteCommand: LightOffCommand | Request()/Execute(): LightOffCommand::execute():void | , Adaptee/Receiver: Light | Adapter/ConcreteCommand: LightOnCommand | Request()/Execute(): LightOnCommand::execute():void | ]', 'C:\\Users\\Natasha Khan\\Downloads\\huston\\huston'),
(5, '[Component: Entity | Composite: Box | Operation(): Box::traverse():void | , Component: Component | Composite: Composite | Operation(): Composite::traverse():void | Operation(): Composite::accept(Visitor):void | ]', 'C:\\Users\\Natasha Khan\\Downloads\\huston\\huston'),
(6, '[Component: Widget | Decorator: Decorator | component: private Widget wid | Operation(): Decorator::draw():void | ]', 'C:\\Users\\Natasha Khan\\Downloads\\huston\\huston'),
(7, '[Observer: Prototype | Subject: PrototypesModule | Notify(): PrototypesModule::findAndClone(java.lang.String):java.lang.Object | , Observer: AlarmListener | Subject: SensorSystem | Notify(): SensorSystem::soundTheAlarm():void | ]', 'C:\\Users\\Natasha Khan\\Downloads\\huston\\huston'),
(8, '[Context: Switch | State/Strategy: Command | , Context: FSM | State/Strategy: State | , Context: PrototypesModule | State/Strategy: Prototype | , Context: StrategyDemo | State/Strategy: Strategy | ]', 'C:\\Users\\Natasha Khan\\Downloads\\huston\\huston'),
(9, '[AbstractClass: Creator | TemplateMethod(): Creator::anOperation():void | , AbstractClass: TemplateMethod1 | TemplateMethod(): TemplateMethod1::solve():void | , AbstractClass: TemplateMethod2 | TemplateMethod(): TemplateMethod2::solve():void | , AbstractClass: Generalization | TemplateMethod(): Generalization::findSolution():void | , AbstractClass: Specialization | TemplateMethod(): Specialization::stepThr():void | ]', 'C:\\Users\\Natasha Khan\\Downloads\\huston\\huston'),
(10, '[ConcreteElement: Composite | Visitor: Visitor | Accept(): Composite::accept(Visitor):void | , ConcreteElement: Leaf | Visitor: Visitor | Accept(): Leaf::accept(Visitor):void | ]', 'C:\\Users\\Natasha Khan\\Downloads\\huston\\huston'),
(11, '[Proxy: ProxyImage | RealSubject: RealImage | Request(): ProxyImage::displayImage():void | ]', 'C:\\Users\\Natasha Khan\\Downloads\\huston\\huston'),
(1, '[Creator: Creator | FactoryMethod(): Creator::factoryMethod():Product | ]', 'C:\\Users\\Natasha Khan\\Downloads\\huston\\huston'),
(2, '[Client: PrototypesModule | Prototype: Prototype | Operation(): PrototypesModule::findAndClone(java.lang.String):java.lang.Object | ]', 'C:\\Users\\Natasha Khan\\Downloads\\huston\\huston'),
(3, '[Singleton: ClassicSingleton | uniqueInstance: private static ClassicSingleton instance | ]', 'C:\\Users\\Natasha Khan\\Downloads\\huston\\huston'),
(4, '[Adaptee/Receiver: Fan | Adapter/ConcreteCommand: FanOffCommand | Request()/Execute(): FanOffCommand::execute():void | , Adaptee/Receiver: Fan | Adapter/ConcreteCommand: FanOnCommand | Request()/Execute(): FanOnCommand::execute():void | , Adaptee/Receiver: Light | Adapter/ConcreteCommand: LightOffCommand | Request()/Execute(): LightOffCommand::execute():void | , Adaptee/Receiver: Light | Adapter/ConcreteCommand: LightOnCommand | Request()/Execute(): LightOnCommand::execute():void | ]', 'C:\\Users\\Natasha Khan\\Downloads\\huston\\huston'),
(5, '[Component: Entity | Composite: Box | Operation(): Box::traverse():void | , Component: Component | Composite: Composite | Operation(): Composite::traverse():void | Operation(): Composite::accept(Visitor):void | ]', 'C:\\Users\\Natasha Khan\\Downloads\\huston\\huston'),
(6, '[Component: Widget | Decorator: Decorator | component: private Widget wid | Operation(): Decorator::draw():void | ]', 'C:\\Users\\Natasha Khan\\Downloads\\huston\\huston'),
(7, '[Observer: Prototype | Subject: PrototypesModule | Notify(): PrototypesModule::findAndClone(java.lang.String):java.lang.Object | , Observer: AlarmListener | Subject: SensorSystem | Notify(): SensorSystem::soundTheAlarm():void | ]', 'C:\\Users\\Natasha Khan\\Downloads\\huston\\huston'),
(8, '[Context: Switch | State/Strategy: Command | , Context: FSM | State/Strategy: State | , Context: PrototypesModule | State/Strategy: Prototype | , Context: StrategyDemo | State/Strategy: Strategy | ]', 'C:\\Users\\Natasha Khan\\Downloads\\huston\\huston'),
(9, '[AbstractClass: Creator | TemplateMethod(): Creator::anOperation():void | , AbstractClass: TemplateMethod1 | TemplateMethod(): TemplateMethod1::solve():void | , AbstractClass: TemplateMethod2 | TemplateMethod(): TemplateMethod2::solve():void | , AbstractClass: Generalization | TemplateMethod(): Generalization::findSolution():void | , AbstractClass: Specialization | TemplateMethod(): Specialization::stepThr():void | ]', 'C:\\Users\\Natasha Khan\\Downloads\\huston\\huston'),
(10, '[ConcreteElement: Composite | Visitor: Visitor | Accept(): Composite::accept(Visitor):void | , ConcreteElement: Leaf | Visitor: Visitor | Accept(): Leaf::accept(Visitor):void | ]', 'C:\\Users\\Natasha Khan\\Downloads\\huston\\huston'),
(11, '[Proxy: ProxyImage | RealSubject: RealImage | Request(): ProxyImage::displayImage():void | ]', 'C:\\Users\\Natasha Khan\\Downloads\\huston\\huston'),
(1, '[Creator: Creator | FactoryMethod(): Creator::factoryMethod():Product | ]', 'C:\\Users\\Natasha Khan\\Downloads\\huston\\huston'),
(2, '[Client: PrototypesModule | Prototype: Prototype | Operation(): PrototypesModule::findAndClone(java.lang.String):java.lang.Object | ]', 'C:\\Users\\Natasha Khan\\Downloads\\huston\\huston'),
(3, '[Singleton: ClassicSingleton | uniqueInstance: private static ClassicSingleton instance | ]', 'C:\\Users\\Natasha Khan\\Downloads\\huston\\huston'),
(4, '[Adaptee/Receiver: Fan | Adapter/ConcreteCommand: FanOffCommand | Request()/Execute(): FanOffCommand::execute():void | , Adaptee/Receiver: Fan | Adapter/ConcreteCommand: FanOnCommand | Request()/Execute(): FanOnCommand::execute():void | , Adaptee/Receiver: Light | Adapter/ConcreteCommand: LightOffCommand | Request()/Execute(): LightOffCommand::execute():void | , Adaptee/Receiver: Light | Adapter/ConcreteCommand: LightOnCommand | Request()/Execute(): LightOnCommand::execute():void | ]', 'C:\\Users\\Natasha Khan\\Downloads\\huston\\huston'),
(5, '[Component: Entity | Composite: Box | Operation(): Box::traverse():void | , Component: Component | Composite: Composite | Operation(): Composite::traverse():void | Operation(): Composite::accept(Visitor):void | ]', 'C:\\Users\\Natasha Khan\\Downloads\\huston\\huston'),
(6, '[Component: Widget | Decorator: Decorator | component: private Widget wid | Operation(): Decorator::draw():void | ]', 'C:\\Users\\Natasha Khan\\Downloads\\huston\\huston'),
(7, '[Observer: Prototype | Subject: PrototypesModule | Notify(): PrototypesModule::findAndClone(java.lang.String):java.lang.Object | , Observer: AlarmListener | Subject: SensorSystem | Notify(): SensorSystem::soundTheAlarm():void | ]', 'C:\\Users\\Natasha Khan\\Downloads\\huston\\huston'),
(8, '[Context: Switch | State/Strategy: Command | , Context: FSM | State/Strategy: State | , Context: PrototypesModule | State/Strategy: Prototype | , Context: StrategyDemo | State/Strategy: Strategy | ]', 'C:\\Users\\Natasha Khan\\Downloads\\huston\\huston'),
(9, '[AbstractClass: Creator | TemplateMethod(): Creator::anOperation():void | , AbstractClass: TemplateMethod1 | TemplateMethod(): TemplateMethod1::solve():void | , AbstractClass: TemplateMethod2 | TemplateMethod(): TemplateMethod2::solve():void | , AbstractClass: Generalization | TemplateMethod(): Generalization::findSolution():void | , AbstractClass: Specialization | TemplateMethod(): Specialization::stepThr():void | ]', 'C:\\Users\\Natasha Khan\\Downloads\\huston\\huston'),
(10, '[ConcreteElement: Composite | Visitor: Visitor | Accept(): Composite::accept(Visitor):void | , ConcreteElement: Leaf | Visitor: Visitor | Accept(): Leaf::accept(Visitor):void | ]', 'C:\\Users\\Natasha Khan\\Downloads\\huston\\huston'),
(11, '[Proxy: ProxyImage | RealSubject: RealImage | Request(): ProxyImage::displayImage():void | ]', 'C:\\Users\\Natasha Khan\\Downloads\\huston\\huston'),
(1, '[Creator: Creator | FactoryMethod(): Creator::factoryMethod():Product | ]', 'C:\\Users\\Natasha Khan\\Documents'),
(2, '[Client: PrototypesModule | Prototype: Prototype | Operation(): PrototypesModule::findAndClone(java.lang.String):java.lang.Object | ]', 'C:\\Users\\Natasha Khan\\Documents'),
(3, '[Singleton: ClassicSingleton | uniqueInstance: private static ClassicSingleton instance | ]', 'C:\\Users\\Natasha Khan\\Documents'),
(4, '[Adaptee/Receiver: Fan | Adapter/ConcreteCommand: FanOffCommand | Request()/Execute(): FanOffCommand::execute():void | , Adaptee/Receiver: Fan | Adapter/ConcreteCommand: FanOnCommand | Request()/Execute(): FanOnCommand::execute():void | , Adaptee/Receiver: Light | Adapter/ConcreteCommand: LightOffCommand | Request()/Execute(): LightOffCommand::execute():void | , Adaptee/Receiver: Light | Adapter/ConcreteCommand: LightOnCommand | Request()/Execute(): LightOnCommand::execute():void | ]', 'C:\\Users\\Natasha Khan\\Documents'),
(5, '[Component: Entity | Composite: Box | Operation(): Box::traverse():void | , Component: Component | Composite: Composite | Operation(): Composite::traverse():void | Operation(): Composite::accept(Visitor):void | ]', 'C:\\Users\\Natasha Khan\\Documents'),
(6, '[Component: Widget | Decorator: Decorator | component: private Widget wid | Operation(): Decorator::draw():void | ]', 'C:\\Users\\Natasha Khan\\Documents'),
(7, '[Observer: Prototype | Subject: PrototypesModule | Notify(): PrototypesModule::findAndClone(java.lang.String):java.lang.Object | , Observer: AlarmListener | Subject: SensorSystem | Notify(): SensorSystem::soundTheAlarm():void | ]', 'C:\\Users\\Natasha Khan\\Documents'),
(8, '[Context: Switch | State/Strategy: Command | , Context: FSM | State/Strategy: State | , Context: PrototypesModule | State/Strategy: Prototype | , Context: StrategyDemo | State/Strategy: Strategy | ]', 'C:\\Users\\Natasha Khan\\Documents'),
(9, '[AbstractClass: Creator | TemplateMethod(): Creator::anOperation():void | , AbstractClass: TemplateMethod1 | TemplateMethod(): TemplateMethod1::solve():void | , AbstractClass: TemplateMethod2 | TemplateMethod(): TemplateMethod2::solve():void | , AbstractClass: Generalization | TemplateMethod(): Generalization::findSolution():void | , AbstractClass: Specialization | TemplateMethod(): Specialization::stepThr():void | ]', 'C:\\Users\\Natasha Khan\\Documents'),
(10, '[ConcreteElement: Composite | Visitor: Visitor | Accept(): Composite::accept(Visitor):void | , ConcreteElement: Leaf | Visitor: Visitor | Accept(): Leaf::accept(Visitor):void | ]', 'C:\\Users\\Natasha Khan\\Documents'),
(11, '[Proxy: ProxyImage | RealSubject: RealImage | Request(): ProxyImage::displayImage():void | ]', 'C:\\Users\\Natasha Khan\\Documents'),
(4, '[Adaptee/Receiver: com.javapapers.designpattern.command.ConsumerElectronics | Adapter/ConcreteCommand: com.javapapers.designpattern.command.OnCommand | Request()/Execute(): com.javapapers.designpattern.command.OnCommand::execute():void | ]', 'C:\\Users\\Natasha Khan\\Documents\\CommandPattern'),
(8, '[Context: com.javapapers.designpattern.command.Button | State/Strategy: com.javapapers.designpattern.command.Command | , Context: com.javapapers.designpattern.command.OnCommand | State/Strategy: com.javapapers.designpattern.command.ConsumerElectronics | ]', 'C:\\Users\\Natasha Khan\\Documents\\CommandPattern'),
(5, '[Component: org.arpit.javapostsforlearning.designpatterns.Employee | Composite: org.arpit.javapostsforlearning.designpatterns.Manager | Operation(): org.arpit.javapostsforlearning.designpatterns.Manager::print():void | ]', 'C:\\Users\\Natasha Khan\\Documents\\CompositePattern'),
(4, '[Adaptee/Receiver: com.javapapers.designpattern.command.ConsumerElectronics | Adapter/ConcreteCommand: com.javapapers.designpattern.command.OnCommand | Request()/Execute(): com.javapapers.designpattern.command.OnCommand::execute():void | ]', 'C:\\Users\\Natasha Khan\\Documents\\CommandPattern'),
(4, '[Adaptee/Receiver: com.javapapers.designpattern.command.ConsumerElectronics | Adapter/ConcreteCommand: com.javapapers.designpattern.command.OnCommand | Request()/Execute(): com.javapapers.designpattern.command.OnCommand::execute():void | ]', 'C:\\Users\\Natasha Khan\\Documents\\CommandPattern'),
(8, '[Context: com.javapapers.designpattern.command.Button | State/Strategy: com.javapapers.designpattern.command.Command | , Context: com.javapapers.designpattern.command.OnCommand | State/Strategy: com.javapapers.designpattern.command.ConsumerElectronics | ]', 'C:\\Users\\Natasha Khan\\Documents\\CommandPattern'),
(4, '[Adaptee/Receiver: com.javapapers.designpattern.command.ConsumerElectronics | Adapter/ConcreteCommand: com.javapapers.designpattern.command.OnCommand | Request()/Execute(): com.javapapers.designpattern.command.OnCommand::execute():void | ]', 'C:\\Users\\Natasha Khan\\Documents\\CommandPattern'),
(8, '[Context: com.javapapers.designpattern.command.Button | State/Strategy: com.javapapers.designpattern.command.Command | , Context: com.javapapers.designpattern.command.OnCommand | State/Strategy: com.javapapers.designpattern.command.ConsumerElectronics | ]', 'C:\\Users\\Natasha Khan\\Documents\\CommandPattern'),
(4, '[Adaptee/Receiver: com.javapapers.designpattern.command.ConsumerElectronics | Adapter/ConcreteCommand: com.javapapers.designpattern.command.OnCommand | Request()/Execute(): com.javapapers.designpattern.command.OnCommand::execute():void | ]', 'C:\\Users\\Natasha Khan\\Documents\\CommandPattern'),
(8, '[Context: com.javapapers.designpattern.command.Button | State/Strategy: com.javapapers.designpattern.command.Command | , Context: com.javapapers.designpattern.command.OnCommand | State/Strategy: com.javapapers.designpattern.command.ConsumerElectronics | ]', 'C:\\Users\\Natasha Khan\\Documents\\CommandPattern'),
(4, '[Adaptee/Receiver: com.javapapers.designpattern.command.ConsumerElectronics | Adapter/ConcreteCommand: com.javapapers.designpattern.command.OnCommand | Request()/Execute(): com.javapapers.designpattern.command.OnCommand::execute():void | ]', 'C:\\Users\\Natasha Khan\\Documents\\CommandPattern'),
(8, '[Context: com.javapapers.designpattern.command.Button | State/Strategy: com.javapapers.designpattern.command.Command | , Context: com.javapapers.designpattern.command.OnCommand | State/Strategy: com.javapapers.designpattern.command.ConsumerElectronics | ]', 'C:\\Users\\Natasha Khan\\Documents\\CommandPattern'),
(5, '[Component: org.arpit.javapostsforlearning.designpatterns.Employee | Composite: org.arpit.javapostsforlearning.designpatterns.Manager | Operation(): org.arpit.javapostsforlearning.designpatterns.Manager::print():void | ]', 'C:\\Users\\Natasha Khan\\Documents\\CompositePattern');

-- --------------------------------------------------------

--
-- Table structure for table `patterns`
--

CREATE TABLE `patterns` (
  `name` text NOT NULL,
  `patternID` int(11) NOT NULL
) ENGINE=InnoDB DEFAULT CHARSET=latin1;

--
-- Dumping data for table `patterns`
--

INSERT INTO `patterns` (`name`, `patternID`) VALUES
('Factory Method', 1),
('Prototype', 2),
('Singleton', 3),
('(Object)Adapter-Command', 4),
('Composite', 5),
('Decorator', 6),
('Observer', 7),
('State-Strategy', 8),
('Template Method', 9),
('Visitor', 10),
('Proxy', 11),
('Proxy2', 12);

--
-- Indexes for dumped tables
--

--
-- Indexes for table `classnames`
--
ALTER TABLE `classnames`
  ADD KEY `className` (`className`),
  ADD KEY `elementName` (`rollName`),
  ADD KEY `className_2` (`className`),
  ADD KEY `className_3` (`className`),
  ADD KEY `ID_2` (`rollName`,`className`);

--
-- Indexes for table `file_directory`
--
ALTER TABLE `file_directory`
  ADD PRIMARY KEY (`ID`);

--
-- Indexes for table `lookupwords`
--
ALTER TABLE `lookupwords`
  ADD PRIMARY KEY (`WordId`);

--
-- Indexes for table `methodnames`
--
ALTER TABLE `methodnames`
  ADD KEY `methodName` (`methodName`),
  ADD KEY `rollName_2` (`rollName`);
ALTER TABLE `methodnames` ADD FULLTEXT KEY `rollName` (`rollName`,`methodName`);

--
-- Indexes for table `patterns`
--
ALTER TABLE `patterns`
  ADD PRIMARY KEY (`patternID`),
  ADD UNIQUE KEY `patternID` (`patternID`);

--
-- AUTO_INCREMENT for dumped tables
--

--
-- AUTO_INCREMENT for table `file_directory`
--
ALTER TABLE `file_directory`
  MODIFY `ID` int(100) NOT NULL AUTO_INCREMENT, AUTO_INCREMENT=92;
--
-- AUTO_INCREMENT for table `lookupwords`
--
ALTER TABLE `lookupwords`
  MODIFY `WordId` int(11) NOT NULL AUTO_INCREMENT, AUTO_INCREMENT=101;
--
-- AUTO_INCREMENT for table `patterns`
--
ALTER TABLE `patterns`
  MODIFY `patternID` int(11) NOT NULL AUTO_INCREMENT, AUTO_INCREMENT=13;
/*!40101 SET CHARACTER_SET_CLIENT=@OLD_CHARACTER_SET_CLIENT */;
/*!40101 SET CHARACTER_SET_RESULTS=@OLD_CHARACTER_SET_RESULTS */;
/*!40101 SET COLLATION_CONNECTION=@OLD_COLLATION_CONNECTION */;
