-- phpMyAdmin SQL Dump
-- version 4.5.0.2
-- http://www.phpmyadmin.net
--
-- Host: 127.0.0.1
-- Generation Time: Nov 27, 2015 at 05:35 AM
-- Server version: 10.0.17-MariaDB
-- PHP Version: 5.6.14

SET SQL_MODE = "NO_AUTO_VALUE_ON_ZERO";
SET time_zone = "+00:00";


/*!40101 SET @OLD_CHARACTER_SET_CLIENT=@@CHARACTER_SET_CLIENT */;
/*!40101 SET @OLD_CHARACTER_SET_RESULTS=@@CHARACTER_SET_RESULTS */;
/*!40101 SET @OLD_COLLATION_CONNECTION=@@COLLATION_CONNECTION */;
/*!40101 SET NAMES utf8mb4 */;

--
-- Database: `designpatternrepo`
--

-- --------------------------------------------------------

--
-- Table structure for table `classnames`
--

CREATE TABLE `classnames` (
  `patternInstanceID` int(100) NOT NULL,
  `roleName` varchar(100) NOT NULL COMMENT 'Element Name',
  `className` varchar(100) NOT NULL
) ENGINE=InnoDB DEFAULT CHARSET=latin1;

--
-- Dumping data for table `classnames`
--

INSERT INTO `classnames` (`patternInstanceID`, `roleName`, `className`) VALUES
(3, 'dsff', 'dgdfg'),
(5, 'Component', 'Entity'),
(5, 'Composite', 'Box'),
(5, 'Component', 'Entity'),
(5, 'Composite', 'Box'),
(5, 'Component', 'Entity'),
(5, 'Composite', 'Box'),
(5, 'Component', 'Component'),
(5, 'Composite', 'Composite'),
(10, 'ConcreteElement', 'Composite'),
(10, 'Visitor', 'Visitor'),
(10, 'ConcreteElement', 'Leaf'),
(10, 'Visitor', 'Visitor'),
(4, 'Adaptee/Receiver', 'Fan'),
(4, 'Adapter/ConcreteCommand', 'FanOffCommand'),
(4, 'Adaptee/Receiver', 'Fan'),
(4, 'Adapter/ConcreteCommand', 'FanOnCommand'),
(4, 'Adaptee/Receiver', 'Light'),
(4, 'Adapter/ConcreteCommand', 'LightOffCommand'),
(4, 'Adaptee/Receiver', 'Light'),
(4, 'Adapter/ConcreteCommand', 'LightOnCommand'),
(8, 'Context', 'StrategyDemo'),
(8, 'State/Strategy', 'Strategy'),
(9, 'AbstractClass', 'TemplateMethod1'),
(9, 'AbstractClass', 'TemplateMethod2'),
(1, 'Creator', 'Creator'),
(2, 'Client', 'PrototypesModule'),
(2, 'Prototype', 'Prototype'),
(3, 'Singleton', 'ClassicSingleton'),
(3, 'uniqueInstance', 'private static ClassicSingleton instance'),
(4, 'Adaptee/Receiver', 'Fan'),
(4, 'Adapter/ConcreteCommand', 'FanOffCommand'),
(4, 'Adaptee/Receiver', 'Fan'),
(4, 'Adapter/ConcreteCommand', 'FanOnCommand'),
(4, 'Adaptee/Receiver', 'Light'),
(4, 'Adapter/ConcreteCommand', 'LightOffCommand'),
(4, 'Adaptee/Receiver', 'Light'),
(4, 'Adapter/ConcreteCommand', 'LightOnCommand'),
(5, 'Component', 'Entity'),
(5, 'Composite', 'Box'),
(5, 'Component', 'Component'),
(5, 'Composite', 'Composite'),
(6, 'Component', 'Widget'),
(6, 'Decorator', 'Decorator'),
(6, 'component', 'private Widget wid'),
(7, 'Observer', 'Prototype'),
(7, 'Subject', 'PrototypesModule'),
(7, 'Observer', 'AlarmListener'),
(7, 'Subject', 'SensorSystem'),
(8, 'Context', 'Switch'),
(8, 'State/Strategy', 'Command'),
(8, 'Context', 'FSM'),
(8, 'State/Strategy', 'State'),
(8, 'Context', 'PrototypesModule'),
(8, 'State/Strategy', 'Prototype'),
(8, 'Context', 'StrategyDemo'),
(8, 'State/Strategy', 'Strategy'),
(9, 'AbstractClass', 'Creator'),
(9, 'AbstractClass', 'TemplateMethod1'),
(9, 'AbstractClass', 'TemplateMethod2'),
(9, 'AbstractClass', 'Generalization'),
(9, 'AbstractClass', 'Specialization'),
(10, 'ConcreteElement', 'Composite'),
(10, 'Visitor', 'Visitor'),
(10, 'ConcreteElement', 'Leaf'),
(10, 'Visitor', 'Visitor'),
(11, 'Proxy', 'ProxyImage'),
(11, 'RealSubject', 'RealImage'),
(4, 'Adaptee/Receiver', 'Fan'),
(4, 'Adapter/ConcreteCommand', 'FanOffCommand'),
(4, 'Adaptee/Receiver', 'Fan'),
(4, 'Adapter/ConcreteCommand', 'FanOnCommand'),
(4, 'Adaptee/Receiver', 'Light'),
(4, 'Adapter/ConcreteCommand', 'LightOffCommand'),
(4, 'Adaptee/Receiver', 'Light'),
(4, 'Adapter/ConcreteCommand', 'LightOnCommand'),
(8, 'Context', 'Switch'),
(8, 'State/Strategy', 'Command'),
(4, 'Adaptee/Receiver', 'Fan'),
(4, 'Adapter/ConcreteCommand', 'FanOffCommand'),
(4, 'Adaptee/Receiver', 'Fan'),
(4, 'Adapter/ConcreteCommand', 'FanOnCommand'),
(4, 'Adaptee/Receiver', 'Light'),
(4, 'Adapter/ConcreteCommand', 'LightOffCommand'),
(4, 'Adaptee/Receiver', 'Light'),
(4, 'Adapter/ConcreteCommand', 'LightOnCommand'),
(8, 'Context', 'Switch'),
(8, 'State/Strategy', 'Command'),
(4, 'Adaptee/Receiver', 'Fan'),
(4, 'Adapter/ConcreteCommand', 'FanOffCommand'),
(4, 'Adaptee/Receiver', 'Fan'),
(4, 'Adapter/ConcreteCommand', 'FanOnCommand'),
(4, 'Adaptee/Receiver', 'Light'),
(4, 'Adapter/ConcreteCommand', 'LightOffCommand'),
(4, 'Adaptee/Receiver', 'Light'),
(4, 'Adapter/ConcreteCommand', 'LightOnCommand'),
(8, 'Context', 'Switch'),
(8, 'State/Strategy', 'Command'),
(4, 'Adaptee/Receiver', 'Fan'),
(4, 'Adapter/ConcreteCommand', 'FanOffCommand'),
(4, 'Adaptee/Receiver', 'Fan'),
(4, 'Adapter/ConcreteCommand', 'FanOnCommand'),
(4, 'Adaptee/Receiver', 'Light'),
(4, 'Adapter/ConcreteCommand', 'LightOffCommand'),
(4, 'Adaptee/Receiver', 'Light'),
(4, 'Adapter/ConcreteCommand', 'LightOnCommand'),
(8, 'Context', 'Switch'),
(8, 'State/Strategy', 'Command'),
(1, 'Creator', 'Creator'),
(2, 'Client', 'PrototypesModule'),
(2, 'Prototype', 'Prototype'),
(3, 'Singleton', 'ClassicSingleton'),
(3, 'uniqueInstance', 'private static ClassicSingleton instance'),
(4, 'Adaptee/Receiver', 'Fan'),
(4, 'Adapter/ConcreteCommand', 'FanOffCommand'),
(4, 'Adaptee/Receiver', 'Fan'),
(4, 'Adapter/ConcreteCommand', 'FanOnCommand'),
(4, 'Adaptee/Receiver', 'Light'),
(4, 'Adapter/ConcreteCommand', 'LightOffCommand'),
(4, 'Adaptee/Receiver', 'Light'),
(4, 'Adapter/ConcreteCommand', 'LightOnCommand'),
(5, 'Component', 'Entity'),
(5, 'Composite', 'Box'),
(5, 'Component', 'Component'),
(5, 'Composite', 'Composite'),
(6, 'Component', 'Widget'),
(6, 'Decorator', 'Decorator'),
(6, 'component', 'private Widget wid'),
(7, 'Observer', 'Prototype'),
(7, 'Subject', 'PrototypesModule'),
(7, 'Observer', 'AlarmListener'),
(7, 'Subject', 'SensorSystem'),
(8, 'Context', 'Switch'),
(8, 'State/Strategy', 'Command'),
(8, 'Context', 'FSM'),
(8, 'State/Strategy', 'State'),
(8, 'Context', 'PrototypesModule'),
(8, 'State/Strategy', 'Prototype'),
(8, 'Context', 'StrategyDemo'),
(8, 'State/Strategy', 'Strategy'),
(9, 'AbstractClass', 'Creator'),
(9, 'AbstractClass', 'TemplateMethod1'),
(9, 'AbstractClass', 'TemplateMethod2'),
(9, 'AbstractClass', 'Generalization'),
(9, 'AbstractClass', 'Specialization'),
(10, 'ConcreteElement', 'Composite'),
(10, 'Visitor', 'Visitor'),
(10, 'ConcreteElement', 'Leaf'),
(10, 'Visitor', 'Visitor'),
(11, 'Proxy', 'ProxyImage'),
(11, 'RealSubject', 'RealImage'),
(4, 'Adaptee/Receiver', 'Fan'),
(4, 'Adapter/ConcreteCommand', 'FanOffCommand'),
(4, 'Adaptee/Receiver', 'Fan'),
(4, 'Adapter/ConcreteCommand', 'FanOffCommand'),
(8, 'Context', 'Switch'),
(8, 'State/Strategy', 'Command'),
(1, 'Creator', 'Creator'),
(2, 'Client', 'PrototypesModule'),
(2, 'Prototype', 'Prototype'),
(3, 'Singleton', 'ClassicSingleton'),
(3, 'uniqueInstance', 'private static ClassicSingleton instance'),
(4, 'Adaptee/Receiver', 'Fan'),
(4, 'Adapter/ConcreteCommand', 'FanOffCommand'),
(5, 'Component', 'Entity'),
(5, 'Composite', 'Box'),
(6, 'Component', 'Widget'),
(6, 'Decorator', 'Decorator'),
(6, 'component', 'private Widget wid'),
(7, 'Observer', 'Prototype'),
(7, 'Subject', 'PrototypesModule'),
(8, 'Context', 'Switch'),
(8, 'State/Strategy', 'Command'),
(8, 'Context', 'FSM'),
(8, 'State/Strategy', 'State'),
(8, 'Context', 'PrototypesModule'),
(8, 'State/Strategy', 'Prototype'),
(8, 'Context', 'StrategyDemo'),
(8, 'State/Strategy', 'Strategy'),
(9, 'AbstractClass', 'Creator'),
(10, 'ConcreteElement', 'Composite'),
(10, 'Visitor', 'Visitor'),
(11, 'Proxy', 'ProxyImage'),
(11, 'RealSubject', 'RealImage'),
(1, 'Creator', 'Creator'),
(2, 'Client', 'PrototypesModule'),
(2, 'Prototype', 'Prototype'),
(3, 'Singleton', 'ClassicSingleton'),
(3, 'uniqueInstance', 'private static ClassicSingleton instance'),
(4, 'Adaptee/Receiver', 'Fan'),
(4, 'Adapter/ConcreteCommand', 'FanOffCommand'),
(4, 'Adaptee/Receiver', 'Fan'),
(4, 'Adapter/ConcreteCommand', 'FanOnCommand'),
(4, 'Adaptee/Receiver', 'Light'),
(4, 'Adapter/ConcreteCommand', 'LightOffCommand'),
(4, 'Adaptee/Receiver', 'Light'),
(4, 'Adapter/ConcreteCommand', 'LightOnCommand'),
(5, 'Component', 'Entity'),
(5, 'Composite', 'Box'),
(5, 'Component', 'Component'),
(5, 'Composite', 'Composite'),
(6, 'Component', 'Widget'),
(6, 'Decorator', 'Decorator'),
(6, 'component', 'private Widget wid'),
(7, 'Observer', 'Prototype'),
(7, 'Subject', 'PrototypesModule'),
(7, 'Observer', 'AlarmListener'),
(7, 'Subject', 'SensorSystem'),
(8, 'Context', 'Switch'),
(8, 'State/Strategy', 'Command'),
(8, 'Context', 'FSM'),
(8, 'State/Strategy', 'State'),
(8, 'Context', 'PrototypesModule'),
(8, 'State/Strategy', 'Prototype'),
(8, 'Context', 'StrategyDemo'),
(8, 'State/Strategy', 'Strategy'),
(9, 'AbstractClass', 'Creator'),
(9, 'AbstractClass', 'TemplateMethod1'),
(9, 'AbstractClass', 'TemplateMethod2'),
(9, 'AbstractClass', 'Generalization'),
(9, 'AbstractClass', 'Specialization'),
(10, 'ConcreteElement', 'Composite'),
(10, 'Visitor', 'Visitor'),
(10, 'ConcreteElement', 'Leaf'),
(10, 'Visitor', 'Visitor'),
(11, 'Proxy', 'ProxyImage'),
(11, 'RealSubject', 'RealImage'),
(1, 'Creator', 'Creator'),
(2, 'Client', 'PrototypesModule'),
(2, 'Prototype', 'Prototype'),
(3, 'Singleton', 'ClassicSingleton'),
(3, 'uniqueInstance', 'private static ClassicSingleton instance'),
(4, 'Adaptee/Receiver', 'Fan'),
(4, 'Adapter/ConcreteCommand', 'FanOffCommand'),
(4, 'Adaptee/Receiver', 'Fan'),
(4, 'Adapter/ConcreteCommand', 'FanOnCommand'),
(4, 'Adaptee/Receiver', 'Light'),
(4, 'Adapter/ConcreteCommand', 'LightOffCommand'),
(4, 'Adaptee/Receiver', 'Light'),
(4, 'Adapter/ConcreteCommand', 'LightOnCommand'),
(5, 'Component', 'Entity'),
(5, 'Composite', 'Box'),
(5, 'Component', 'Component'),
(5, 'Composite', 'Composite'),
(6, 'Component', 'Widget'),
(6, 'Decorator', 'Decorator'),
(6, 'component', 'private Widget wid'),
(7, 'Observer', 'Prototype'),
(7, 'Subject', 'PrototypesModule'),
(7, 'Observer', 'AlarmListener'),
(7, 'Subject', 'SensorSystem'),
(8, 'Context', 'Switch'),
(8, 'State/Strategy', 'Command'),
(8, 'Context', 'FSM'),
(8, 'State/Strategy', 'State'),
(8, 'Context', 'PrototypesModule'),
(8, 'State/Strategy', 'Prototype'),
(8, 'Context', 'StrategyDemo'),
(8, 'State/Strategy', 'Strategy'),
(9, 'AbstractClass', 'Creator'),
(9, 'AbstractClass', 'TemplateMethod1'),
(9, 'AbstractClass', 'TemplateMethod2'),
(9, 'AbstractClass', 'Generalization'),
(9, 'AbstractClass', 'Specialization'),
(10, 'ConcreteElement', 'Composite'),
(10, 'Visitor', 'Visitor'),
(10, 'ConcreteElement', 'Leaf'),
(10, 'Visitor', 'Visitor'),
(11, 'Proxy', 'ProxyImage'),
(11, 'RealSubject', 'RealImage'),
(1, 'Creator', 'Creator'),
(2, 'Client', 'PrototypesModule'),
(2, 'Prototype', 'Prototype'),
(3, 'Singleton', 'ClassicSingleton'),
(3, 'uniqueInstance', 'private static ClassicSingleton instance'),
(4, 'Adaptee/Receiver', 'Fan'),
(4, 'Adapter/ConcreteCommand', 'FanOffCommand'),
(4, 'Adaptee/Receiver', 'Fan'),
(4, 'Adapter/ConcreteCommand', 'FanOnCommand'),
(4, 'Adaptee/Receiver', 'Light'),
(4, 'Adapter/ConcreteCommand', 'LightOffCommand'),
(4, 'Adaptee/Receiver', 'Light'),
(4, 'Adapter/ConcreteCommand', 'LightOnCommand'),
(5, 'Component', 'Entity'),
(5, 'Composite', 'Box'),
(5, 'Component', 'Component'),
(5, 'Composite', 'Composite'),
(6, 'Component', 'Widget'),
(6, 'Decorator', 'Decorator'),
(6, 'component', 'private Widget wid'),
(7, 'Observer', 'Prototype'),
(7, 'Subject', 'PrototypesModule'),
(7, 'Observer', 'AlarmListener'),
(7, 'Subject', 'SensorSystem'),
(8, 'Context', 'Switch'),
(8, 'State/Strategy', 'Command'),
(8, 'Context', 'FSM'),
(8, 'State/Strategy', 'State'),
(8, 'Context', 'PrototypesModule'),
(8, 'State/Strategy', 'Prototype'),
(8, 'Context', 'StrategyDemo'),
(8, 'State/Strategy', 'Strategy'),
(9, 'AbstractClass', 'Creator'),
(9, 'AbstractClass', 'TemplateMethod1'),
(9, 'AbstractClass', 'TemplateMethod2'),
(9, 'AbstractClass', 'Generalization'),
(9, 'AbstractClass', 'Specialization'),
(10, 'ConcreteElement', 'Composite'),
(10, 'Visitor', 'Visitor'),
(10, 'ConcreteElement', 'Leaf'),
(10, 'Visitor', 'Visitor'),
(11, 'Proxy', 'ProxyImage'),
(11, 'RealSubject', 'RealImage'),
(1, 'Creator', 'Creator'),
(2, 'Client', 'PrototypesModule'),
(2, 'Prototype', 'Prototype'),
(3, 'Singleton', 'ClassicSingleton'),
(3, 'uniqueInstance', 'private static ClassicSingleton instance'),
(4, 'Adaptee/Receiver', 'Fan'),
(4, 'Adapter/ConcreteCommand', 'FanOffCommand'),
(4, 'Adaptee/Receiver', 'Fan'),
(4, 'Adapter/ConcreteCommand', 'FanOnCommand'),
(4, 'Adaptee/Receiver', 'Light'),
(4, 'Adapter/ConcreteCommand', 'LightOffCommand'),
(4, 'Adaptee/Receiver', 'Light'),
(4, 'Adapter/ConcreteCommand', 'LightOnCommand'),
(5, 'Component', 'Entity'),
(5, 'Composite', 'Box'),
(5, 'Component', 'Component'),
(5, 'Composite', 'Composite'),
(6, 'Component', 'Widget'),
(6, 'Decorator', 'Decorator'),
(6, 'component', 'private Widget wid'),
(7, 'Observer', 'Prototype'),
(7, 'Subject', 'PrototypesModule'),
(7, 'Observer', 'AlarmListener'),
(7, 'Subject', 'SensorSystem'),
(8, 'Context', 'Switch'),
(8, 'State/Strategy', 'Command'),
(8, 'Context', 'FSM'),
(8, 'State/Strategy', 'State'),
(8, 'Context', 'PrototypesModule'),
(8, 'State/Strategy', 'Prototype'),
(8, 'Context', 'StrategyDemo'),
(8, 'State/Strategy', 'Strategy'),
(9, 'AbstractClass', 'Creator'),
(9, 'AbstractClass', 'TemplateMethod1'),
(9, 'AbstractClass', 'TemplateMethod2'),
(9, 'AbstractClass', 'Generalization'),
(9, 'AbstractClass', 'Specialization'),
(10, 'ConcreteElement', 'Composite'),
(10, 'Visitor', 'Visitor'),
(10, 'ConcreteElement', 'Leaf'),
(10, 'Visitor', 'Visitor'),
(11, 'Proxy', 'ProxyImage'),
(11, 'RealSubject', 'RealImage'),
(4, 'Adaptee/Receiver', 'com.javapapers.designpattern.command.ConsumerElectronics'),
(4, 'Adapter/ConcreteCommand', 'com.javapapers.designpattern.command.OnCommand'),
(8, 'Context', 'com.javapapers.designpattern.command.Button'),
(8, 'State/Strategy', 'com.javapapers.designpattern.command.Command'),
(8, 'Context', 'com.javapapers.designpattern.command.OnCommand'),
(8, 'State/Strategy', 'com.javapapers.designpattern.command.ConsumerElectronics'),
(5, 'Component', 'org.arpit.javapostsforlearning.designpatterns.Employee'),
(5, 'Composite', 'org.arpit.javapostsforlearning.designpatterns.Manager'),
(4, 'Adaptee/Receiver', 'com.javapapers.designpattern.command.ConsumerElectronics'),
(4, 'Adapter/ConcreteCommand', 'com.javapapers.designpattern.command.OnCommand'),
(4, 'Adaptee/Receiver', 'com.javapapers.designpattern.command.ConsumerElectronics'),
(4, 'Adapter/ConcreteCommand', 'com.javapapers.designpattern.command.OnCommand'),
(8, 'Context', 'com.javapapers.designpattern.command.Button'),
(8, 'State/Strategy', 'com.javapapers.designpattern.command.Command'),
(8, 'Context', 'com.javapapers.designpattern.command.OnCommand'),
(8, 'State/Strategy', 'com.javapapers.designpattern.command.ConsumerElectronics'),
(4, 'Adaptee/Receiver', 'com.javapapers.designpattern.command.ConsumerElectronics'),
(4, 'Adapter/ConcreteCommand', 'com.javapapers.designpattern.command.OnCommand'),
(8, 'Context', 'com.javapapers.designpattern.command.Button'),
(8, 'State/Strategy', 'com.javapapers.designpattern.command.Command'),
(8, 'Context', 'com.javapapers.designpattern.command.OnCommand'),
(8, 'State/Strategy', 'com.javapapers.designpattern.command.ConsumerElectronics'),
(4, 'Adaptee/Receiver', 'com.javapapers.designpattern.command.ConsumerElectronics'),
(4, 'Adapter/ConcreteCommand', 'com.javapapers.designpattern.command.OnCommand'),
(8, 'Context', 'com.javapapers.designpattern.command.Button'),
(8, 'State/Strategy', 'com.javapapers.designpattern.command.Command'),
(8, 'Context', 'com.javapapers.designpattern.command.OnCommand'),
(8, 'State/Strategy', 'com.javapapers.designpattern.command.ConsumerElectronics'),
(4, 'Adaptee/Receiver', 'com.javapapers.designpattern.command.ConsumerElectronics'),
(4, 'Adapter/ConcreteCommand', 'com.javapapers.designpattern.command.OnCommand'),
(8, 'Context', 'com.javapapers.designpattern.command.Button'),
(8, 'State/Strategy', 'com.javapapers.designpattern.command.Command'),
(8, 'Context', 'com.javapapers.designpattern.command.OnCommand'),
(8, 'State/Strategy', 'com.javapapers.designpattern.command.ConsumerElectronics'),
(5, 'Component', 'org.arpit.javapostsforlearning.designpatterns.Employee'),
(5, 'Composite', 'org.arpit.javapostsforlearning.designpatterns.Manager'),
(3, 'Singleton', 'com.javacodegeeks.patterns.singletonpattern.Singleton'),
(3, 'uniqueInstance', 'private static com.javacodegeeks.patterns.singletonpattern.Singleton sc'),
(3, 'Singleton', 'com.javacodegeeks.patterns.singletonpattern.SingletonEager'),
(3, 'uniqueInstance', 'private static com.javacodegeeks.patterns.singletonpattern.SingletonEager sc'),
(3, 'Singleton', 'com.javacodegeeks.patterns.singletonpattern.SingletoneEnum$SingleEnum'),
(3, 'uniqueInstance', 'public static com.javacodegeeks.patterns.singletonpattern.SingletoneEnum$SingleEnum SINGLETON_ENUM'),
(3, 'Singleton', 'com.javacodegeeks.patterns.singletonpattern.SingletonLazy'),
(3, 'uniqueInstance', 'private static com.javacodegeeks.patterns.singletonpattern.SingletonLazy sc'),
(3, 'Singleton', 'com.javacodegeeks.patterns.singletonpattern.SingletonLazyDoubleCheck'),
(3, 'uniqueInstance', 'private static com.javacodegeeks.patterns.singletonpattern.SingletonLazyDoubleCheck sc'),
(3, 'Singleton', 'com.javacodegeeks.patterns.singletonpattern.SingletonLazyMultithreaded'),
(3, 'uniqueInstance', 'private static com.javacodegeeks.patterns.singletonpattern.SingletonLazyMultithreaded sc'),
(160, 'Adaptee/Receiver', 'marsrover.DataObserver.sensorData'),
(160, 'Adapter/ConcreteCommand', 'marsrover.DataObserver.REMS'),
(160, 'Adapter/ConcreteCommand', 'marsrover.Command.MoveBackwardCommand'),
(160, 'Adaptee/Receiver', 'marsrover.Command.Operations'),
(160, 'Adapter/ConcreteCommand', 'marsrover.Command.MoveForwardCommand'),
(160, 'Adaptee/Receiver', 'marsrover.Command.Operations'),
(160, 'Adapter/ConcreteCommand', 'marsrover.Command.RotateLeftCommand'),
(160, 'Adaptee/Receiver', 'marsrover.Command.Operations'),
(160, 'Adapter/ConcreteCommand', 'marsrover.Command.RotateRightCommand'),
(160, 'Adaptee/Receiver', 'marsrover.Command.Operations'),
(160, 'Adapter/ConcreteCommand', 'marsrover.Command.TakePictureCommand'),
(160, 'Adaptee/Receiver', 'marsrover.Command.Operations'),
(160, 'Adapter/ConcreteCommand', 'marsrover.Command.TakeSampleCommand'),
(160, 'Adaptee/Receiver', 'marsrover.Command.Operations'),
(160, 'Adaptee/Receiver', 'marsrover.DataObserver.Subject'),
(160, 'Adapter/ConcreteCommand', 'marsrover.DataObserver.Earth'),
(160, 'Adaptee/Receiver', 'marsrover.Observer.Camera'),
(160, 'Adapter/ConcreteCommand', 'marsrover.Observer.Rover'),
(161, 'Component', 'marsrover.Decorator.Rover'),
(161, 'Decorator', 'marsrover.Decorator.ExplorationActivity'),
(161, 'component', 'protected marsrover.Decorator.Rover marsRover'),
(162, 'Observer', 'marsrover.DataObserver.Observer'),
(162, 'Subject', 'marsrover.DataObserver.REMS'),
(162, 'Observer', 'marsrover.Observer.Observer'),
(162, 'Subject', 'marsrover.Observer.Camera'),
(163, 'Context', 'marsrover.Command.RemoteControl'),
(163, 'State/Strategy', 'marsrover.Command.Command'),
(163, 'Context', 'marsrover.Command.MoveBackwardCommand'),
(163, 'State/Strategy', 'marsrover.Command.Operations'),
(163, 'Context', 'marsrover.Command.MoveForwardCommand'),
(163, 'State/Strategy', 'marsrover.Command.Operations'),
(163, 'Context', 'marsrover.Command.RotateLeftCommand'),
(163, 'State/Strategy', 'marsrover.Command.Operations'),
(163, 'Context', 'marsrover.Command.RotateRightCommand'),
(163, 'State/Strategy', 'marsrover.Command.Operations'),
(163, 'Context', 'marsrover.Command.TakePictureCommand'),
(163, 'State/Strategy', 'marsrover.Command.Operations'),
(163, 'Context', 'marsrover.Command.TakeSampleCommand'),
(163, 'State/Strategy', 'marsrover.Command.Operations'),
(163, 'Context', 'marsrover.DataObserver.Earth'),
(163, 'State/Strategy', 'marsrover.DataObserver.Subject'),
(163, 'Context', 'marsrover.Strategy.RoverSoftware'),
(163, 'State/Strategy', 'marsrover.Strategy.RoverBehavior'),
(164, 'AbstractClass', 'marsrover.ChainOfResponsibility.AbstractAnalysis'),
(165, 'Adaptee/Receiver', 'com.javapapers.designpattern.command.ConsumerElectronics'),
(165, 'Adapter/ConcreteCommand', 'com.javapapers.designpattern.command.OnCommand'),
(166, 'Context', 'com.javapapers.designpattern.command.Button'),
(166, 'State/Strategy', 'com.javapapers.designpattern.command.Command'),
(166, 'Context', 'com.javapapers.designpattern.command.OnCommand'),
(166, 'State/Strategy', 'com.javapapers.designpattern.command.ConsumerElectronics'),
(167, 'Adaptee/Receiver', 'com.javapapers.designpattern.command.ConsumerElectronics'),
(167, 'Adapter/ConcreteCommand', 'com.javapapers.designpattern.command.OnCommand'),
(168, 'Context', 'com.javapapers.designpattern.command.Button'),
(168, 'State/Strategy', 'com.javapapers.designpattern.command.Command'),
(168, 'Context', 'com.javapapers.designpattern.command.OnCommand'),
(168, 'State/Strategy', 'com.javapapers.designpattern.command.ConsumerElectronics'),
(169, 'Component', 'org.arpit.javapostsforlearning.designpatterns.Employee'),
(169, 'Composite', 'org.arpit.javapostsforlearning.designpatterns.Manager');

-- --------------------------------------------------------

--
-- Table structure for table `commentstopattern`
--

CREATE TABLE `commentstopattern` (
  `patternInstanceID` int(100) NOT NULL,
  `WordID` int(100) NOT NULL,
  `Word` varchar(10000) NOT NULL,
  `className` varchar(200) DEFAULT NULL
) ENGINE=InnoDB DEFAULT CHARSET=latin1;

--
-- Dumping data for table `commentstopattern`
--

INSERT INTO `commentstopattern` (`patternInstanceID`, `WordID`, `Word`, `className`) VALUES
(5, 678, 'hello', 'Composite'),
(5, 1, 'FileWriter', 'Command'),
(5, 2, 'fileWritter', 'Command'),
(5, 3, 'FileWriter(outfileName,true)', 'Command'),
(5, 4, 'BufferedWriter', 'Command'),
(5, 5, 'writer', 'Command'),
(5, 6, 'BufferedWriter(fileWritter);', 'Command'),
(5, 101, '"lowest', 'DecoratorDemo'),
(5, 102, 'common', 'DecoratorDemo'),
(5, 103, 'denominator"', 'DecoratorDemo'),
(5, 104, '"Core"', 'DecoratorDemo'),
(5, 105, 'class', 'DecoratorDemo'),
(5, 106, '"isa"', 'DecoratorDemo'),
(5, 107, 'Second', 'DecoratorDemo'),
(5, 108, 'level', 'DecoratorDemo'),
(5, 109, 'base', 'DecoratorDemo'),
(5, 110, 'relationship', 'DecoratorDemo'),
(5, 111, '"hasa"', 'DecoratorDemo'),
(5, 112, 'Delegation', 'DecoratorDemo'),
(5, 113, 'Optional', 'DecoratorDemo'),
(5, 114, 'embellishment', 'DecoratorDemo'),
(5, 115, 'Delegate', 'DecoratorDemo'),
(5, 116, 'extra', 'DecoratorDemo'),
(5, 117, 'stuff', 'DecoratorDemo'),
(5, 118, 'Client', 'DecoratorDemo'),
(5, 119, 'responsibility', 'DecoratorDemo'),
(5, 120, 'compose', 'DecoratorDemo'),
(5, 121, 'desired', 'DecoratorDemo'),
(5, 122, 'configurations', 'DecoratorDemo'),
(5, 7, 'OnCommand', 'DemoCommandPattern'),
(5, 8, 'instantiated', 'DemoCommandPattern'),
(5, 9, 'based', 'DemoCommandPattern'),
(5, 10, 'active', 'DemoCommandPattern'),
(5, 11, 'device', 'DemoCommandPattern'),
(5, 12, 'supplied', 'DemoCommandPattern'),
(5, 13, 'Remote', 'DemoCommandPattern'),
(5, 90, 'leaf', 'Developer'),
(5, 91, 'node', 'Developer'),
(5, 57, 'method', 'Developer'),
(5, 92, 'applicable', 'Developer'),
(5, 93, 'class.', 'Developer'),
(5, 94, 'class,there', 'Developer'),
(5, 95, 'many', 'Developer'),
(5, 96, 'methods', 'Developer'),
(5, 97, 'which', 'Developer'),
(5, 98, 'developer', 'Developer'),
(5, 99, 'because', 'Developer'),
(5, 100, 'node.', 'Developer'),
(5, 14, 'Accesing', 'Main'),
(5, 15, 'driver', 'Main'),
(5, 16, 'from', 'Main'),
(5, 17, 'file', 'Main'),
(5, 18, 'Creating', 'Main'),
(5, 19, 'variable', 'Main'),
(5, 20, 'connection', 'Main'),
(5, 21, 'localhost:3306derp","root","");', 'Main'),
(5, 22, 'jdbc:mysql:localhost:3306derp->is', 'Main'),
(5, 23, 'database', 'Main'),
(5, 24, 'root', 'Main'),
(5, 25, 'username', 'Main'),
(5, 26, 'password', 'Main'),
(5, 18, 'creating', 'Main'),
(5, 27, 'query', 'Main'),
(5, 28, 'executing', 'Main'),
(5, 29, 'comment', 'Room'),
(5, 30, 'first', 'sample1'),
(5, 29, 'comment', 'sample1'),
(5, 31, 'CONSTRUCTOR', 'sample1'),
(5, 32, 'long', 'sample1'),
(5, 33, 'another', 'sample1'),
(5, 34, 'single', 'sample1'),
(5, 35, 'line', 'sample1'),
(5, 36, 'Also', 'sample1'),
(5, 37, 'more', 'sample1'),
(5, 38, 'javadoc', 'sample1'),
(5, 39, 'cmnt', 'sample1'),
(5, 40, 'trick', 'sample2'),
(5, 41, 'help', 'sample2'),
(5, 42, 'debugging', 'sample2'),
(5, 31, 'Constructor', 'sample2'),
(5, 43, 'turn', 'sample2'),
(5, 44, 'Default', 'sample2'),
(5, 31, 'constructor', 'sample2'),
(5, 45, 'Invokes', 'sample2'),
(5, 46, 'parameter', 'sample2'),
(5, 47, 'Point2D', 'sample2'),
(5, 48, 'Note', 'sample2'),
(5, 49, 'this()', 'sample2'),
(5, 50, 'invocation', 'sample2'),
(5, 51, 'must', 'sample2'),
(5, 52, 'BEGINNING', 'sample2'),
(5, 53, 'statement', 'sample2'),
(5, 54, 'body', 'sample2'),
(5, 33, 'Another', 'sample2'),
(5, 55, 'consructor', 'sample2'),
(5, 56, 'better', 'sample2'),
(5, 57, 'method', 'sample2'),
(5, 58, 'would', 'sample2'),
(5, 59, 'replace', 'sample2'),
(5, 60, 'above', 'sample2'),
(5, 61, 'code', 'sample2'),
(5, 62, '(pt.getX(),', 'sample2'),
(5, 63, 'pt.getY());', 'sample2'),
(5, 64, 'especially', 'sample2'),
(5, 65, 'since', 'sample2'),
(5, 66, 'does', 'sample2'),
(5, 67, 'initialize', 'sample2'),
(5, 19, 'variable', 'sample2'),
(5, 68, 'debug.', 'sample2'),
(5, 69, 'reusing', 'sample2'),
(5, 70, 'already', 'sample2'),
(5, 71, 'working.', 'sample2'),
(5, 72, 'print', 'sample2'),
(5, 73, 'string', 'sample2'),
(5, 74, 'only', 'sample2'),
(5, 75, '"debug"', 'sample2'),
(5, 76, 'data', 'sample2'),
(5, 77, 'member', 'sample2'),
(5, 78, 'true', 'sample2'),
(5, 79, 'check', 'sample2'),
(5, 80, 'dprint()', 'sample2'),
(5, 81, 'coordinates', 'sample2'),
(5, 82, 'point--instance', 'sample2'),
(5, 83, 'variables', 'sample2'),
(5, 123, 'concrete', 'TestCommand'),
(5, 124, 'Command', 'TestCommand'),
(5, 125, 'registers', 'TestCommand'),
(5, 126, 'itself', 'TestCommand'),
(5, 127, 'invoker', 'TestCommand'),
(5, 128, 'calls', 'TestCommand'),
(5, 129, 'back', 'TestCommand'),
(5, 130, 'Command,', 'TestCommand'),
(5, 97, 'which', 'TestCommand'),
(5, 131, 'executes', 'TestCommand'),
(5, 132, 'receiver', 'TestCommand'),
(5, 84, 'have', 'UniversalRemote'),
(5, 85, 'complex', 'UniversalRemote'),
(5, 86, 'electronic', 'UniversalRemote'),
(5, 87, 'circuit', 'UniversalRemote'),
(5, 88, 'maintain', 'UniversalRemote'),
(5, 89, 'current', 'UniversalRemote'),
(5, 11, 'device', 'UniversalRemote');

-- --------------------------------------------------------

--
-- Table structure for table `file_directory`
--

CREATE TABLE `file_directory` (
  `ID` int(100) NOT NULL,
  `Directory` text NOT NULL
) ENGINE=InnoDB DEFAULT CHARSET=latin1;

--
-- Dumping data for table `file_directory`
--

INSERT INTO `file_directory` (`ID`, `Directory`) VALUES
(1, 'gfdg'),
(2, 'D:\\DPSS\\Example Code\\huston\\Composite'),
(3, 'D:\\DPSS\\Example Code\\huston\\Command'),
(4, 'D:\\DPSS\\Example Code\\huston\\Command'),
(5, 'C:\\Users\\Natasha Khan\\Downloads\\huston'),
(6, 'C:\\Users\\Natasha Khan\\Downloads\\huston'),
(7, 'C:\\Users\\Natasha Khan\\Downloads\\huston'),
(8, 'C:\\Users\\Natasha Khan\\Downloads\\huston\\huston\\Composite'),
(9, 'C:\\Users\\Natasha Khan\\Downloads\\huston\\huston\\Composite'),
(10, 'C:\\Users\\Natasha Khan\\Downloads\\huston\\huston\\Composite'),
(11, 'C:\\Users\\Natasha Khan\\Downloads\\huston\\huston\\Command'),
(12, 'C:\\Users\\Natasha Khan\\Downloads\\huston\\huston\\Command'),
(13, 'C:\\Users\\Natasha Khan\\Downloads\\huston\\huston\\Command'),
(14, 'C:\\Users\\Natasha Khan\\Downloads\\huston\\huston\\Command'),
(15, 'C:\\Users\\Natasha Khan\\Downloads\\huston\\huston\\Command'),
(16, 'C:\\Users\\Natasha Khan\\Downloads\\huston\\huston\\Command'),
(17, 'C:\\Users\\Natasha Khan\\Downloads\\huston\\huston\\Command'),
(18, 'C:\\Users\\Natasha Khan\\Downloads\\huston\\huston\\Command'),
(19, 'C:\\Users\\Natasha Khan\\Downloads\\huston\\huston\\Command'),
(20, 'C:\\Users\\Natasha Khan\\Downloads\\huston\\huston\\Command'),
(21, 'C:\\Users\\Natasha Khan\\Downloads\\huston\\huston\\Command'),
(22, 'C:\\Users\\Natasha Khan\\Documents'),
(23, 'C:\\Users\\Natasha Khan\\Downloads\\huston\\huston\\Command'),
(24, 'C:\\Users\\Natasha Khan\\Downloads\\huston\\huston\\Command'),
(25, 'C:\\Users\\Natasha Khan\\Downloads\\huston\\huston\\Command'),
(26, 'C:\\Users\\Natasha Khan\\Downloads'),
(27, 'C:\\Users\\Natasha Khan\\Downloads\\huston\\huston\\Command'),
(28, 'C:\\Users\\Natasha Khan\\Downloads\\huston\\huston\\Command'),
(29, 'C:\\Users\\Natasha Khan\\Downloads\\huston\\huston\\Command'),
(30, 'C:\\Users\\Natasha Khan\\Downloads\\huston\\huston\\Command'),
(31, 'C:\\Users\\Natasha Khan\\Documents'),
(32, 'C:\\Users\\Natasha Khan\\Downloads\\huston\\huston\\Template_Method'),
(33, 'C:\\Users\\Natasha Khan\\Downloads\\huston\\huston\\Observer'),
(34, 'C:\\Users\\Natasha Khan\\Downloads\\huston\\huston\\Decorator'),
(35, 'C:\\Users\\Natasha Khan\\Downloads\\huston\\huston\\Command'),
(36, 'C:\\Users\\Natasha Khan\\Downloads\\huston\\huston\\Command'),
(37, 'C:\\Users\\Natasha Khan\\Downloads\\huston\\huston\\Command'),
(38, 'C:\\Users\\Natasha Khan\\Downloads\\huston\\huston\\Command'),
(39, 'C:\\Users\\Natasha Khan\\Downloads\\huston\\huston\\Command'),
(40, 'C:\\Users\\Natasha Khan\\Downloads\\huston\\huston\\Command'),
(41, 'C:\\Users\\Natasha Khan\\Downloads\\huston\\huston\\Command'),
(42, 'C:\\Users\\Natasha Khan\\Downloads\\huston\\huston\\Strategy+Template_Method'),
(43, 'C:\\Users\\Natasha Khan\\Downloads\\huston\\huston'),
(44, 'C:\\Users\\Natasha Khan\\Downloads\\huston\\huston\\Command'),
(45, 'C:\\Users\\Natasha Khan\\Downloads\\huston\\huston\\Command'),
(46, 'C:\\Users\\Natasha Khan\\Downloads\\huston\\huston\\Command'),
(47, 'C:\\Users\\Natasha Khan\\Downloads\\huston\\huston\\Command'),
(48, 'C:\\Users\\Natasha Khan\\Downloads\\huston\\huston'),
(49, 'C:\\Users\\Natasha Khan\\Downloads\\huston\\huston\\Command'),
(50, 'C:\\Users\\Natasha Khan\\Downloads\\huston\\huston\\Command'),
(51, 'C:\\Users\\Natasha Khan\\Downloads\\huston\\huston\\Command'),
(52, 'C:\\Users\\Natasha Khan\\Downloads\\huston'),
(53, 'C:\\Users\\Natasha Khan\\Downloads\\huston\\huston'),
(54, 'C:\\Users\\Natasha Khan\\Downloads\\huston\\huston'),
(55, 'C:\\Users\\Natasha Khan\\Downloads\\huston\\huston'),
(56, 'C:\\Users\\Natasha Khan\\Documents'),
(57, 'C:\\Users\\Natasha Khan\\Documents\\CommandPattern'),
(58, 'C:\\Users\\Natasha Khan\\Documents\\CompositePattern'),
(59, 'C:\\Users\\Natasha Khan\\Documents\\CompositePattern'),
(60, 'C:\\Users\\Natasha Khan\\Documents\\ProxyPattern'),
(61, 'C:\\Users\\Natasha Khan\\Documents\\FactoryPattern'),
(62, 'C:\\Users\\Natasha Khan\\Documents\\DecoratorPattern'),
(63, 'C:\\Users\\Natasha Khan\\Documents\\CommandPattern'),
(64, 'C:\\Users\\Natasha Khan\\Documents\\CommandPattern'),
(65, 'C:\\Users\\Natasha Khan\\Documents\\CommandPattern'),
(66, 'C:\\Users\\Natasha Khan\\Documents\\CompositePattern'),
(67, 'C:\\Users\\Natasha Khan\\Documents\\CommandPattern'),
(68, 'C:\\Users\\Natasha Khan\\Documents\\CommandPattern'),
(69, 'C:\\Users\\Natasha Khan\\Documents\\CompositePattern'),
(70, 'C:\\Users\\Natasha Khan\\Documents\\CommandPattern'),
(71, 'C:\\Users\\Natasha Khan\\Documents\\CompositePattern'),
(72, 'C:\\Users\\Natasha Khan\\Documents\\CompositePattern'),
(73, 'C:\\Users\\Natasha Khan\\Documents\\CommandPattern'),
(74, 'C:\\Users\\Natasha Khan\\Documents\\CommandPattern'),
(75, 'C:\\Users\\Natasha Khan\\Documents\\CommandPattern'),
(76, 'C:\\Users\\Natasha Khan\\Documents\\CommandPattern'),
(77, 'C:\\Users\\Natasha Khan\\Documents\\CommandPattern'),
(78, 'C:\\Users\\Natasha Khan\\Documents\\CommandPattern'),
(79, 'C:\\Users\\Natasha Khan\\Documents\\CommandPattern'),
(80, 'C:\\Users\\Natasha Khan\\Documents\\CommandPattern'),
(81, 'C:\\Users\\Natasha Khan\\Documents\\CommandPattern'),
(82, 'C:\\Users\\Natasha Khan\\Documents\\CommandPattern'),
(83, 'C:\\Users\\Natasha Khan\\Documents\\CommandPattern'),
(84, 'C:\\Users\\Natasha Khan\\Documents\\CommandPattern'),
(85, 'C:\\Users\\Natasha Khan\\Documents\\CommandPattern'),
(86, 'C:\\Users\\Natasha Khan\\Documents\\CommandPattern'),
(87, 'C:\\Users\\Natasha Khan\\Documents\\CommandPattern'),
(88, 'C:\\Users\\Natasha Khan\\Documents\\CommandPattern'),
(89, 'C:\\Users\\Natasha Khan\\Documents\\CommandPattern'),
(90, 'C:\\Users\\Natasha Khan\\Documents\\CommandPattern'),
(91, 'C:\\Users\\Natasha Khan\\Documents\\CompositePattern'),
(92, 'C:\\Users\\Natasha Khan\\Downloads\\Strategy'),
(93, 'C:\\Users\\Natasha Khan\\Downloads\\SingletonPattern-Project'),
(94, 'D:\\Strategy_old'),
(95, 'D:\\Strategy'),
(96, 'C:\\Users\\Natasha Khan\\Downloads\\Strategy'),
(97, 'C:\\Users\\Natasha Khan\\Dropbox\\Reaserch Project\\DPA2 201511190118\\DPA2\\DPA2'),
(98, 'C:\\Users\\Natasha Khan\\Dropbox\\Reaserch Project\\DPA2 201511190118\\DPA2\\DPA2'),
(99, 'C:\\Users\\Natasha Khan\\Dropbox\\Reaserch Project\\DPA2 201511190118\\DPA2\\DPA2'),
(100, 'C:\\Users\\Natasha Khan\\Dropbox\\Reaserch Project\\DPA2 201511190118\\DPA2\\DPA2'),
(101, 'C:\\Users\\Natasha Khan\\Documents\\CommandPattern'),
(102, 'C:\\Users\\Natasha Khan\\Documents\\CommandPattern'),
(103, 'C:\\Users\\Natasha Khan\\Documents\\CompositePattern');

-- --------------------------------------------------------

--
-- Table structure for table `lookupwords`
--

CREATE TABLE `lookupwords` (
  `WordId` int(11) NOT NULL,
  `Word` varchar(10000) NOT NULL
) ENGINE=InnoDB DEFAULT CHARSET=latin1;

--
-- Dumping data for table `lookupwords`
--

INSERT INTO `lookupwords` (`WordId`, `Word`) VALUES
(1, 'FileWriter'),
(2, 'fileWritter'),
(3, 'FileWriter(outfileName,true)'),
(4, 'BufferedWriter'),
(5, 'writer'),
(6, 'BufferedWriter(fileWritter);'),
(7, 'OnCommand'),
(8, 'instantiated'),
(9, 'based'),
(10, 'active'),
(11, 'device'),
(12, 'supplied'),
(13, 'Remote'),
(14, 'Accesing'),
(15, 'driver'),
(16, 'from'),
(17, 'file'),
(18, 'Creating'),
(19, 'variable'),
(20, 'connection'),
(21, 'localhost:3306derp","root","");'),
(22, 'jdbc:mysql:localhost:3306derp->is'),
(23, 'database'),
(24, 'root'),
(25, 'username'),
(26, 'password'),
(27, 'query'),
(28, 'executing'),
(29, 'comment'),
(30, 'first'),
(31, 'CONSTRUCTOR'),
(32, 'long'),
(33, 'another'),
(34, 'single'),
(35, 'line'),
(36, 'Also'),
(37, 'more'),
(38, 'javadoc'),
(39, 'cmnt'),
(40, 'trick'),
(41, 'help'),
(42, 'debugging'),
(43, 'turn'),
(44, 'Default'),
(45, 'Invokes'),
(46, 'parameter'),
(47, 'Point2D'),
(48, 'Note'),
(49, 'this()'),
(50, 'invocation'),
(51, 'must'),
(52, 'BEGINNING'),
(53, 'statement'),
(54, 'body'),
(55, 'consructor'),
(56, 'better'),
(57, 'method'),
(58, 'would'),
(59, 'replace'),
(60, 'above'),
(61, 'code'),
(62, '(pt.getX(),'),
(63, 'pt.getY());'),
(64, 'especially'),
(65, 'since'),
(66, 'does'),
(67, 'initialize'),
(68, 'debug.'),
(69, 'reusing'),
(70, 'already'),
(71, 'working.'),
(72, 'print'),
(73, 'string'),
(74, 'only'),
(75, '"debug"'),
(76, 'data'),
(77, 'member'),
(78, 'true'),
(79, 'check'),
(80, 'dprint()'),
(81, 'coordinates'),
(82, 'point--instance'),
(83, 'variables'),
(84, 'have'),
(85, 'complex'),
(86, 'electronic'),
(87, 'circuit'),
(88, 'maintain'),
(89, 'current'),
(90, 'leaf'),
(91, 'node'),
(92, 'applicable'),
(93, 'class.'),
(94, 'class,there'),
(95, 'many'),
(96, 'methods'),
(97, 'which'),
(98, 'developer'),
(99, 'because'),
(100, 'node.'),
(101, '"lowest'),
(102, 'common'),
(103, 'denominator"'),
(104, '"Core"'),
(105, 'class'),
(106, '"isa"'),
(107, 'Second'),
(108, 'level'),
(109, 'base'),
(110, 'relationship'),
(111, '"hasa"'),
(112, 'Delegation'),
(113, 'Optional'),
(114, 'embellishment'),
(115, 'Delegate'),
(116, 'extra'),
(117, 'stuff'),
(118, 'Client'),
(119, 'responsibility'),
(120, 'compose'),
(121, 'desired'),
(122, 'configurations'),
(123, 'concrete'),
(124, 'Command'),
(125, 'registers'),
(126, 'itself'),
(127, 'invoker'),
(128, 'calls'),
(129, 'back'),
(130, 'Command,'),
(131, 'executes'),
(132, 'receiver');

-- --------------------------------------------------------

--
-- Table structure for table `methodnames`
--

CREATE TABLE `methodnames` (
  `patternInstanceID` int(100) NOT NULL,
  `roleName` varchar(200) NOT NULL,
  `methodName` varchar(200) NOT NULL,
  `className` varchar(200) NOT NULL
) ENGINE=InnoDB DEFAULT CHARSET=latin1;

--
-- Dumping data for table `methodnames`
--

INSERT INTO `methodnames` (`patternInstanceID`, `roleName`, `methodName`, `className`) VALUES
(1, 'FactoryMethod()', 'factoryMethod', 'Creator'),
(2, 'Operation()', 'findAndClone(java.lang.String)', 'PrototypesModule'),
(4, 'Request()/Execute()', 'execute', 'FanOffCommand'),
(4, 'Request()/Execute()', 'execute', 'FanOnCommand'),
(4, 'Request()/Execute()', 'execute', 'LightOffCommand'),
(4, 'Request()/Execute()', 'execute', 'LightOnCommand'),
(5, 'Operation()', 'traverse', 'Box'),
(5, 'Operation()', 'traverse', 'Composite'),
(5, 'Operation()', 'accept(Visitor)', 'Composite'),
(6, 'Operation()', 'draw', 'Decorator'),
(7, 'Notify()', 'findAndClone(java.lang.String)', 'PrototypesModule'),
(7, 'Notify()', 'soundTheAlarm', 'SensorSystem'),
(9, 'TemplateMethod()', 'anOperation', 'Creator'),
(9, 'TemplateMethod()', 'solve', 'TemplateMethod1'),
(9, 'TemplateMethod()', 'solve', 'TemplateMethod2'),
(9, 'TemplateMethod()', 'findSolution', 'Generalization'),
(9, 'TemplateMethod()', 'stepThr', 'Specialization'),
(10, 'Accept()', 'accept(Visitor)', 'Composite'),
(10, 'Accept()', 'accept(Visitor)', 'Leaf'),
(11, 'Request()', 'displayImage', 'ProxyImage'),
(1, 'FactoryMethod', 'factoryMethod', 'Creator'),
(2, 'Operation', 'findAndClone(java.lang.String)', 'PrototypesModule'),
(4, 'Request/Execute', 'execute', 'FanOffCommand'),
(4, 'Request/Execute', 'execute', 'FanOnCommand'),
(4, 'Request/Execute', 'execute', 'LightOffCommand'),
(4, 'Request/Execute', 'execute', 'LightOnCommand'),
(5, 'Operation', 'traverse', 'Box'),
(5, 'Operation', 'traverse', 'Composite'),
(5, 'Operation', 'accept(Visitor)', 'Composite'),
(6, 'Operation', 'draw', 'Decorator'),
(7, 'Notify', 'findAndClone(java.lang.String)', 'PrototypesModule'),
(7, 'Notify', 'soundTheAlarm', 'SensorSystem'),
(9, 'TemplateMethod', 'anOperation', 'Creator'),
(9, 'TemplateMethod', 'solve', 'TemplateMethod1'),
(9, 'TemplateMethod', 'solve', 'TemplateMethod2'),
(9, 'TemplateMethod', 'findSolution', 'Generalization'),
(9, 'TemplateMethod', 'stepThr', 'Specialization'),
(10, 'Accept', 'accept(Visitor)', 'Composite'),
(10, 'Accept', 'accept(Visitor)', 'Leaf'),
(11, 'Request', 'displayImage', 'ProxyImage'),
(4, 'Request/Execute', 'execute', 'com.javapapers.designpattern.command.OnCommand'),
(5, 'Operation', 'print', 'org.arpit.javapostsforlearning.designpatterns.Manager'),
(4, 'Request/Execute', 'execute', 'com.javapapers.designpattern.command.OnCommand'),
(4, 'Request/Execute', 'execute', 'com.javapapers.designpattern.command.OnCommand'),
(4, 'Request/Execute', 'execute', 'com.javapapers.designpattern.command.OnCommand'),
(4, 'Request/Execute', 'execute', 'com.javapapers.designpattern.command.OnCommand'),
(4, 'Request/Execute', 'execute', 'com.javapapers.designpattern.command.OnCommand'),
(5, 'Operation', 'print', 'org.arpit.javapostsforlearning.designpatterns.Manager'),
(160, 'Request/Execute', 'updateSensorData(marsrover.DataObserver.sensorData)', 'marsrover.DataObserver.REMS'),
(160, 'Request/Execute', 'execute', 'marsrover.Command.MoveBackwardCommand'),
(160, 'Request/Execute', 'execute', 'marsrover.Command.MoveForwardCommand'),
(160, 'Request/Execute', 'execute', 'marsrover.Command.RotateLeftCommand'),
(160, 'Request/Execute', 'execute', 'marsrover.Command.RotateRightCommand'),
(160, 'Request/Execute', 'execute', 'marsrover.Command.TakePictureCommand'),
(160, 'Request/Execute', 'execute', 'marsrover.Command.TakeSampleCommand'),
(160, 'Request/Execute', 'update', 'marsrover.DataObserver.Earth'),
(160, 'Request/Execute', 'update', 'marsrover.Observer.Rover'),
(162, 'Notify', 'notifyObservers', 'marsrover.DataObserver.REMS'),
(162, 'Notify', 'notifyObserver', 'marsrover.Observer.Camera'),
(164, 'TemplateMethod', 'AnalyzeSpecimen(boolean)', 'marsrover.ChainOfResponsibility.AbstractAnalysis'),
(165, 'Request/Execute', 'execute', 'com.javapapers.designpattern.command.OnCommand'),
(167, 'Request/Execute', 'execute', 'com.javapapers.designpattern.command.OnCommand'),
(169, 'Operation', 'print', 'org.arpit.javapostsforlearning.designpatterns.Manager');

-- --------------------------------------------------------

--
-- Table structure for table `patterninstance`
--

CREATE TABLE `patterninstance` (
  `patternID` int(11) NOT NULL,
  `patternInstanceID` int(100) NOT NULL,
  `instanceClass` text NOT NULL,
  `projectName` text NOT NULL
) ENGINE=InnoDB DEFAULT CHARSET=latin1;

--
-- Dumping data for table `patterninstance`
--

INSERT INTO `patterninstance` (`patternID`, `patternInstanceID`, `instanceClass`, `projectName`) VALUES
(1, 1, '2', ''),
(5, 2, '[Component: Entity | Composite: Box | Operation(): Box::traverse():void | ]', ''),
(7, 3, '[Observer: AlarmListener | Subject: SensorSystem | Notify(): SensorSystem::soundTheAlarm():void | ]', ''),
(5, 4, '[Component: Entity | Composite: Box | Operation(): Box::traverse():void | ]', ''),
(5, 5, '[Component: Entity | Composite: Box | Operation(): Box::traverse():void | ]', 'hello'),
(5, 6, '[Component: Entity | Composite: Box | Operation(): Box::traverse():void | ]', 'hello'),
(5, 7, '[Component: Entity | Composite: Box | Operation(): Box::traverse():void | ]', 'hello'),
(5, 8, '[Component: Entity | Composite: Box | Operation(): Box::traverse():void | ]', 'hello'),
(5, 9, '[Component: Component | Composite: Composite | Operation(): Composite::traverse():void | Operation(): Composite::accept(Visitor):void | ]', 'hello'),
(10, 10, '[ConcreteElement: Composite | Visitor: Visitor | Accept(): Composite::accept(Visitor):void | , ConcreteElement: Leaf | Visitor: Visitor | Accept(): Leaf::accept(Visitor):void | ]', 'hello'),
(8, 11, '[Context: StrategyDemo | State/Strategy: Strategy | ]', 'hello'),
(9, 12, '[AbstractClass: TemplateMethod1 | TemplateMethod(): TemplateMethod1::solve():void | , AbstractClass: TemplateMethod2 | TemplateMethod(): TemplateMethod2::solve():void | ]', 'hello'),
(5, 13, '[Component: Entity | Composite: Box | Operation(): Box::traverse():void | ]', 'hello'),
(1, 14, '[Creator: Creator | FactoryMethod(): Creator::factoryMethod():Product | ]', 'hello'),
(2, 15, '[Client: PrototypesModule | Prototype: Prototype | Operation(): PrototypesModule::findAndClone(java.lang.String):java.lang.Object | ]', 'hello'),
(3, 16, '[Singleton: ClassicSingleton | uniqueInstance: private static ClassicSingleton instance | ]', 'hello'),
(4, 17, '[Adaptee/Receiver: Fan | Adapter/ConcreteCommand: FanOffCommand | Request()/Execute(): FanOffCommand::execute():void | , Adaptee/Receiver: Fan | Adapter/ConcreteCommand: FanOnCommand | Request()/Execute(): FanOnCommand::execute():void | , Adaptee/Receiver: Light | Adapter/ConcreteCommand: LightOffCommand | Request()/Execute(): LightOffCommand::execute():void | , Adaptee/Receiver: Light | Adapter/ConcreteCommand: LightOnCommand | Request()/Execute(): LightOnCommand::execute():void | ]', 'hello'),
(5, 18, '[Component: Entity | Composite: Box | Operation(): Box::traverse():void | , Component: Component | Composite: Composite | Operation(): Composite::traverse():void | Operation(): Composite::accept(Visitor):void | ]', 'hello'),
(6, 19, '[Component: Widget | Decorator: Decorator | component: private Widget wid | Operation(): Decorator::draw():void | ]', 'hello'),
(7, 20, '[Observer: Prototype | Subject: PrototypesModule | Notify(): PrototypesModule::findAndClone(java.lang.String):java.lang.Object | , Observer: AlarmListener | Subject: SensorSystem | Notify(): SensorSystem::soundTheAlarm():void | ]', 'hello'),
(8, 21, '[Context: Switch | State/Strategy: Command | , Context: FSM | State/Strategy: State | , Context: PrototypesModule | State/Strategy: Prototype | , Context: StrategyDemo | State/Strategy: Strategy | ]', 'hello'),
(9, 22, '[AbstractClass: Creator | TemplateMethod(): Creator::anOperation():void | , AbstractClass: TemplateMethod1 | TemplateMethod(): TemplateMethod1::solve():void | , AbstractClass: TemplateMethod2 | TemplateMethod(): TemplateMethod2::solve():void | , AbstractClass: Generalization | TemplateMethod(): Generalization::findSolution():void | , AbstractClass: Specialization | TemplateMethod(): Specialization::stepThr():void | ]', 'hello'),
(10, 23, '[ConcreteElement: Composite | Visitor: Visitor | Accept(): Composite::accept(Visitor):void | , ConcreteElement: Leaf | Visitor: Visitor | Accept(): Leaf::accept(Visitor):void | ]', 'hello'),
(11, 24, '[Proxy: ProxyImage | RealSubject: RealImage | Request(): ProxyImage::displayImage():void | ]', 'hello'),
(1, 25, '[Creator: Creator | FactoryMethod(): Creator::factoryMethod():Product | ]', 'hello'),
(2, 26, '[Client: PrototypesModule | Prototype: Prototype | Operation(): PrototypesModule::findAndClone(java.lang.String):java.lang.Object | ]', 'hello'),
(3, 27, '[Singleton: ClassicSingleton | uniqueInstance: private static ClassicSingleton instance | ]', 'hello'),
(4, 28, '[Adaptee/Receiver: Fan | Adapter/ConcreteCommand: FanOffCommand | Request()/Execute(): FanOffCommand::execute():void | , Adaptee/Receiver: Fan | Adapter/ConcreteCommand: FanOnCommand | Request()/Execute(): FanOnCommand::execute():void | , Adaptee/Receiver: Light | Adapter/ConcreteCommand: LightOffCommand | Request()/Execute(): LightOffCommand::execute():void | , Adaptee/Receiver: Light | Adapter/ConcreteCommand: LightOnCommand | Request()/Execute(): LightOnCommand::execute():void | ]', 'hello'),
(5, 29, '[Component: Entity | Composite: Box | Operation(): Box::traverse():void | , Component: Component | Composite: Composite | Operation(): Composite::traverse():void | Operation(): Composite::accept(Visitor):void | ]', 'hello'),
(6, 30, '[Component: Widget | Decorator: Decorator | component: private Widget wid | Operation(): Decorator::draw():void | ]', 'hello'),
(1, 31, '[Creator: Creator | FactoryMethod(): Creator::factoryMethod():Product | ]', 'hello'),
(2, 32, '[Client: PrototypesModule | Prototype: Prototype | Operation(): PrototypesModule::findAndClone(java.lang.String):java.lang.Object | ]', 'hello'),
(3, 33, '[Singleton: ClassicSingleton | uniqueInstance: private static ClassicSingleton instance | ]', 'hello'),
(4, 34, '[Adaptee/Receiver: Fan | Adapter/ConcreteCommand: FanOffCommand | Request()/Execute(): FanOffCommand::execute():void | , Adaptee/Receiver: Fan | Adapter/ConcreteCommand: FanOnCommand | Request()/Execute(): FanOnCommand::execute():void | , Adaptee/Receiver: Light | Adapter/ConcreteCommand: LightOffCommand | Request()/Execute(): LightOffCommand::execute():void | , Adaptee/Receiver: Light | Adapter/ConcreteCommand: LightOnCommand | Request()/Execute(): LightOnCommand::execute():void | ]', 'hello'),
(5, 35, '[Component: Entity | Composite: Box | Operation(): Box::traverse():void | , Component: Component | Composite: Composite | Operation(): Composite::traverse():void | Operation(): Composite::accept(Visitor):void | ]', 'hello'),
(6, 36, '[Component: Widget | Decorator: Decorator | component: private Widget wid | Operation(): Decorator::draw():void | ]', 'hello'),
(7, 37, '[Observer: Prototype | Subject: PrototypesModule | Notify(): PrototypesModule::findAndClone(java.lang.String):java.lang.Object | , Observer: AlarmListener | Subject: SensorSystem | Notify(): SensorSystem::soundTheAlarm():void | ]', 'hello'),
(8, 38, '[Context: Switch | State/Strategy: Command | , Context: FSM | State/Strategy: State | , Context: PrototypesModule | State/Strategy: Prototype | , Context: StrategyDemo | State/Strategy: Strategy | ]', 'hello'),
(9, 39, '[AbstractClass: Creator | TemplateMethod(): Creator::anOperation():void | , AbstractClass: TemplateMethod1 | TemplateMethod(): TemplateMethod1::solve():void | , AbstractClass: TemplateMethod2 | TemplateMethod(): TemplateMethod2::solve():void | , AbstractClass: Generalization | TemplateMethod(): Generalization::findSolution():void | , AbstractClass: Specialization | TemplateMethod(): Specialization::stepThr():void | ]', 'hello'),
(10, 40, '[ConcreteElement: Composite | Visitor: Visitor | Accept(): Composite::accept(Visitor):void | , ConcreteElement: Leaf | Visitor: Visitor | Accept(): Leaf::accept(Visitor):void | ]', 'hello'),
(11, 41, '[Proxy: ProxyImage | RealSubject: RealImage | Request(): ProxyImage::displayImage():void | ]', 'hello'),
(5, 42, '[Component: Entity | Composite: Box | Operation(): Box::traverse():void | ]', 'hello'),
(6, 43, '[Component: Widget | Decorator: Decorator | component: private Widget wid | Operation(): Decorator::draw():void | ]', 'hello'),
(1, 44, '[Creator: Creator | FactoryMethod(): Creator::factoryMethod():Product | ]', 'hello'),
(5, 45, '[Component: Entity | Composite: Box | Operation(): Box::traverse():void | ]', 'hello'),
(5, 46, '[Component: Entity | Composite: Box | Operation(): Box::traverse():void | ]', 'hello'),
(5, 47, '[Component: Entity | Composite: Box | Operation(): Box::traverse():void | ]', 'hello'),
(5, 48, '[Component: Entity | Composite: Box | Operation(): Box::traverse():void | ]', 'hello'),
(5, 49, '[Component: Entity | Composite: Box | Operation(): Box::traverse():void | ]', 'huston'),
(5, 50, '[Component: Entity | Composite: Box | Operation(): Box::traverse():void | ]', 'huston'),
(5, 51, '[Component: Entity | Composite: Box | Operation(): Box::traverse():void | ]', 'huston'),
(5, 52, '[Component: Entity | Composite: Box | Operation(): Box::traverse():void | ]', 'huston'),
(5, 53, '[Component: Component | Composite: Composite | Operation(): Composite::traverse():void | Operation(): Composite::accept(Visitor):void | ]', 'huston'),
(10, 54, '[ConcreteElement: Composite | Visitor: Visitor | Accept(): Composite::accept(Visitor):void | , ConcreteElement: Leaf | Visitor: Visitor | Accept(): Leaf::accept(Visitor):void | ]', 'huston'),
(4, 55, '[Adaptee/Receiver: Fan | Adapter/ConcreteCommand: FanOffCommand | Request()/Execute(): FanOffCommand::execute():void | , Adaptee/Receiver: Fan | Adapter/ConcreteCommand: FanOnCommand | Request()/Execute(): FanOnCommand::execute():void | , Adaptee/Receiver: Light | Adapter/ConcreteCommand: LightOffCommand | Request()/Execute(): LightOffCommand::execute():void | , Adaptee/Receiver: Light | Adapter/ConcreteCommand: LightOnCommand | Request()/Execute(): LightOnCommand::execute():void | ]', 'Hello'),
(8, 56, '[Context: StrategyDemo | State/Strategy: Strategy | ]', 'Hello'),
(9, 57, '[AbstractClass: TemplateMethod1 | TemplateMethod(): TemplateMethod1::solve():void | , AbstractClass: TemplateMethod2 | TemplateMethod(): TemplateMethod2::solve():void | ]', 'Hello'),
(1, 58, '[Creator: Creator | FactoryMethod(): Creator::factoryMethod():Product | ]', 'C:\\Users\\Natasha Khan\\Downloads\\huston\\huston'),
(2, 59, '[Client: PrototypesModule | Prototype: Prototype | Operation(): PrototypesModule::findAndClone(java.lang.String):java.lang.Object | ]', 'C:\\Users\\Natasha Khan\\Downloads\\huston\\huston'),
(3, 60, '[Singleton: ClassicSingleton | uniqueInstance: private static ClassicSingleton instance | ]', 'C:\\Users\\Natasha Khan\\Downloads\\huston\\huston'),
(4, 61, '[Adaptee/Receiver: Fan | Adapter/ConcreteCommand: FanOffCommand | Request()/Execute(): FanOffCommand::execute():void | , Adaptee/Receiver: Fan | Adapter/ConcreteCommand: FanOnCommand | Request()/Execute(): FanOnCommand::execute():void | , Adaptee/Receiver: Light | Adapter/ConcreteCommand: LightOffCommand | Request()/Execute(): LightOffCommand::execute():void | , Adaptee/Receiver: Light | Adapter/ConcreteCommand: LightOnCommand | Request()/Execute(): LightOnCommand::execute():void | ]', 'C:\\Users\\Natasha Khan\\Downloads\\huston\\huston'),
(5, 62, '[Component: Entity | Composite: Box | Operation(): Box::traverse():void | , Component: Component | Composite: Composite | Operation(): Composite::traverse():void | Operation(): Composite::accept(Visitor):void | ]', 'C:\\Users\\Natasha Khan\\Downloads\\huston\\huston'),
(6, 63, '[Component: Widget | Decorator: Decorator | component: private Widget wid | Operation(): Decorator::draw():void | ]', 'C:\\Users\\Natasha Khan\\Downloads\\huston\\huston'),
(7, 64, '[Observer: Prototype | Subject: PrototypesModule | Notify(): PrototypesModule::findAndClone(java.lang.String):java.lang.Object | , Observer: AlarmListener | Subject: SensorSystem | Notify(): SensorSystem::soundTheAlarm():void | ]', 'C:\\Users\\Natasha Khan\\Downloads\\huston\\huston'),
(8, 65, '[Context: Switch | State/Strategy: Command | , Context: FSM | State/Strategy: State | , Context: PrototypesModule | State/Strategy: Prototype | , Context: StrategyDemo | State/Strategy: Strategy | ]', 'C:\\Users\\Natasha Khan\\Downloads\\huston\\huston'),
(9, 66, '[AbstractClass: Creator | TemplateMethod(): Creator::anOperation():void | , AbstractClass: TemplateMethod1 | TemplateMethod(): TemplateMethod1::solve():void | , AbstractClass: TemplateMethod2 | TemplateMethod(): TemplateMethod2::solve():void | , AbstractClass: Generalization | TemplateMethod(): Generalization::findSolution():void | , AbstractClass: Specialization | TemplateMethod(): Specialization::stepThr():void | ]', 'C:\\Users\\Natasha Khan\\Downloads\\huston\\huston'),
(10, 67, '[ConcreteElement: Composite | Visitor: Visitor | Accept(): Composite::accept(Visitor):void | , ConcreteElement: Leaf | Visitor: Visitor | Accept(): Leaf::accept(Visitor):void | ]', 'C:\\Users\\Natasha Khan\\Downloads\\huston\\huston'),
(11, 68, '[Proxy: ProxyImage | RealSubject: RealImage | Request(): ProxyImage::displayImage():void | ]', 'C:\\Users\\Natasha Khan\\Downloads\\huston\\huston'),
(4, 69, '[Adaptee/Receiver: Fan | Adapter/ConcreteCommand: FanOffCommand | Request()/Execute(): FanOffCommand::execute():void | , Adaptee/Receiver: Fan | Adapter/ConcreteCommand: FanOnCommand | Request()/Execute(): FanOnCommand::execute():void | , Adaptee/Receiver: Light | Adapter/ConcreteCommand: LightOffCommand | Request()/Execute(): LightOffCommand::execute():void | , Adaptee/Receiver: Light | Adapter/ConcreteCommand: LightOnCommand | Request()/Execute(): LightOnCommand::execute():void | ]', 'C:\\Users\\Natasha Khan\\Downloads\\huston\\huston\\Command'),
(8, 70, '[Context: Switch | State/Strategy: Command | ]', 'C:\\Users\\Natasha Khan\\Downloads\\huston\\huston\\Command'),
(4, 71, '[Adaptee/Receiver: Fan | Adapter/ConcreteCommand: FanOffCommand | Request()/Execute(): FanOffCommand::execute():void | , Adaptee/Receiver: Fan | Adapter/ConcreteCommand: FanOnCommand | Request()/Execute(): FanOnCommand::execute():void | , Adaptee/Receiver: Light | Adapter/ConcreteCommand: LightOffCommand | Request()/Execute(): LightOffCommand::execute():void | , Adaptee/Receiver: Light | Adapter/ConcreteCommand: LightOnCommand | Request()/Execute(): LightOnCommand::execute():void | ]', 'C:\\Users\\Natasha Khan\\Downloads\\huston\\huston\\Command'),
(8, 72, '[Context: Switch | State/Strategy: Command | ]', 'C:\\Users\\Natasha Khan\\Downloads\\huston\\huston\\Command'),
(4, 73, '[Adaptee/Receiver: Fan | Adapter/ConcreteCommand: FanOffCommand | Request()/Execute(): FanOffCommand::execute():void | , Adaptee/Receiver: Fan | Adapter/ConcreteCommand: FanOnCommand | Request()/Execute(): FanOnCommand::execute():void | , Adaptee/Receiver: Light | Adapter/ConcreteCommand: LightOffCommand | Request()/Execute(): LightOffCommand::execute():void | , Adaptee/Receiver: Light | Adapter/ConcreteCommand: LightOnCommand | Request()/Execute(): LightOnCommand::execute():void | ]', 'C:\\Users\\Natasha Khan\\Downloads\\huston\\huston\\Command'),
(8, 74, '[Context: Switch | State/Strategy: Command | ]', 'C:\\Users\\Natasha Khan\\Downloads\\huston\\huston\\Command'),
(4, 75, '[Adaptee/Receiver: Fan | Adapter/ConcreteCommand: FanOffCommand | Request()/Execute(): FanOffCommand::execute():void | , Adaptee/Receiver: Fan | Adapter/ConcreteCommand: FanOnCommand | Request()/Execute(): FanOnCommand::execute():void | , Adaptee/Receiver: Light | Adapter/ConcreteCommand: LightOffCommand | Request()/Execute(): LightOffCommand::execute():void | , Adaptee/Receiver: Light | Adapter/ConcreteCommand: LightOnCommand | Request()/Execute(): LightOnCommand::execute():void | ]', 'C:\\Users\\Natasha Khan\\Downloads\\huston\\huston\\Command'),
(8, 76, '[Context: Switch | State/Strategy: Command | ]', 'C:\\Users\\Natasha Khan\\Downloads\\huston\\huston\\Command'),
(1, 77, '[Creator: Creator | FactoryMethod(): Creator::factoryMethod():Product | ]', 'C:\\Users\\Natasha Khan\\Downloads\\huston\\huston'),
(2, 78, '[Client: PrototypesModule | Prototype: Prototype | Operation(): PrototypesModule::findAndClone(java.lang.String):java.lang.Object | ]', 'C:\\Users\\Natasha Khan\\Downloads\\huston\\huston'),
(3, 79, '[Singleton: ClassicSingleton | uniqueInstance: private static ClassicSingleton instance | ]', 'C:\\Users\\Natasha Khan\\Downloads\\huston\\huston'),
(4, 80, '[Adaptee/Receiver: Fan | Adapter/ConcreteCommand: FanOffCommand | Request()/Execute(): FanOffCommand::execute():void | , Adaptee/Receiver: Fan | Adapter/ConcreteCommand: FanOnCommand | Request()/Execute(): FanOnCommand::execute():void | , Adaptee/Receiver: Light | Adapter/ConcreteCommand: LightOffCommand | Request()/Execute(): LightOffCommand::execute():void | , Adaptee/Receiver: Light | Adapter/ConcreteCommand: LightOnCommand | Request()/Execute(): LightOnCommand::execute():void | ]', 'C:\\Users\\Natasha Khan\\Downloads\\huston\\huston'),
(5, 81, '[Component: Entity | Composite: Box | Operation(): Box::traverse():void | , Component: Component | Composite: Composite | Operation(): Composite::traverse():void | Operation(): Composite::accept(Visitor):void | ]', 'C:\\Users\\Natasha Khan\\Downloads\\huston\\huston'),
(6, 82, '[Component: Widget | Decorator: Decorator | component: private Widget wid | Operation(): Decorator::draw():void | ]', 'C:\\Users\\Natasha Khan\\Downloads\\huston\\huston'),
(7, 83, '[Observer: Prototype | Subject: PrototypesModule | Notify(): PrototypesModule::findAndClone(java.lang.String):java.lang.Object | , Observer: AlarmListener | Subject: SensorSystem | Notify(): SensorSystem::soundTheAlarm():void | ]', 'C:\\Users\\Natasha Khan\\Downloads\\huston\\huston'),
(8, 84, '[Context: Switch | State/Strategy: Command | , Context: FSM | State/Strategy: State | , Context: PrototypesModule | State/Strategy: Prototype | , Context: StrategyDemo | State/Strategy: Strategy | ]', 'C:\\Users\\Natasha Khan\\Downloads\\huston\\huston'),
(9, 85, '[AbstractClass: Creator | TemplateMethod(): Creator::anOperation():void | , AbstractClass: TemplateMethod1 | TemplateMethod(): TemplateMethod1::solve():void | , AbstractClass: TemplateMethod2 | TemplateMethod(): TemplateMethod2::solve():void | , AbstractClass: Generalization | TemplateMethod(): Generalization::findSolution():void | , AbstractClass: Specialization | TemplateMethod(): Specialization::stepThr():void | ]', 'C:\\Users\\Natasha Khan\\Downloads\\huston\\huston'),
(10, 86, '[ConcreteElement: Composite | Visitor: Visitor | Accept(): Composite::accept(Visitor):void | , ConcreteElement: Leaf | Visitor: Visitor | Accept(): Leaf::accept(Visitor):void | ]', 'C:\\Users\\Natasha Khan\\Downloads\\huston\\huston'),
(11, 87, '[Proxy: ProxyImage | RealSubject: RealImage | Request(): ProxyImage::displayImage():void | ]', 'C:\\Users\\Natasha Khan\\Downloads\\huston\\huston'),
(4, 88, '[Adaptee/Receiver: Fan | Adapter/ConcreteCommand: FanOffCommand | Request()/Execute(): FanOffCommand::execute():void | , Adaptee/Receiver: Fan | Adapter/ConcreteCommand: FanOnCommand | Request()/Execute(): FanOnCommand::execute():void | , Adaptee/Receiver: Light | Adapter/ConcreteCommand: LightOffCommand | Request()/Execute(): LightOffCommand::execute():void | , Adaptee/Receiver: Light | Adapter/ConcreteCommand: LightOnCommand | Request()/Execute(): LightOnCommand::execute():void | ]', 'C:\\Users\\Natasha Khan\\Downloads\\huston\\huston\\Command'),
(4, 89, '[Adaptee/Receiver: Fan | Adapter/ConcreteCommand: FanOffCommand | Request()/Execute(): FanOffCommand::execute():void | , Adaptee/Receiver: Fan | Adapter/ConcreteCommand: FanOnCommand | Request()/Execute(): FanOnCommand::execute():void | , Adaptee/Receiver: Light | Adapter/ConcreteCommand: LightOffCommand | Request()/Execute(): LightOffCommand::execute():void | , Adaptee/Receiver: Light | Adapter/ConcreteCommand: LightOnCommand | Request()/Execute(): LightOnCommand::execute():void | ]', 'C:\\Users\\Natasha Khan\\Downloads\\huston\\huston\\Command'),
(8, 90, '[Context: Switch | State/Strategy: Command | ]', 'C:\\Users\\Natasha Khan\\Downloads\\huston\\huston\\Command'),
(1, 91, '[Creator: Creator | FactoryMethod(): Creator::factoryMethod():Product | ]', 'C:\\Users\\Natasha Khan\\Downloads\\huston'),
(2, 92, '[Client: PrototypesModule | Prototype: Prototype | Operation(): PrototypesModule::findAndClone(java.lang.String):java.lang.Object | ]', 'C:\\Users\\Natasha Khan\\Downloads\\huston'),
(3, 93, '[Singleton: ClassicSingleton | uniqueInstance: private static ClassicSingleton instance | ]', 'C:\\Users\\Natasha Khan\\Downloads\\huston'),
(4, 94, '[Adaptee/Receiver: Fan | Adapter/ConcreteCommand: FanOffCommand | Request()/Execute(): FanOffCommand::execute():void | , Adaptee/Receiver: Fan | Adapter/ConcreteCommand: FanOnCommand | Request()/Execute(): FanOnCommand::execute():void | , Adaptee/Receiver: Light | Adapter/ConcreteCommand: LightOffCommand | Request()/Execute(): LightOffCommand::execute():void | , Adaptee/Receiver: Light | Adapter/ConcreteCommand: LightOnCommand | Request()/Execute(): LightOnCommand::execute():void | ]', 'C:\\Users\\Natasha Khan\\Downloads\\huston'),
(5, 95, '[Component: Entity | Composite: Box | Operation(): Box::traverse():void | , Component: Component | Composite: Composite | Operation(): Composite::traverse():void | Operation(): Composite::accept(Visitor):void | ]', 'C:\\Users\\Natasha Khan\\Downloads\\huston'),
(6, 96, '[Component: Widget | Decorator: Decorator | component: private Widget wid | Operation(): Decorator::draw():void | ]', 'C:\\Users\\Natasha Khan\\Downloads\\huston'),
(7, 97, '[Observer: Prototype | Subject: PrototypesModule | Notify(): PrototypesModule::findAndClone(java.lang.String):java.lang.Object | , Observer: AlarmListener | Subject: SensorSystem | Notify(): SensorSystem::soundTheAlarm():void | ]', 'C:\\Users\\Natasha Khan\\Downloads\\huston'),
(8, 98, '[Context: Switch | State/Strategy: Command | , Context: FSM | State/Strategy: State | , Context: PrototypesModule | State/Strategy: Prototype | , Context: StrategyDemo | State/Strategy: Strategy | ]', 'C:\\Users\\Natasha Khan\\Downloads\\huston'),
(9, 99, '[AbstractClass: Creator | TemplateMethod(): Creator::anOperation():void | , AbstractClass: TemplateMethod1 | TemplateMethod(): TemplateMethod1::solve():void | , AbstractClass: TemplateMethod2 | TemplateMethod(): TemplateMethod2::solve():void | , AbstractClass: Generalization | TemplateMethod(): Generalization::findSolution():void | , AbstractClass: Specialization | TemplateMethod(): Specialization::stepThr():void | ]', 'C:\\Users\\Natasha Khan\\Downloads\\huston'),
(10, 100, '[ConcreteElement: Composite | Visitor: Visitor | Accept(): Composite::accept(Visitor):void | , ConcreteElement: Leaf | Visitor: Visitor | Accept(): Leaf::accept(Visitor):void | ]', 'C:\\Users\\Natasha Khan\\Downloads\\huston'),
(11, 101, '[Proxy: ProxyImage | RealSubject: RealImage | Request(): ProxyImage::displayImage():void | ]', 'C:\\Users\\Natasha Khan\\Downloads\\huston'),
(1, 102, '[Creator: Creator | FactoryMethod(): Creator::factoryMethod():Product | ]', 'C:\\Users\\Natasha Khan\\Downloads\\huston\\huston'),
(2, 103, '[Client: PrototypesModule | Prototype: Prototype | Operation(): PrototypesModule::findAndClone(java.lang.String):java.lang.Object | ]', 'C:\\Users\\Natasha Khan\\Downloads\\huston\\huston'),
(3, 104, '[Singleton: ClassicSingleton | uniqueInstance: private static ClassicSingleton instance | ]', 'C:\\Users\\Natasha Khan\\Downloads\\huston\\huston'),
(4, 105, '[Adaptee/Receiver: Fan | Adapter/ConcreteCommand: FanOffCommand | Request()/Execute(): FanOffCommand::execute():void | , Adaptee/Receiver: Fan | Adapter/ConcreteCommand: FanOnCommand | Request()/Execute(): FanOnCommand::execute():void | , Adaptee/Receiver: Light | Adapter/ConcreteCommand: LightOffCommand | Request()/Execute(): LightOffCommand::execute():void | , Adaptee/Receiver: Light | Adapter/ConcreteCommand: LightOnCommand | Request()/Execute(): LightOnCommand::execute():void | ]', 'C:\\Users\\Natasha Khan\\Downloads\\huston\\huston'),
(5, 106, '[Component: Entity | Composite: Box | Operation(): Box::traverse():void | , Component: Component | Composite: Composite | Operation(): Composite::traverse():void | Operation(): Composite::accept(Visitor):void | ]', 'C:\\Users\\Natasha Khan\\Downloads\\huston\\huston'),
(6, 107, '[Component: Widget | Decorator: Decorator | component: private Widget wid | Operation(): Decorator::draw():void | ]', 'C:\\Users\\Natasha Khan\\Downloads\\huston\\huston'),
(7, 108, '[Observer: Prototype | Subject: PrototypesModule | Notify(): PrototypesModule::findAndClone(java.lang.String):java.lang.Object | , Observer: AlarmListener | Subject: SensorSystem | Notify(): SensorSystem::soundTheAlarm():void | ]', 'C:\\Users\\Natasha Khan\\Downloads\\huston\\huston'),
(8, 109, '[Context: Switch | State/Strategy: Command | , Context: FSM | State/Strategy: State | , Context: PrototypesModule | State/Strategy: Prototype | , Context: StrategyDemo | State/Strategy: Strategy | ]', 'C:\\Users\\Natasha Khan\\Downloads\\huston\\huston'),
(9, 110, '[AbstractClass: Creator | TemplateMethod(): Creator::anOperation():void | , AbstractClass: TemplateMethod1 | TemplateMethod(): TemplateMethod1::solve():void | , AbstractClass: TemplateMethod2 | TemplateMethod(): TemplateMethod2::solve():void | , AbstractClass: Generalization | TemplateMethod(): Generalization::findSolution():void | , AbstractClass: Specialization | TemplateMethod(): Specialization::stepThr():void | ]', 'C:\\Users\\Natasha Khan\\Downloads\\huston\\huston'),
(10, 111, '[ConcreteElement: Composite | Visitor: Visitor | Accept(): Composite::accept(Visitor):void | , ConcreteElement: Leaf | Visitor: Visitor | Accept(): Leaf::accept(Visitor):void | ]', 'C:\\Users\\Natasha Khan\\Downloads\\huston\\huston'),
(11, 112, '[Proxy: ProxyImage | RealSubject: RealImage | Request(): ProxyImage::displayImage():void | ]', 'C:\\Users\\Natasha Khan\\Downloads\\huston\\huston'),
(1, 113, '[Creator: Creator | FactoryMethod(): Creator::factoryMethod():Product | ]', 'C:\\Users\\Natasha Khan\\Downloads\\huston\\huston'),
(2, 114, '[Client: PrototypesModule | Prototype: Prototype | Operation(): PrototypesModule::findAndClone(java.lang.String):java.lang.Object | ]', 'C:\\Users\\Natasha Khan\\Downloads\\huston\\huston'),
(3, 115, '[Singleton: ClassicSingleton | uniqueInstance: private static ClassicSingleton instance | ]', 'C:\\Users\\Natasha Khan\\Downloads\\huston\\huston'),
(4, 116, '[Adaptee/Receiver: Fan | Adapter/ConcreteCommand: FanOffCommand | Request()/Execute(): FanOffCommand::execute():void | , Adaptee/Receiver: Fan | Adapter/ConcreteCommand: FanOnCommand | Request()/Execute(): FanOnCommand::execute():void | , Adaptee/Receiver: Light | Adapter/ConcreteCommand: LightOffCommand | Request()/Execute(): LightOffCommand::execute():void | , Adaptee/Receiver: Light | Adapter/ConcreteCommand: LightOnCommand | Request()/Execute(): LightOnCommand::execute():void | ]', 'C:\\Users\\Natasha Khan\\Downloads\\huston\\huston'),
(5, 117, '[Component: Entity | Composite: Box | Operation(): Box::traverse():void | , Component: Component | Composite: Composite | Operation(): Composite::traverse():void | Operation(): Composite::accept(Visitor):void | ]', 'C:\\Users\\Natasha Khan\\Downloads\\huston\\huston'),
(6, 118, '[Component: Widget | Decorator: Decorator | component: private Widget wid | Operation(): Decorator::draw():void | ]', 'C:\\Users\\Natasha Khan\\Downloads\\huston\\huston'),
(7, 119, '[Observer: Prototype | Subject: PrototypesModule | Notify(): PrototypesModule::findAndClone(java.lang.String):java.lang.Object | , Observer: AlarmListener | Subject: SensorSystem | Notify(): SensorSystem::soundTheAlarm():void | ]', 'C:\\Users\\Natasha Khan\\Downloads\\huston\\huston'),
(8, 120, '[Context: Switch | State/Strategy: Command | , Context: FSM | State/Strategy: State | , Context: PrototypesModule | State/Strategy: Prototype | , Context: StrategyDemo | State/Strategy: Strategy | ]', 'C:\\Users\\Natasha Khan\\Downloads\\huston\\huston'),
(9, 121, '[AbstractClass: Creator | TemplateMethod(): Creator::anOperation():void | , AbstractClass: TemplateMethod1 | TemplateMethod(): TemplateMethod1::solve():void | , AbstractClass: TemplateMethod2 | TemplateMethod(): TemplateMethod2::solve():void | , AbstractClass: Generalization | TemplateMethod(): Generalization::findSolution():void | , AbstractClass: Specialization | TemplateMethod(): Specialization::stepThr():void | ]', 'C:\\Users\\Natasha Khan\\Downloads\\huston\\huston'),
(10, 122, '[ConcreteElement: Composite | Visitor: Visitor | Accept(): Composite::accept(Visitor):void | , ConcreteElement: Leaf | Visitor: Visitor | Accept(): Leaf::accept(Visitor):void | ]', 'C:\\Users\\Natasha Khan\\Downloads\\huston\\huston'),
(11, 123, '[Proxy: ProxyImage | RealSubject: RealImage | Request(): ProxyImage::displayImage():void | ]', 'C:\\Users\\Natasha Khan\\Downloads\\huston\\huston'),
(1, 124, '[Creator: Creator | FactoryMethod(): Creator::factoryMethod():Product | ]', 'C:\\Users\\Natasha Khan\\Downloads\\huston\\huston'),
(2, 125, '[Client: PrototypesModule | Prototype: Prototype | Operation(): PrototypesModule::findAndClone(java.lang.String):java.lang.Object | ]', 'C:\\Users\\Natasha Khan\\Downloads\\huston\\huston'),
(3, 126, '[Singleton: ClassicSingleton | uniqueInstance: private static ClassicSingleton instance | ]', 'C:\\Users\\Natasha Khan\\Downloads\\huston\\huston'),
(4, 127, '[Adaptee/Receiver: Fan | Adapter/ConcreteCommand: FanOffCommand | Request()/Execute(): FanOffCommand::execute():void | , Adaptee/Receiver: Fan | Adapter/ConcreteCommand: FanOnCommand | Request()/Execute(): FanOnCommand::execute():void | , Adaptee/Receiver: Light | Adapter/ConcreteCommand: LightOffCommand | Request()/Execute(): LightOffCommand::execute():void | , Adaptee/Receiver: Light | Adapter/ConcreteCommand: LightOnCommand | Request()/Execute(): LightOnCommand::execute():void | ]', 'C:\\Users\\Natasha Khan\\Downloads\\huston\\huston'),
(5, 128, '[Component: Entity | Composite: Box | Operation(): Box::traverse():void | , Component: Component | Composite: Composite | Operation(): Composite::traverse():void | Operation(): Composite::accept(Visitor):void | ]', 'C:\\Users\\Natasha Khan\\Downloads\\huston\\huston'),
(6, 129, '[Component: Widget | Decorator: Decorator | component: private Widget wid | Operation(): Decorator::draw():void | ]', 'C:\\Users\\Natasha Khan\\Downloads\\huston\\huston'),
(7, 130, '[Observer: Prototype | Subject: PrototypesModule | Notify(): PrototypesModule::findAndClone(java.lang.String):java.lang.Object | , Observer: AlarmListener | Subject: SensorSystem | Notify(): SensorSystem::soundTheAlarm():void | ]', 'C:\\Users\\Natasha Khan\\Downloads\\huston\\huston'),
(8, 131, '[Context: Switch | State/Strategy: Command | , Context: FSM | State/Strategy: State | , Context: PrototypesModule | State/Strategy: Prototype | , Context: StrategyDemo | State/Strategy: Strategy | ]', 'C:\\Users\\Natasha Khan\\Downloads\\huston\\huston'),
(9, 132, '[AbstractClass: Creator | TemplateMethod(): Creator::anOperation():void | , AbstractClass: TemplateMethod1 | TemplateMethod(): TemplateMethod1::solve():void | , AbstractClass: TemplateMethod2 | TemplateMethod(): TemplateMethod2::solve():void | , AbstractClass: Generalization | TemplateMethod(): Generalization::findSolution():void | , AbstractClass: Specialization | TemplateMethod(): Specialization::stepThr():void | ]', 'C:\\Users\\Natasha Khan\\Downloads\\huston\\huston'),
(10, 133, '[ConcreteElement: Composite | Visitor: Visitor | Accept(): Composite::accept(Visitor):void | , ConcreteElement: Leaf | Visitor: Visitor | Accept(): Leaf::accept(Visitor):void | ]', 'C:\\Users\\Natasha Khan\\Downloads\\huston\\huston'),
(11, 134, '[Proxy: ProxyImage | RealSubject: RealImage | Request(): ProxyImage::displayImage():void | ]', 'C:\\Users\\Natasha Khan\\Downloads\\huston\\huston'),
(1, 135, '[Creator: Creator | FactoryMethod(): Creator::factoryMethod():Product | ]', 'C:\\Users\\Natasha Khan\\Documents'),
(2, 136, '[Client: PrototypesModule | Prototype: Prototype | Operation(): PrototypesModule::findAndClone(java.lang.String):java.lang.Object | ]', 'C:\\Users\\Natasha Khan\\Documents'),
(3, 137, '[Singleton: ClassicSingleton | uniqueInstance: private static ClassicSingleton instance | ]', 'C:\\Users\\Natasha Khan\\Documents'),
(4, 138, '[Adaptee/Receiver: Fan | Adapter/ConcreteCommand: FanOffCommand | Request()/Execute(): FanOffCommand::execute():void | , Adaptee/Receiver: Fan | Adapter/ConcreteCommand: FanOnCommand | Request()/Execute(): FanOnCommand::execute():void | , Adaptee/Receiver: Light | Adapter/ConcreteCommand: LightOffCommand | Request()/Execute(): LightOffCommand::execute():void | , Adaptee/Receiver: Light | Adapter/ConcreteCommand: LightOnCommand | Request()/Execute(): LightOnCommand::execute():void | ]', 'C:\\Users\\Natasha Khan\\Documents'),
(5, 139, '[Component: Entity | Composite: Box | Operation(): Box::traverse():void | , Component: Component | Composite: Composite | Operation(): Composite::traverse():void | Operation(): Composite::accept(Visitor):void | ]', 'C:\\Users\\Natasha Khan\\Documents'),
(6, 140, '[Component: Widget | Decorator: Decorator | component: private Widget wid | Operation(): Decorator::draw():void | ]', 'C:\\Users\\Natasha Khan\\Documents'),
(7, 141, '[Observer: Prototype | Subject: PrototypesModule | Notify(): PrototypesModule::findAndClone(java.lang.String):java.lang.Object | , Observer: AlarmListener | Subject: SensorSystem | Notify(): SensorSystem::soundTheAlarm():void | ]', 'C:\\Users\\Natasha Khan\\Documents'),
(8, 142, '[Context: Switch | State/Strategy: Command | , Context: FSM | State/Strategy: State | , Context: PrototypesModule | State/Strategy: Prototype | , Context: StrategyDemo | State/Strategy: Strategy | ]', 'C:\\Users\\Natasha Khan\\Documents'),
(9, 143, '[AbstractClass: Creator | TemplateMethod(): Creator::anOperation():void | , AbstractClass: TemplateMethod1 | TemplateMethod(): TemplateMethod1::solve():void | , AbstractClass: TemplateMethod2 | TemplateMethod(): TemplateMethod2::solve():void | , AbstractClass: Generalization | TemplateMethod(): Generalization::findSolution():void | , AbstractClass: Specialization | TemplateMethod(): Specialization::stepThr():void | ]', 'C:\\Users\\Natasha Khan\\Documents'),
(10, 144, '[ConcreteElement: Composite | Visitor: Visitor | Accept(): Composite::accept(Visitor):void | , ConcreteElement: Leaf | Visitor: Visitor | Accept(): Leaf::accept(Visitor):void | ]', 'C:\\Users\\Natasha Khan\\Documents'),
(11, 145, '[Proxy: ProxyImage | RealSubject: RealImage | Request(): ProxyImage::displayImage():void | ]', 'C:\\Users\\Natasha Khan\\Documents'),
(4, 146, '[Adaptee/Receiver: com.javapapers.designpattern.command.ConsumerElectronics | Adapter/ConcreteCommand: com.javapapers.designpattern.command.OnCommand | Request()/Execute(): com.javapapers.designpattern.command.OnCommand::execute():void | ]', 'C:\\Users\\Natasha Khan\\Documents\\CommandPattern'),
(8, 147, '[Context: com.javapapers.designpattern.command.Button | State/Strategy: com.javapapers.designpattern.command.Command | , Context: com.javapapers.designpattern.command.OnCommand | State/Strategy: com.javapapers.designpattern.command.ConsumerElectronics | ]', 'C:\\Users\\Natasha Khan\\Documents\\CommandPattern'),
(5, 148, '[Component: org.arpit.javapostsforlearning.designpatterns.Employee | Composite: org.arpit.javapostsforlearning.designpatterns.Manager | Operation(): org.arpit.javapostsforlearning.designpatterns.Manager::print():void | ]', 'C:\\Users\\Natasha Khan\\Documents\\CompositePattern'),
(4, 149, '[Adaptee/Receiver: com.javapapers.designpattern.command.ConsumerElectronics | Adapter/ConcreteCommand: com.javapapers.designpattern.command.OnCommand | Request()/Execute(): com.javapapers.designpattern.command.OnCommand::execute():void | ]', 'C:\\Users\\Natasha Khan\\Documents\\CommandPattern'),
(4, 150, '[Adaptee/Receiver: com.javapapers.designpattern.command.ConsumerElectronics | Adapter/ConcreteCommand: com.javapapers.designpattern.command.OnCommand | Request()/Execute(): com.javapapers.designpattern.command.OnCommand::execute():void | ]', 'C:\\Users\\Natasha Khan\\Documents\\CommandPattern'),
(8, 151, '[Context: com.javapapers.designpattern.command.Button | State/Strategy: com.javapapers.designpattern.command.Command | , Context: com.javapapers.designpattern.command.OnCommand | State/Strategy: com.javapapers.designpattern.command.ConsumerElectronics | ]', 'C:\\Users\\Natasha Khan\\Documents\\CommandPattern'),
(4, 152, '[Adaptee/Receiver: com.javapapers.designpattern.command.ConsumerElectronics | Adapter/ConcreteCommand: com.javapapers.designpattern.command.OnCommand | Request()/Execute(): com.javapapers.designpattern.command.OnCommand::execute():void | ]', 'C:\\Users\\Natasha Khan\\Documents\\CommandPattern'),
(8, 153, '[Context: com.javapapers.designpattern.command.Button | State/Strategy: com.javapapers.designpattern.command.Command | , Context: com.javapapers.designpattern.command.OnCommand | State/Strategy: com.javapapers.designpattern.command.ConsumerElectronics | ]', 'C:\\Users\\Natasha Khan\\Documents\\CommandPattern'),
(4, 154, '[Adaptee/Receiver: com.javapapers.designpattern.command.ConsumerElectronics | Adapter/ConcreteCommand: com.javapapers.designpattern.command.OnCommand | Request()/Execute(): com.javapapers.designpattern.command.OnCommand::execute():void | ]', 'C:\\Users\\Natasha Khan\\Documents\\CommandPattern'),
(8, 155, '[Context: com.javapapers.designpattern.command.Button | State/Strategy: com.javapapers.designpattern.command.Command | , Context: com.javapapers.designpattern.command.OnCommand | State/Strategy: com.javapapers.designpattern.command.ConsumerElectronics | ]', 'C:\\Users\\Natasha Khan\\Documents\\CommandPattern'),
(4, 156, '[Adaptee/Receiver: com.javapapers.designpattern.command.ConsumerElectronics | Adapter/ConcreteCommand: com.javapapers.designpattern.command.OnCommand | Request()/Execute(): com.javapapers.designpattern.command.OnCommand::execute():void | ]', 'C:\\Users\\Natasha Khan\\Documents\\CommandPattern'),
(8, 157, '[Context: com.javapapers.designpattern.command.Button | State/Strategy: com.javapapers.designpattern.command.Command | , Context: com.javapapers.designpattern.command.OnCommand | State/Strategy: com.javapapers.designpattern.command.ConsumerElectronics | ]', 'C:\\Users\\Natasha Khan\\Documents\\CommandPattern'),
(5, 158, '[Component: org.arpit.javapostsforlearning.designpatterns.Employee | Composite: org.arpit.javapostsforlearning.designpatterns.Manager | Operation(): org.arpit.javapostsforlearning.designpatterns.Manager::print():void | ]', 'C:\\Users\\Natasha Khan\\Documents\\CompositePattern'),
(3, 159, '[Singleton: com.javacodegeeks.patterns.singletonpattern.Singleton | uniqueInstance: private static com.javacodegeeks.patterns.singletonpattern.Singleton sc | , Singleton: com.javacodegeeks.patterns.singletonpattern.SingletonEager | uniqueInstance: private static com.javacodegeeks.patterns.singletonpattern.SingletonEager sc | , Singleton: com.javacodegeeks.patterns.singletonpattern.SingletoneEnum$SingleEnum | uniqueInstance: public static com.javacodegeeks.patterns.singletonpattern.SingletoneEnum$SingleEnum SINGLETON_ENUM | , Singleton: com.javacodegeeks.patterns.singletonpattern.SingletonLazy | uniqueInstance: private static com.javacodegeeks.patterns.singletonpattern.SingletonLazy sc | , Singleton: com.javacodegeeks.patterns.singletonpattern.SingletonLazyDoubleCheck | uniqueInstance: private static com.javacodegeeks.patterns.singletonpattern.SingletonLazyDoubleCheck sc | , Singleton: com.javacodegeeks.patterns.singletonpattern.SingletonLazyMultithreaded | uniqueInstance: private static com.javacodegeeks.patterns.singletonpattern.SingletonLazyMultithreaded sc | ]', 'C:\\Users\\Natasha Khan\\Downloads\\SingletonPattern-Project'),
(4, 160, '[Adaptee/Receiver: marsrover.DataObserver.sensorData | Adapter/ConcreteCommand: marsrover.DataObserver.REMS | Request()/Execute(): marsrover.DataObserver.REMS::updateSensorData(marsrover.DataObserver.sensorData):void | , Adapter/ConcreteCommand: marsrover.Command.MoveBackwardCommand | Adaptee/Receiver: marsrover.Command.Operations | Request()/Execute(): marsrover.Command.MoveBackwardCommand::execute():void | , Adapter/ConcreteCommand: marsrover.Command.MoveForwardCommand | Adaptee/Receiver: marsrover.Command.Operations | Request()/Execute(): marsrover.Command.MoveForwardCommand::execute():void | , Adapter/ConcreteCommand: marsrover.Command.RotateLeftCommand | Adaptee/Receiver: marsrover.Command.Operations | Request()/Execute(): marsrover.Command.RotateLeftCommand::execute():void | , Adapter/ConcreteCommand: marsrover.Command.RotateRightCommand | Adaptee/Receiver: marsrover.Command.Operations | Request()/Execute(): marsrover.Command.RotateRightCommand::execute():void | , Adapter/ConcreteCommand: marsrover.Command.TakePictureCommand | Adaptee/Receiver: marsrover.Command.Operations | Request()/Execute(): marsrover.Command.TakePictureCommand::execute():void | , Adapter/ConcreteCommand: marsrover.Command.TakeSampleCommand | Adaptee/Receiver: marsrover.Command.Operations | Request()/Execute(): marsrover.Command.TakeSampleCommand::execute():void | , Adaptee/Receiver: marsrover.DataObserver.Subject | Adapter/ConcreteCommand: marsrover.DataObserver.Earth | Request()/Execute(): marsrover.DataObserver.Earth::update():void | , Adaptee/Receiver: marsrover.Observer.Camera | Adapter/ConcreteCommand: marsrover.Observer.Rover | Request()/Execute(): marsrover.Observer.Rover::update():void | ]', 'C:\\Users\\Natasha Khan\\Dropbox\\Reaserch Project\\DPA2 201511190118\\DPA2\\DPA2'),
(6, 161, '[Component: marsrover.Decorator.Rover | Decorator: marsrover.Decorator.ExplorationActivity | component: protected marsrover.Decorator.Rover marsRover | ]', 'C:\\Users\\Natasha Khan\\Dropbox\\Reaserch Project\\DPA2 201511190118\\DPA2\\DPA2'),
(7, 162, '[Observer: marsrover.DataObserver.Observer | Subject: marsrover.DataObserver.REMS | Notify(): marsrover.DataObserver.REMS::notifyObservers():void | , Observer: marsrover.Observer.Observer | Subject: marsrover.Observer.Camera | Notify(): marsrover.Observer.Camera::notifyObserver():void | ]', 'C:\\Users\\Natasha Khan\\Dropbox\\Reaserch Project\\DPA2 201511190118\\DPA2\\DPA2'),
(8, 163, '[Context: marsrover.Command.RemoteControl | State/Strategy: marsrover.Command.Command | , Context: marsrover.Command.MoveBackwardCommand | State/Strategy: marsrover.Command.Operations | , Context: marsrover.Command.MoveForwardCommand | State/Strategy: marsrover.Command.Operations | , Context: marsrover.Command.RotateLeftCommand | State/Strategy: marsrover.Command.Operations | , Context: marsrover.Command.RotateRightCommand | State/Strategy: marsrover.Command.Operations | , Context: marsrover.Command.TakePictureCommand | State/Strategy: marsrover.Command.Operations | , Context: marsrover.Command.TakeSampleCommand | State/Strategy: marsrover.Command.Operations | , Context: marsrover.DataObserver.Earth | State/Strategy: marsrover.DataObserver.Subject | , Context: marsrover.Strategy.RoverSoftware | State/Strategy: marsrover.Strategy.RoverBehavior | ]', 'C:\\Users\\Natasha Khan\\Dropbox\\Reaserch Project\\DPA2 201511190118\\DPA2\\DPA2'),
(9, 164, '[AbstractClass: marsrover.ChainOfResponsibility.AbstractAnalysis | TemplateMethod(): marsrover.ChainOfResponsibility.AbstractAnalysis::AnalyzeSpecimen(boolean):void | ]', 'C:\\Users\\Natasha Khan\\Dropbox\\Reaserch Project\\DPA2 201511190118\\DPA2\\DPA2'),
(4, 165, '[Adaptee/Receiver: com.javapapers.designpattern.command.ConsumerElectronics | Adapter/ConcreteCommand: com.javapapers.designpattern.command.OnCommand | Request()/Execute(): com.javapapers.designpattern.command.OnCommand::execute():void | ]', 'C:\\Users\\Natasha Khan\\Documents\\CommandPattern'),
(8, 166, '[Context: com.javapapers.designpattern.command.Button | State/Strategy: com.javapapers.designpattern.command.Command | , Context: com.javapapers.designpattern.command.OnCommand | State/Strategy: com.javapapers.designpattern.command.ConsumerElectronics | ]', 'C:\\Users\\Natasha Khan\\Documents\\CommandPattern'),
(4, 167, '[Adaptee/Receiver: com.javapapers.designpattern.command.ConsumerElectronics | Adapter/ConcreteCommand: com.javapapers.designpattern.command.OnCommand | Request()/Execute(): com.javapapers.designpattern.command.OnCommand::execute():void | ]', 'C:\\Users\\Natasha Khan\\Documents\\CommandPattern'),
(8, 168, '[Context: com.javapapers.designpattern.command.Button | State/Strategy: com.javapapers.designpattern.command.Command | , Context: com.javapapers.designpattern.command.OnCommand | State/Strategy: com.javapapers.designpattern.command.ConsumerElectronics | ]', 'C:\\Users\\Natasha Khan\\Documents\\CommandPattern'),
(5, 169, '[Component: org.arpit.javapostsforlearning.designpatterns.Employee | Composite: org.arpit.javapostsforlearning.designpatterns.Manager | Operation(): org.arpit.javapostsforlearning.designpatterns.Manager::print():void | ]', 'C:\\Users\\Natasha Khan\\Documents\\CompositePattern');

-- --------------------------------------------------------

--
-- Table structure for table `patterns`
--

CREATE TABLE `patterns` (
  `name` text NOT NULL,
  `patternID` int(11) NOT NULL
) ENGINE=InnoDB DEFAULT CHARSET=latin1;

--
-- Dumping data for table `patterns`
--

INSERT INTO `patterns` (`name`, `patternID`) VALUES
('Factory Method', 1),
('Prototype', 2),
('Singleton', 3),
('(Object)Adapter-Command', 4),
('Composite', 5),
('Decorator', 6),
('Observer', 7),
('State-Strategy', 8),
('Template Method', 9),
('Visitor', 10),
('Proxy', 11),
('Proxy2', 12);

--
-- Indexes for dumped tables
--

--
-- Indexes for table `classnames`
--
ALTER TABLE `classnames`
  ADD KEY `className` (`className`),
  ADD KEY `elementName` (`roleName`),
  ADD KEY `className_2` (`className`),
  ADD KEY `className_3` (`className`),
  ADD KEY `ID_2` (`roleName`,`className`);

--
-- Indexes for table `file_directory`
--
ALTER TABLE `file_directory`
  ADD PRIMARY KEY (`ID`);

--
-- Indexes for table `lookupwords`
--
ALTER TABLE `lookupwords`
  ADD PRIMARY KEY (`WordId`);

--
-- Indexes for table `methodnames`
--
ALTER TABLE `methodnames`
  ADD KEY `methodName` (`methodName`),
  ADD KEY `rollName_2` (`roleName`);
ALTER TABLE `methodnames` ADD FULLTEXT KEY `rollName` (`roleName`,`methodName`);

--
-- Indexes for table `patterninstance`
--
ALTER TABLE `patterninstance`
  ADD PRIMARY KEY (`patternInstanceID`);

--
-- Indexes for table `patterns`
--
ALTER TABLE `patterns`
  ADD PRIMARY KEY (`patternID`),
  ADD UNIQUE KEY `patternID` (`patternID`);

--
-- AUTO_INCREMENT for dumped tables
--

--
-- AUTO_INCREMENT for table `file_directory`
--
ALTER TABLE `file_directory`
  MODIFY `ID` int(100) NOT NULL AUTO_INCREMENT, AUTO_INCREMENT=104;
--
-- AUTO_INCREMENT for table `lookupwords`
--
ALTER TABLE `lookupwords`
  MODIFY `WordId` int(11) NOT NULL AUTO_INCREMENT, AUTO_INCREMENT=133;
--
-- AUTO_INCREMENT for table `patterninstance`
--
ALTER TABLE `patterninstance`
  MODIFY `patternInstanceID` int(100) NOT NULL AUTO_INCREMENT, AUTO_INCREMENT=170;
--
-- AUTO_INCREMENT for table `patterns`
--
ALTER TABLE `patterns`
  MODIFY `patternID` int(11) NOT NULL AUTO_INCREMENT, AUTO_INCREMENT=13;
/*!40101 SET CHARACTER_SET_CLIENT=@OLD_CHARACTER_SET_CLIENT */;
/*!40101 SET CHARACTER_SET_RESULTS=@OLD_CHARACTER_SET_RESULTS */;
/*!40101 SET COLLATION_CONNECTION=@OLD_COLLATION_CONNECTION */;
